j1, j3, j2, j4, Eigenvalue1, Eigenvalue2, e3, e4, First Eigenvector Comp 1, First Eigenvector Comp 2
-1.00000, 0.00000, -1.00000, -1.00000, -1.00000, -0.00000, -0.36603, 1.36603, -0.86603, -0.50000
-1.00000, 0.00000, -1.00000, -0.90000, -1.00000, -0.00000, -0.27942, 1.27942, -0.86603, -0.50000
-1.00000, 0.00000, -1.00000, -0.80000, -1.00000, -0.00000, -0.19282, 1.19282, -0.86603, -0.50000
-1.00000, 0.00000, -1.00000, -0.70000, -1.00000, -0.00000, -0.10622, 1.10622, -0.86603, -0.50000
-1.00000, 0.00000, -1.00000, -0.60000, -1.00000, -0.00000, -0.01962, 1.01962, -0.86603, -0.50000
-1.00000, 0.00000, -1.00000, -0.50000, -1.00000, -0.00000, 0.06699, 0.93301, -0.86603, -0.50000
-1.00000, 0.00000, -1.00000, -0.40000, -1.00000, -0.00000, 0.15359, 0.84641, -0.86603, -0.50000
-1.00000, 0.00000, -1.00000, -0.30000, -1.00000, -0.00000, 0.24019, 0.75981, -0.86603, -0.50000
-1.00000, 0.00000, -1.00000, -0.20000, -1.00000, -0.00000, 0.32679, 0.67321, -0.86603, -0.50000
-1.00000, 0.00000, -1.00000, -0.10000, -1.00000, -0.00000, 0.41340, 0.58660, -0.86603, -0.50000
-1.00000, 0.00000, -1.00000, -0.00000, -1.00000, -0.00000, 0.50000, 0.50000, -0.86603, -0.50000
-1.00000, 0.00000, -1.00000, 0.10000, -1.00000, -0.00000, 0.58660, 0.41340, -0.86603, -0.50000
-1.00000, 0.00000, -1.00000, 0.20000, -1.00000, -0.00000, 0.67321, 0.32679, -0.86603, -0.50000
-1.00000, 0.00000, -1.00000, 0.30000, -1.00000, -0.00000, 0.75981, 0.24019, -0.86603, -0.50000
-1.00000, 0.00000, -1.00000, 0.40000, -1.00000, -0.00000, 0.84641, 0.15359, -0.86603, -0.50000
-1.00000, 0.00000, -1.00000, 0.50000, -1.00000, -0.00000, 0.93301, 0.06699, -0.86603, -0.50000
-1.00000, 0.00000, -1.00000, 0.60000, -1.00000, -0.00000, 1.01962, -0.01962, -0.86603, -0.50000
-1.00000, 0.00000, -1.00000, 0.70000, -1.00000, -0.00000, 1.10622, -0.10622, -0.86603, -0.50000
-1.00000, 0.00000, -1.00000, 0.80000, -1.00000, -0.00000, 1.19282, -0.19282, -0.86603, -0.50000
-1.00000, 0.00000, -1.00000, 0.90000, -1.00000, -0.00000, 1.27942, -0.27942, -0.86603, -0.50000
-1.00000, 0.00000, -0.90000, -1.00000, -0.95197, 0.00197, -0.39103, 1.34103, -0.88785, -0.46013
-1.00000, 0.00000, -0.90000, -0.90000, -0.95197, 0.00197, -0.30442, 1.25442, -0.88785, -0.46013
-1.00000, 0.00000, -0.90000, -0.80000, -0.95197, 0.00197, -0.21782, 1.16782, -0.88785, -0.46013
-1.00000, 0.00000, -0.90000, -0.70000, -0.95197, 0.00197, -0.13122, 1.08122, -0.88785, -0.46013
-1.00000, 0.00000, -0.90000, -0.60000, -0.95197, 0.00197, -0.04462, 0.99462, -0.88785, -0.46013
-1.00000, 0.00000, -0.90000, -0.50000, -0.95197, 0.00197, 0.04199, 0.90801, -0.88785, -0.46013
-1.00000, 0.00000, -0.90000, -0.40000, -0.95197, 0.00197, 0.12859, 0.82141, -0.88785, -0.46013
-1.00000, 0.00000, -0.90000, -0.30000, -0.95197, 0.00197, 0.21519, 0.73481, -0.88785, -0.46013
-1.00000, 0.00000, -0.90000, -0.20000, -0.95197, 0.00197, 0.30179, 0.64821, -0.88785, -0.46013
-1.00000, 0.00000, -0.90000, -0.10000, -0.95197, 0.00197, 0.38840, 0.56160, -0.88785, -0.46013
-1.00000, 0.00000, -0.90000, -0.00000, -0.95197, 0.00197, 0.47500, 0.47500, -0.88785, -0.46013
-1.00000, 0.00000, -0.90000, 0.10000, -0.95197, 0.00197, 0.56160, 0.38840, -0.88785, -0.46013
-1.00000, 0.00000, -0.90000, 0.20000, -0.95197, 0.00197, 0.64821, 0.30179, -0.88785, -0.46013
-1.00000, 0.00000, -0.90000, 0.30000, -0.95197, 0.00197, 0.73481, 0.21519, -0.88785, -0.46013
-1.00000, 0.00000, -0.90000, 0.40000, -0.95197, 0.00197, 0.82141, 0.12859, -0.88785, -0.46013
-1.00000, 0.00000, -0.90000, 0.50000, -0.95197, 0.00197, 0.90801, 0.04199, -0.88785, -0.46013
-1.00000, 0.00000, -0.90000, 0.60000, -0.95197, 0.00197, 0.99462, -0.04462, -0.88785, -0.46013
-1.00000, 0.00000, -0.90000, 0.70000, -0.95197, 0.00197, 1.08122, -0.13122, -0.88785, -0.46013
-1.00000, 0.00000, -0.90000, 0.80000, -0.95197, 0.00197, 1.16782, -0.21782, -0.88785, -0.46013
-1.00000, 0.00000, -0.90000, 0.90000, -0.95197, 0.00197, 1.25442, -0.30442, -0.88785, -0.46013
-1.00000, 0.00000, -0.80000, -1.00000, -0.90826, 0.00826, -0.41603, 1.31603, -0.90958, -0.41554
-1.00000, 0.00000, -0.80000, -0.90000, -0.90826, 0.00826, -0.32942, 1.22942, -0.90958, -0.41554
-1.00000, 0.00000, -0.80000, -0.80000, -0.90826, 0.00826, -0.24282, 1.14282, -0.90958, -0.41554
-1.00000, 0.00000, -0.80000, -0.70000, -0.90826, 0.00826, -0.15622, 1.05622, -0.90958, -0.41554
-1.00000, 0.00000, -0.80000, -0.60000, -0.90826, 0.00826, -0.06962, 0.96962, -0.90958, -0.41554
-1.00000, 0.00000, -0.80000, -0.50000, -0.90826, 0.00826, 0.01699, 0.88301, -0.90958, -0.41554
-1.00000, 0.00000, -0.80000, -0.40000, -0.90826, 0.00826, 0.10359, 0.79641, -0.90958, -0.41554
-1.00000, 0.00000, -0.80000, -0.30000, -0.90826, 0.00826, 0.19019, 0.70981, -0.90958, -0.41554
-1.00000, 0.00000, -0.80000, -0.20000, -0.90826, 0.00826, 0.27679, 0.62321, -0.90958, -0.41554
-1.00000, 0.00000, -0.80000, -0.10000, -0.90826, 0.00826, 0.36340, 0.53660, -0.90958, -0.41554
-1.00000, 0.00000, -0.80000, -0.00000, -0.90826, 0.00826, 0.45000, 0.45000, -0.90958, -0.41554
-1.00000, 0.00000, -0.80000, 0.10000, -0.90826, 0.00826, 0.53660, 0.36340, -0.90958, -0.41554
-1.00000, 0.00000, -0.80000, 0.20000, -0.90826, 0.00826, 0.62321, 0.27679, -0.90958, -0.41554
-1.00000, 0.00000, -0.80000, 0.30000, -0.90826, 0.00826, 0.70981, 0.19019, -0.90958, -0.41554
-1.00000, 0.00000, -0.80000, 0.40000, -0.90826, 0.00826, 0.79641, 0.10359, -0.90958, -0.41554
-1.00000, 0.00000, -0.80000, 0.50000, -0.90826, 0.00826, 0.88301, 0.01699, -0.90958, -0.41554
-1.00000, 0.00000, -0.80000, 0.60000, -0.90826, 0.00826, 0.96962, -0.06962, -0.90958, -0.41554
-1.00000, 0.00000, -0.80000, 0.70000, -0.90826, 0.00826, 1.05622, -0.15622, -0.90958, -0.41554
-1.00000, 0.00000, -0.80000, 0.80000, -0.90826, 0.00826, 1.14282, -0.24282, -0.90958, -0.41554
-1.00000, 0.00000, -0.80000, 0.90000, -0.90826, 0.00826, 1.22942, -0.32942, -0.90958, -0.41554
-1.00000, 0.00000, -0.70000, -1.00000, -0.86941, 0.01941, -0.44103, 1.29103, -0.93041, -0.36653
-1.00000, 0.00000, -0.70000, -0.90000, -0.86941, 0.01941, -0.35442, 1.20442, -0.93041, -0.36653
-1.00000, 0.00000, -0.70000, -0.80000, -0.86941, 0.01941, -0.26782, 1.11782, -0.93041, -0.36653
-1.00000, 0.00000, -0.70000, -0.70000, -0.86941, 0.01941, -0.18122, 1.03122, -0.93041, -0.36653
-1.00000, 0.00000, -0.70000, -0.60000, -0.86941, 0.01941, -0.09462, 0.94462, -0.93041, -0.36653
-1.00000, 0.00000, -0.70000, -0.50000, -0.86941, 0.01941, -0.00801, 0.85801, -0.93041, -0.36653
-1.00000, 0.00000, -0.70000, -0.40000, -0.86941, 0.01941, 0.07859, 0.77141, -0.93041, -0.36653
-1.00000, 0.00000, -0.70000, -0.30000, -0.86941, 0.01941, 0.16519, 0.68481, -0.93041, -0.36653
-1.00000, 0.00000, -0.70000, -0.20000, -0.86941, 0.01941, 0.25179, 0.59821, -0.93041, -0.36653
-1.00000, 0.00000, -0.70000, -0.10000, -0.86941, 0.01941, 0.33840, 0.51160, -0.93041, -0.36653
-1.00000, 0.00000, -0.70000, -0.00000, -0.86941, 0.01941, 0.42500, 0.42500, -0.93041, -0.36653
-1.00000, 0.00000, -0.70000, 0.10000, -0.86941, 0.01941, 0.51160, 0.33840, -0.93041, -0.36653
-1.00000, 0.00000, -0.70000, 0.20000, -0.86941, 0.01941, 0.59821, 0.25179, -0.93041, -0.36653
-1.00000, 0.00000, -0.70000, 0.30000, -0.86941, 0.01941, 0.68481, 0.16519, -0.93041, -0.36653
-1.00000, 0.00000, -0.70000, 0.40000, -0.86941, 0.01941, 0.77141, 0.07859, -0.93041, -0.36653
-1.00000, 0.00000, -0.70000, 0.50000, -0.86941, 0.01941, 0.85801, -0.00801, -0.93041, -0.36653
-1.00000, 0.00000, -0.70000, 0.60000, -0.86941, 0.01941, 0.94462, -0.09462, -0.93041, -0.36653
-1.00000, 0.00000, -0.70000, 0.70000, -0.86941, 0.01941, 1.03122, -0.18122, -0.93041, -0.36653
-1.00000, 0.00000, -0.70000, 0.80000, -0.86941, 0.01941, 1.11782, -0.26782, -0.93041, -0.36653
-1.00000, 0.00000, -0.70000, 0.90000, -0.86941, 0.01941, 1.20442, -0.35442, -0.93041, -0.36653
-1.00000, 0.00000, -0.60000, -1.00000, -0.83589, 0.03589, -0.46603, 1.26603, -0.94946, -0.31388
-1.00000, 0.00000, -0.60000, -0.90000, -0.83589, 0.03589, -0.37942, 1.17942, -0.94946, -0.31388
-1.00000, 0.00000, -0.60000, -0.80000, -0.83589, 0.03589, -0.29282, 1.09282, -0.94946, -0.31388
-1.00000, 0.00000, -0.60000, -0.70000, -0.83589, 0.03589, -0.20622, 1.00622, -0.94946, -0.31388
-1.00000, 0.00000, -0.60000, -0.60000, -0.83589, 0.03589, -0.11962, 0.91962, -0.94946, -0.31388
-1.00000, 0.00000, -0.60000, -0.50000, -0.83589, 0.03589, -0.03301, 0.83301, -0.94946, -0.31388
-1.00000, 0.00000, -0.60000, -0.40000, -0.83589, 0.03589, 0.05359, 0.74641, -0.94946, -0.31388
-1.00000, 0.00000, -0.60000, -0.30000, -0.83589, 0.03589, 0.14019, 0.65981, -0.94946, -0.31388
-1.00000, 0.00000, -0.60000, -0.20000, -0.83589, 0.03589, 0.22679, 0.57321, -0.94946, -0.31388
-1.00000, 0.00000, -0.60000, -0.10000, -0.83589, 0.03589, 0.31340, 0.48660, -0.94946, -0.31388
-1.00000, 0.00000, -0.60000, -0.00000, -0.83589, 0.03589, 0.40000, 0.40000, -0.94946, -0.31388
-1.00000, 0.00000, -0.60000, 0.10000, -0.83589, 0.03589, 0.48660, 0.31340, -0.94946, -0.31388
-1.00000, 0.00000, -0.60000, 0.20000, -0.83589, 0.03589, 0.57321, 0.22679, -0.94946, -0.31388
-1.00000, 0.00000, -0.60000, 0.30000, -0.83589, 0.03589, 0.65981, 0.14019, -0.94946, -0.31388
-1.00000, 0.00000, -0.60000, 0.40000, -0.83589, 0.03589, 0.74641, 0.05359, -0.94946, -0.31388
-1.00000, 0.00000, -0.60000, 0.50000, -0.83589, 0.03589, 0.83301, -0.03301, -0.94946, -0.31388
-1.00000, 0.00000, -0.60000, 0.60000, -0.83589, 0.03589, 0.91962, -0.11962, -0.94946, -0.31388
-1.00000, 0.00000, -0.60000, 0.70000, -0.83589, 0.03589, 1.00622, -0.20622, -0.94946, -0.31388
-1.00000, 0.00000, -0.60000, 0.80000, -0.83589, 0.03589, 1.09282, -0.29282, -0.94946, -0.31388
-1.00000, 0.00000, -0.60000, 0.90000, -0.83589, 0.03589, 1.17942, -0.37942, -0.94946, -0.31388
-1.00000, 0.00000, -0.50000, -1.00000, -0.80801, 0.05801, -0.49103, 1.24103, -0.96593, -0.25882
-1.00000, 0.00000, -0.50000, -0.90000, -0.80801, 0.05801, -0.40442, 1.15442, -0.96593, -0.25882
-1.00000, 0.00000, -0.50000, -0.80000, -0.80801, 0.05801, -0.31782, 1.06782, -0.96593, -0.25882
-1.00000, 0.00000, -0.50000, -0.70000, -0.80801, 0.05801, -0.23122, 0.98122, -0.96593, -0.25882
-1.00000, 0.00000, -0.50000, -0.60000, -0.80801, 0.05801, -0.14462, 0.89462, -0.96593, -0.25882
-1.00000, 0.00000, -0.50000, -0.50000, -0.80801, 0.05801, -0.05801, 0.80801, -0.96593, -0.25882
-1.00000, 0.00000, -0.50000, -0.40000, -0.80801, 0.05801, 0.02859, 0.72141, -0.96593, -0.25882
-1.00000, 0.00000, -0.50000, -0.30000, -0.80801, 0.05801, 0.11519, 0.63481, -0.96593, -0.25882
-1.00000, 0.00000, -0.50000, -0.20000, -0.80801, 0.05801, 0.20179, 0.54821, -0.96593, -0.25882
-1.00000, 0.00000, -0.50000, -0.10000, -0.80801, 0.05801, 0.28840, 0.46160, -0.96593, -0.25882
-1.00000, 0.00000, -0.50000, -0.00000, -0.80801, 0.05801, 0.37500, 0.37500, -0.96593, -0.25882
-1.00000, 0.00000, -0.50000, 0.10000, -0.80801, 0.05801, 0.46160, 0.28840, -0.96593, -0.25882
-1.00000, 0.00000, -0.50000, 0.20000, -0.80801, 0.05801, 0.54821, 0.20179, -0.96593, -0.25882
-1.00000, 0.00000, -0.50000, 0.30000, -0.80801, 0.05801, 0.63481, 0.11519, -0.96593, -0.25882
-1.00000, 0.00000, -0.50000, 0.40000, -0.80801, 0.05801, 0.72141, 0.02859, -0.96593, -0.25882
-1.00000, 0.00000, -0.50000, 0.50000, -0.80801, 0.05801, 0.80801, -0.05801, -0.96593, -0.25882
-1.00000, 0.00000, -0.50000, 0.60000, -0.80801, 0.05801, 0.89462, -0.14462, -0.96593, -0.25882
-1.00000, 0.00000, -0.50000, 0.70000, -0.80801, 0.05801, 0.98122, -0.23122, -0.96593, -0.25882
-1.00000, 0.00000, -0.50000, 0.80000, -0.80801, 0.05801, 1.06782, -0.31782, -0.96593, -0.25882
-1.00000, 0.00000, -0.50000, 0.90000, -0.80801, 0.05801, 1.15442, -0.40442, -0.96593, -0.25882
-1.00000, 0.00000, -0.40000, -1.00000, -0.78589, 0.08589, -0.51603, 1.21603, -0.97920, -0.20290
-1.00000, 0.00000, -0.40000, -0.90000, -0.78589, 0.08589, -0.42942, 1.12942, -0.97920, -0.20290
-1.00000, 0.00000, -0.40000, -0.80000, -0.78589, 0.08589, -0.34282, 1.04282, -0.97920, -0.20290
-1.00000, 0.00000, -0.40000, -0.70000, -0.78589, 0.08589, -0.25622, 0.95622, -0.97920, -0.20290
-1.00000, 0.00000, -0.40000, -0.60000, -0.78589, 0.08589, -0.16962, 0.86962, -0.97920, -0.20290
-1.00000, 0.00000, -0.40000, -0.50000, -0.78589, 0.08589, -0.08301, 0.78301, -0.97920, -0.20290
-1.00000, 0.00000, -0.40000, -0.40000, -0.78589, 0.08589, 0.00359, 0.69641, -0.97920, -0.20290
-1.00000, 0.00000, -0.40000, -0.30000, -0.78589, 0.08589, 0.09019, 0.60981, -0.97920, -0.20290
-1.00000, 0.00000, -0.40000, -0.20000, -0.78589, 0.08589, 0.17679, 0.52321, -0.97920, -0.20290
-1.00000, 0.00000, -0.40000, -0.10000, -0.78589, 0.08589, 0.26340, 0.43660, -0.97920, -0.20290
-1.00000, 0.00000, -0.40000, -0.00000, -0.78589, 0.08589, 0.35000, 0.35000, -0.97920, -0.20290
-1.00000, 0.00000, -0.40000, 0.10000, -0.78589, 0.08589, 0.43660, 0.26340, -0.97920, -0.20290
-1.00000, 0.00000, -0.40000, 0.20000, -0.78589, 0.08589, 0.52321, 0.17679, -0.97920, -0.20290
-1.00000, 0.00000, -0.40000, 0.30000, -0.78589, 0.08589, 0.60981, 0.09019, -0.97920, -0.20290
-1.00000, 0.00000, -0.40000, 0.40000, -0.78589, 0.08589, 0.69641, 0.00359, -0.97920, -0.20290
-1.00000, 0.00000, -0.40000, 0.50000, -0.78589, 0.08589, 0.78301, -0.08301, -0.97920, -0.20290
-1.00000, 0.00000, -0.40000, 0.60000, -0.78589, 0.08589, 0.86962, -0.16962, -0.97920, -0.20290
-1.00000, 0.00000, -0.40000, 0.70000, -0.78589, 0.08589, 0.95622, -0.25622, -0.97920, -0.20290
-1.00000, 0.00000, -0.40000, 0.80000, -0.78589, 0.08589, 1.04282, -0.34282, -0.97920, -0.20290
-1.00000, 0.00000, -0.40000, 0.90000, -0.78589, 0.08589, 1.12942, -0.42942, -0.97920, -0.20290
-1.00000, 0.00000, -0.30000, -1.00000, -0.76941, 0.11941, -0.54103, 1.19103, -0.98902, -0.14778
-1.00000, 0.00000, -0.30000, -0.90000, -0.76941, 0.11941, -0.45442, 1.10442, -0.98902, -0.14778
-1.00000, 0.00000, -0.30000, -0.80000, -0.76941, 0.11941, -0.36782, 1.01782, -0.98902, -0.14778
-1.00000, 0.00000, -0.30000, -0.70000, -0.76941, 0.11941, -0.28122, 0.93122, -0.98902, -0.14778
-1.00000, 0.00000, -0.30000, -0.60000, -0.76941, 0.11941, -0.19462, 0.84462, -0.98902, -0.14778
-1.00000, 0.00000, -0.30000, -0.50000, -0.76941, 0.11941, -0.10801, 0.75801, -0.98902, -0.14778
-1.00000, 0.00000, -0.30000, -0.40000, -0.76941, 0.11941, -0.02141, 0.67141, -0.98902, -0.14778
-1.00000, 0.00000, -0.30000, -0.30000, -0.76941, 0.11941, 0.06519, 0.58481, -0.98902, -0.14778
-1.00000, 0.00000, -0.30000, -0.20000, -0.76941, 0.11941, 0.15179, 0.49821, -0.98902, -0.14778
-1.00000, 0.00000, -0.30000, -0.10000, -0.76941, 0.11941, 0.23840, 0.41160, -0.98902, -0.14778
-1.00000, 0.00000, -0.30000, -0.00000, -0.76941, 0.11941, 0.32500, 0.32500, -0.98902, -0.14778
-1.00000, 0.00000, -0.30000, 0.10000, -0.76941, 0.11941, 0.41160, 0.23840, -0.98902, -0.14778
-1.00000, 0.00000, -0.30000, 0.20000, -0.76941, 0.11941, 0.49821, 0.15179, -0.98902, -0.14778
-1.00000, 0.00000, -0.30000, 0.30000, -0.76941, 0.11941, 0.58481, 0.06519, -0.98902, -0.14778
-1.00000, 0.00000, -0.30000, 0.40000, -0.76941, 0.11941, 0.67141, -0.02141, -0.98902, -0.14778
-1.00000, 0.00000, -0.30000, 0.50000, -0.76941, 0.11941, 0.75801, -0.10801, -0.98902, -0.14778
-1.00000, 0.00000, -0.30000, 0.60000, -0.76941, 0.11941, 0.84462, -0.19462, -0.98902, -0.14778
-1.00000, 0.00000, -0.30000, 0.70000, -0.76941, 0.11941, 0.93122, -0.28122, -0.98902, -0.14778
-1.00000, 0.00000, -0.30000, 0.80000, -0.76941, 0.11941, 1.01782, -0.36782, -0.98902, -0.14778
-1.00000, 0.00000, -0.30000, 0.90000, -0.76941, 0.11941, 1.10442, -0.45442, -0.98902, -0.14778
-1.00000, 0.00000, -0.20000, -1.00000, -0.75826, 0.15826, -0.56603, 1.16603, -0.99548, -0.09492
-1.00000, 0.00000, -0.20000, -0.90000, -0.75826, 0.15826, -0.47942, 1.07942, -0.99548, -0.09492
-1.00000, 0.00000, -0.20000, -0.80000, -0.75826, 0.15826, -0.39282, 0.99282, -0.99548, -0.09492
-1.00000, 0.00000, -0.20000, -0.70000, -0.75826, 0.15826, -0.30622, 0.90622, -0.99548, -0.09492
-1.00000, 0.00000, -0.20000, -0.60000, -0.75826, 0.15826, -0.21962, 0.81962, -0.99548, -0.09492
-1.00000, 0.00000, -0.20000, -0.50000, -0.75826, 0.15826, -0.13301, 0.73301, -0.99548, -0.09492
-1.00000, 0.00000, -0.20000, -0.40000, -0.75826, 0.15826, -0.04641, 0.64641, -0.99548, -0.09492
-1.00000, 0.00000, -0.20000, -0.30000, -0.75826, 0.15826, 0.04019, 0.55981, -0.99548, -0.09492
-1.00000, 0.00000, -0.20000, -0.20000, -0.75826, 0.15826, 0.12679, 0.47321, -0.99548, -0.09492
-1.00000, 0.00000, -0.20000, -0.10000, -0.75826, 0.15826, 0.21340, 0.38660, -0.99548, -0.09492
-1.00000, 0.00000, -0.20000, -0.00000, -0.75826, 0.15826, 0.30000, 0.30000, -0.99548, -0.09492
-1.00000, 0.00000, -0.20000, 0.10000, -0.75826, 0.15826, 0.38660, 0.21340, -0.99548, -0.09492
-1.00000, 0.00000, -0.20000, 0.20000, -0.75826, 0.15826, 0.47321, 0.12679, -0.99548, -0.09492
-1.00000, 0.00000, -0.20000, 0.30000, -0.75826, 0.15826, 0.55981, 0.04019, -0.99548, -0.09492
-1.00000, 0.00000, -0.20000, 0.40000, -0.75826, 0.15826, 0.64641, -0.04641, -0.99548, -0.09492
-1.00000, 0.00000, -0.20000, 0.50000, -0.75826, 0.15826, 0.73301, -0.13301, -0.99548, -0.09492
-1.00000, 0.00000, -0.20000, 0.60000, -0.75826, 0.15826, 0.81962, -0.21962, -0.99548, -0.09492
-1.00000, 0.00000, -0.20000, 0.70000, -0.75826, 0.15826, 0.90622, -0.30622, -0.99548, -0.09492
-1.00000, 0.00000, -0.20000, 0.80000, -0.75826, 0.15826, 0.99282, -0.39282, -0.99548, -0.09492
-1.00000, 0.00000, -0.20000, 0.90000, -0.75826, 0.15826, 1.07942, -0.47942, -0.99548, -0.09492
-1.00000, 0.00000, -0.10000, -1.00000, -0.75197, 0.20197, -0.59103, 1.14103, -0.99897, -0.04544
-1.00000, 0.00000, -0.10000, -0.90000, -0.75197, 0.20197, -0.50442, 1.05442, -0.99897, -0.04544
-1.00000, 0.00000, -0.10000, -0.80000, -0.75197, 0.20197, -0.41782, 0.96782, -0.99897, -0.04544
-1.00000, 0.00000, -0.10000, -0.70000, -0.75197, 0.20197, -0.33122, 0.88122, -0.99897, -0.04544
-1.00000, 0.00000, -0.10000, -0.60000, -0.75197, 0.20197, -0.24462, 0.79462, -0.99897, -0.04544
-1.00000, 0.00000, -0.10000, -0.50000, -0.75197, 0.20197, -0.15801, 0.70801, -0.99897, -0.04544
-1.00000, 0.00000, -0.10000, -0.40000, -0.75197, 0.20197, -0.07141, 0.62141, -0.99897, -0.04544
-1.00000, 0.00000, -0.10000, -0.30000, -0.75197, 0.20197, 0.01519, 0.53481, -0.99897, -0.04544
-1.00000, 0.00000, -0.10000, -0.20000, -0.75197, 0.20197, 0.10179, 0.44821, -0.99897, -0.04544
-1.00000, 0.00000, -0.10000, -0.10000, -0.75197, 0.20197, 0.18840, 0.36160, -0.99897, -0.04544
-1.00000, 0.00000, -0.10000, -0.00000, -0.75197, 0.20197, 0.27500, 0.27500, -0.99897, -0.04544
-1.00000, 0.00000, -0.10000, 0.10000, -0.75197, 0.20197, 0.36160, 0.18840, -0.99897, -0.04544
-1.00000, 0.00000, -0.10000, 0.20000, -0.75197, 0.20197, 0.44821, 0.10179, -0.99897, -0.04544
-1.00000, 0.00000, -0.10000, 0.30000, -0.75197, 0.20197, 0.53481, 0.01519, -0.99897, -0.04544
-1.00000, 0.00000, -0.10000, 0.40000, -0.75197, 0.20197, 0.62141, -0.07141, -0.99897, -0.04544
-1.00000, 0.00000, -0.10000, 0.50000, -0.75197, 0.20197, 0.70801, -0.15801, -0.99897, -0.04544
-1.00000, 0.00000, -0.10000, 0.60000, -0.75197, 0.20197, 0.79462, -0.24462, -0.99897, -0.04544
-1.00000, 0.00000, -0.10000, 0.70000, -0.75197, 0.20197, 0.88122, -0.33122, -0.99897, -0.04544
-1.00000, 0.00000, -0.10000, 0.80000, -0.75197, 0.20197, 0.96782, -0.41782, -0.99897, -0.04544
-1.00000, 0.00000, -0.10000, 0.90000, -0.75197, 0.20197, 1.05442, -0.50442, -0.99897, -0.04544
-1.00000, 0.00000, -0.00000, -1.00000, -0.75000, 0.25000, -0.61603, 1.11603, -1.00000, -0.00000
-1.00000, 0.00000, -0.00000, -0.90000, -0.75000, 0.25000, -0.52942, 1.02942, -1.00000, -0.00000
-1.00000, 0.00000, -0.00000, -0.80000, -0.75000, 0.25000, -0.44282, 0.94282, -1.00000, -0.00000
-1.00000, 0.00000, -0.00000, -0.70000, -0.75000, 0.25000, -0.35622, 0.85622, -1.00000, -0.00000
-1.00000, 0.00000, -0.00000, -0.60000, -0.75000, 0.25000, -0.26962, 0.76962, -1.00000, -0.00000
-1.00000, 0.00000, -0.00000, -0.50000, -0.75000, 0.25000, -0.18301, 0.68301, -1.00000, -0.00000
-1.00000, 0.00000, -0.00000, -0.40000, -0.75000, 0.25000, -0.09641, 0.59641, -1.00000, -0.00000
-1.00000, 0.00000, -0.00000, -0.30000, -0.75000, 0.25000, -0.00981, 0.50981, -1.00000, -0.00000
-1.00000, 0.00000, -0.00000, -0.20000, -0.75000, 0.25000, 0.07679, 0.42321, -1.00000, -0.00000
-1.00000, 0.00000, -0.00000, -0.10000, -0.75000, 0.25000, 0.16340, 0.33660, -1.00000, -0.00000
-1.00000, 0.00000, -0.00000, -0.00000, -0.75000, 0.25000, 0.25000, 0.25000, -1.00000, -0.00000
-1.00000, 0.00000, -0.00000, 0.10000, -0.75000, 0.25000, 0.33660, 0.16340, -1.00000, -0.00000
-1.00000, 0.00000, -0.00000, 0.20000, -0.75000, 0.25000, 0.42321, 0.07679, -1.00000, -0.00000
-1.00000, 0.00000, -0.00000, 0.30000, -0.75000, 0.25000, 0.50981, -0.00981, -1.00000, -0.00000
-1.00000, 0.00000, -0.00000, 0.40000, -0.75000, 0.25000, 0.59641, -0.09641, -1.00000, -0.00000
-1.00000, 0.00000, -0.00000, 0.50000, -0.75000, 0.25000, 0.68301, -0.18301, -1.00000, -0.00000
-1.00000, 0.00000, -0.00000, 0.60000, -0.75000, 0.25000, 0.76962, -0.26962, -1.00000, -0.00000
-1.00000, 0.00000, -0.00000, 0.70000, -0.75000, 0.25000, 0.85622, -0.35622, -1.00000, -0.00000
-1.00000, 0.00000, -0.00000, 0.80000, -0.75000, 0.25000, 0.94282, -0.44282, -1.00000, -0.00000
-1.00000, 0.00000, -0.00000, 0.90000, -0.75000, 0.25000, 1.02942, -0.52942, -1.00000, -0.00000
-1.00000, 0.00000, 0.10000, -1.00000, -0.75178, 0.30178, -0.64103, 1.09103, -0.99915, 0.04113
-1.00000, 0.00000, 0.10000, -0.90000, -0.75178, 0.30178, -0.55442, 1.00442, -0.99915, 0.04113
-1.00000, 0.00000, 0.10000, -0.80000, -0.75178, 0.30178, -0.46782, 0.91782, -0.99915, 0.04113
-1.00000, 0.00000, 0.10000, -0.70000, -0.75178, 0.30178, -0.38122, 0.83122, -0.99915, 0.04113
-1.00000, 0.00000, 0.10000, -0.60000, -0.75178, 0.30178, -0.29462, 0.74462, -0.99915, 0.04113
-1.00000, 0.00000, 0.10000, -0.50000, -0.75178, 0.30178, -0.20801, 0.65801, -0.99915, 0.04113
-1.00000, 0.00000, 0.10000, -0.40000, -0.75178, 0.30178, -0.12141, 0.57141, -0.99915, 0.04113
-1.00000, 0.00000, 0.10000, -0.30000, -0.75178, 0.30178, -0.03481, 0.48481, -0.99915, 0.04113
-1.00000, 0.00000, 0.10000, -0.20000, -0.75178, 0.30178, 0.05179, 0.39821, -0.99915, 0.04113
-1.00000, 0.00000, 0.10000, -0.10000, -0.75178, 0.30178, 0.13840, 0.31160, -0.99915, 0.04113
-1.00000, 0.00000, 0.10000, -0.00000, -0.75178, 0.30178, 0.22500, 0.22500, -0.99915, 0.04113
-1.00000, 0.00000, 0.10000, 0.10000, -0.75178, 0.30178, 0.31160, 0.13840, -0.99915, 0.04113
-1.00000, 0.00000, 0.10000, 0.20000, -0.75178, 0.30178, 0.39821, 0.05179, -0.99915, 0.04113
-1.00000, 0.00000, 0.10000, 0.30000, -0.75178, 0.30178, 0.48481, -0.03481, -0.99915, 0.04113
-1.00000, 0.00000, 0.10000, 0.40000, -0.75178, 0.30178, 0.57141, -0.12141, -0.99915, 0.04113
-1.00000, 0.00000, 0.10000, 0.50000, -0.75178, 0.30178, 0.65801, -0.20801, -0.99915, 0.04113
-1.00000, 0.00000, 0.10000, 0.60000, -0.75178, 0.30178, 0.74462, -0.29462, -0.99915, 0.04113
-1.00000, 0.00000, 0.10000, 0.70000, -0.75178, 0.30178, 0.83122, -0.38122, -0.99915, 0.04113
-1.00000, 0.00000, 0.10000, 0.80000, -0.75178, 0.30178, 0.91782, -0.46782, -0.99915, 0.04113
-1.00000, 0.00000, 0.10000, 0.90000, -0.75178, 0.30178, 1.00442, -0.55442, -0.99915, 0.04113
-1.00000, 0.00000, 0.20000, -1.00000, -0.75678, 0.35678, -0.66603, 1.06603, -0.99695, 0.07801
-1.00000, 0.00000, 0.20000, -0.90000, -0.75678, 0.35678, -0.57942, 0.97942, -0.99695, 0.07801
-1.00000, 0.00000, 0.20000, -0.80000, -0.75678, 0.35678, -0.49282, 0.89282, -0.99695, 0.07801
-1.00000, 0.00000, 0.20000, -0.70000, -0.75678, 0.35678, -0.40622, 0.80622, -0.99695, 0.07801
-1.00000, 0.00000, 0.20000, -0.60000, -0.75678, 0.35678, -0.31962, 0.71962, -0.99695, 0.07801
-1.00000, 0.00000, 0.20000, -0.50000, -0.75678, 0.35678, -0.23301, 0.63301, -0.99695, 0.07801
-1.00000, 0.00000, 0.20000, -0.40000, -0.75678, 0.35678, -0.14641, 0.54641, -0.99695, 0.07801
-1.00000, 0.00000, 0.20000, -0.30000, -0.75678, 0.35678, -0.05981, 0.45981, -0.99695, 0.07801
-1.00000, 0.00000, 0.20000, -0.20000, -0.75678, 0.35678, 0.02679, 0.37321, -0.99695, 0.07801
-1.00000, 0.00000, 0.20000, -0.10000, -0.75678, 0.35678, 0.11340, 0.28660, -0.99695, 0.07801
-1.00000, 0.00000, 0.20000, -0.00000, -0.75678, 0.35678, 0.20000, 0.20000, -0.99695, 0.07801
-1.00000, 0.00000, 0.20000, 0.10000, -0.75678, 0.35678, 0.28660, 0.11340, -0.99695, 0.07801
-1.00000, 0.00000, 0.20000, 0.20000, -0.75678, 0.35678, 0.37321, 0.02679, -0.99695, 0.07801
-1.00000, 0.00000, 0.20000, 0.30000, -0.75678, 0.35678, 0.45981, -0.05981, -0.99695, 0.07801
-1.00000, 0.00000, 0.20000, 0.40000, -0.75678, 0.35678, 0.54641, -0.14641, -0.99695, 0.07801
-1.00000, 0.00000, 0.20000, 0.50000, -0.75678, 0.35678, 0.63301, -0.23301, -0.99695, 0.07801
-1.00000, 0.00000, 0.20000, 0.60000, -0.75678, 0.35678, 0.71962, -0.31962, -0.99695, 0.07801
-1.00000, 0.00000, 0.20000, 0.70000, -0.75678, 0.35678, 0.80622, -0.40622, -0.99695, 0.07801
-1.00000, 0.00000, 0.20000, 0.80000, -0.75678, 0.35678, 0.89282, -0.49282, -0.99695, 0.07801
-1.00000, 0.00000, 0.20000, 0.90000, -0.75678, 0.35678, 0.97942, -0.57942, -0.99695, 0.07801
-1.00000, 0.00000, 0.30000, -1.00000, -0.76449, 0.41449, -0.69103, 1.04103, -0.99384, 0.11087
-1.00000, 0.00000, 0.30000, -0.90000, -0.76449, 0.41449, -0.60442, 0.95442, -0.99384, 0.11087
-1.00000, 0.00000, 0.30000, -0.80000, -0.76449, 0.41449, -0.51782, 0.86782, -0.99384, 0.11087
-1.00000, 0.00000, 0.30000, -0.70000, -0.76449, 0.41449, -0.43122, 0.78122, -0.99384, 0.11087
-1.00000, 0.00000, 0.30000, -0.60000, -0.76449, 0.41449, -0.34462, 0.69462, -0.99384, 0.11087
-1.00000, 0.00000, 0.30000, -0.50000, -0.76449, 0.41449, -0.25801, 0.60801, -0.99384, 0.11087
-1.00000, 0.00000, 0.30000, -0.40000, -0.76449, 0.41449, -0.17141, 0.52141, -0.99384, 0.11087
-1.00000, 0.00000, 0.30000, -0.30000, -0.76449, 0.41449, -0.08481, 0.43481, -0.99384, 0.11087
-1.00000, 0.00000, 0.30000, -0.20000, -0.76449, 0.41449, 0.00179, 0.34821, -0.99384, 0.11087
-1.00000, 0.00000, 0.30000, -0.10000, -0.76449, 0.41449, 0.08840, 0.26160, -0.99384, 0.11087
-1.00000, 0.00000, 0.30000, -0.00000, -0.76449, 0.41449, 0.17500, 0.17500, -0.99384, 0.11087
-1.00000, 0.00000, 0.30000, 0.10000, -0.76449, 0.41449, 0.26160, 0.08840, -0.99384, 0.11087
-1.00000, 0.00000, 0.30000, 0.20000, -0.76449, 0.41449, 0.34821, 0.00179, -0.99384, 0.11087
-1.00000, 0.00000, 0.30000, 0.30000, -0.76449, 0.41449, 0.43481, -0.08481, -0.99384, 0.11087
-1.00000, 0.00000, 0.30000, 0.40000, -0.76449, 0.41449, 0.52141, -0.17141, -0.99384, 0.11087
-1.00000, 0.00000, 0.30000, 0.50000, -0.76449, 0.41449, 0.60801, -0.25801, -0.99384, 0.11087
-1.00000, 0.00000, 0.30000, 0.60000, -0.76449, 0.41449, 0.69462, -0.34462, -0.99384, 0.11087
-1.00000, 0.00000, 0.30000, 0.70000, -0.76449, 0.41449, 0.78122, -0.43122, -0.99384, 0.11087
-1.00000, 0.00000, 0.30000, 0.80000, -0.76449, 0.41449, 0.86782, -0.51782, -0.99384, 0.11087
-1.00000, 0.00000, 0.30000, 0.90000, -0.76449, 0.41449, 0.95442, -0.60442, -0.99384, 0.11087
-1.00000, 0.00000, 0.40000, -1.00000, -0.77450, 0.47450, -0.71603, 1.01603, -0.99014, 0.14006
-1.00000, 0.00000, 0.40000, -0.90000, -0.77450, 0.47450, -0.62942, 0.92942, -0.99014, 0.14006
-1.00000, 0.00000, 0.40000, -0.80000, -0.77450, 0.47450, -0.54282, 0.84282, -0.99014, 0.14006
-1.00000, 0.00000, 0.40000, -0.70000, -0.77450, 0.47450, -0.45622, 0.75622, -0.99014, 0.14006
-1.00000, 0.00000, 0.40000, -0.60000, -0.77450, 0.47450, -0.36962, 0.66962, -0.99014, 0.14006
-1.00000, 0.00000, 0.40000, -0.50000, -0.77450, 0.47450, -0.28301, 0.58301, -0.99014, 0.14006
-1.00000, 0.00000, 0.40000, -0.40000, -0.77450, 0.47450, -0.19641, 0.49641, -0.99014, 0.14006
-1.00000, 0.00000, 0.40000, -0.30000, -0.77450, 0.47450, -0.10981, 0.40981, -0.99014, 0.14006
-1.00000, 0.00000, 0.40000, -0.20000, -0.77450, 0.47450, -0.02321, 0.32321, -0.99014, 0.14006
-1.00000, 0.00000, 0.40000, -0.10000, -0.77450, 0.47450, 0.06340, 0.23660, -0.99014, 0.14006
-1.00000, 0.00000, 0.40000, -0.00000, -0.77450, 0.47450, 0.15000, 0.15000, -0.99014, 0.14006
-1.00000, 0.00000, 0.40000, 0.10000, -0.77450, 0.47450, 0.23660, 0.06340, -0.99014, 0.14006
-1.00000, 0.00000, 0.40000, 0.20000, -0.77450, 0.47450, 0.32321, -0.02321, -0.99014, 0.14006
-1.00000, 0.00000, 0.40000, 0.30000, -0.77450, 0.47450, 0.40981, -0.10981, -0.99014, 0.14006
-1.00000, 0.00000, 0.40000, 0.40000, -0.77450, 0.47450, 0.49641, -0.19641, -0.99014, 0.14006
-1.00000, 0.00000, 0.40000, 0.50000, -0.77450, 0.47450, 0.58301, -0.28301, -0.99014, 0.14006
-1.00000, 0.00000, 0.40000, 0.60000, -0.77450, 0.47450, 0.66962, -0.36962, -0.99014, 0.14006
-1.00000, 0.00000, 0.40000, 0.70000, -0.77450, 0.47450, 0.75622, -0.45622, -0.99014, 0.14006
-1.00000, 0.00000, 0.40000, 0.80000, -0.77450, 0.47450, 0.84282, -0.54282, -0.99014, 0.14006
-1.00000, 0.00000, 0.40000, 0.90000, -0.77450, 0.47450, 0.92942, -0.62942, -0.99014, 0.14006
-1.00000, 0.00000, 0.50000, -1.00000, -0.78644, 0.53644, -0.74103, 0.99103, -0.98613, 0.16597
-1.00000, 0.00000, 0.50000, -0.90000, -0.78644, 0.53644, -0.65442, 0.90442, -0.98613, 0.16597
-1.00000, 0.00000, 0.50000, -0.80000, -0.78644, 0.53644, -0.56782, 0.81782, -0.98613, 0.16597
-1.00000, 0.00000, 0.50000, -0.70000, -0.78644, 0.53644, -0.48122, 0.73122, -0.98613, 0.16597
-1.00000, 0.00000, 0.50000, -0.60000, -0.78644, 0.53644, -0.39462, 0.64462, -0.98613, 0.16597
-1.00000, 0.00000, 0.50000, -0.50000, -0.78644, 0.53644, -0.30801, 0.55801, -0.98613, 0.16597
-1.00000, 0.00000, 0.50000, -0.40000, -0.78644, 0.53644, -0.22141, 0.47141, -0.98613, 0.16597
-1.00000, 0.00000, 0.50000, -0.30000, -0.78644, 0.53644, -0.13481, 0.38481, -0.98613, 0.16597
-1.00000, 0.00000, 0.50000, -0.20000, -0.78644, 0.53644, -0.04821, 0.29821, -0.98613, 0.16597
-1.00000, 0.00000, 0.50000, -0.10000, -0.78644, 0.53644, 0.03840, 0.21160, -0.98613, 0.16597
-1.00000, 0.00000, 0.50000, -0.00000, -0.78644, 0.53644, 0.12500, 0.12500, -0.98613, 0.16597
-1.00000, 0.00000, 0.50000, 0.10000, -0.78644, 0.53644, 0.21160, 0.03840, -0.98613, 0.16597
-1.00000, 0.00000, 0.50000, 0.20000, -0.78644, 0.53644, 0.29821, -0.04821, -0.98613, 0.16597
-1.00000, 0.00000, 0.50000, 0.30000, -0.78644, 0.53644, 0.38481, -0.13481, -0.98613, 0.16597
-1.00000, 0.00000, 0.50000, 0.40000, -0.78644, 0.53644, 0.47141, -0.22141, -0.98613, 0.16597
-1.00000, 0.00000, 0.50000, 0.50000, -0.78644, 0.53644, 0.55801, -0.30801, -0.98613, 0.16597
-1.00000, 0.00000, 0.50000, 0.60000, -0.78644, 0.53644, 0.64462, -0.39462, -0.98613, 0.16597
-1.00000, 0.00000, 0.50000, 0.70000, -0.78644, 0.53644, 0.73122, -0.48122, -0.98613, 0.16597
-1.00000, 0.00000, 0.50000, 0.80000, -0.78644, 0.53644, 0.81782, -0.56782, -0.98613, 0.16597
-1.00000, 0.00000, 0.50000, 0.90000, -0.78644, 0.53644, 0.90442, -0.65442, -0.98613, 0.16597
-1.00000, 0.00000, 0.60000, -1.00000, -0.80000, 0.60000, -0.76603, 0.96603, -0.98198, 0.18898
-1.00000, 0.00000, 0.60000, -0.90000, -0.80000, 0.60000, -0.67942, 0.87942, -0.98198, 0.18898
-1.00000, 0.00000, 0.60000, -0.80000, -0.80000, 0.60000, -0.59282, 0.79282, -0.98198, 0.18898
-1.00000, 0.00000, 0.60000, -0.70000, -0.80000, 0.60000, -0.50622, 0.70622, -0.98198, 0.18898
-1.00000, 0.00000, 0.60000, -0.60000, -0.80000, 0.60000, -0.41962, 0.61962, -0.98198, 0.18898
-1.00000, 0.00000, 0.60000, -0.50000, -0.80000, 0.60000, -0.33301, 0.53301, -0.98198, 0.18898
-1.00000, 0.00000, 0.60000, -0.40000, -0.80000, 0.60000, -0.24641, 0.44641, -0.98198, 0.18898
-1.00000, 0.00000, 0.60000, -0.30000, -0.80000, 0.60000, -0.15981, 0.35981, -0.98198, 0.18898
-1.00000, 0.00000, 0.60000, -0.20000, -0.80000, 0.60000, -0.07321, 0.27321, -0.98198, 0.18898
-1.00000, 0.00000, 0.60000, -0.10000, -0.80000, 0.60000, 0.01340, 0.18660, -0.98198, 0.18898
-1.00000, 0.00000, 0.60000, -0.00000, -0.80000, 0.60000, 0.10000, 0.10000, -0.98198, 0.18898
-1.00000, 0.00000, 0.60000, 0.10000, -0.80000, 0.60000, 0.18660, 0.01340, -0.98198, 0.18898
-1.00000, 0.00000, 0.60000, 0.20000, -0.80000, 0.60000, 0.27321, -0.07321, -0.98198, 0.18898
-1.00000, 0.00000, 0.60000, 0.30000, -0.80000, 0.60000, 0.35981, -0.15981, -0.98198, 0.18898
-1.00000, 0.00000, 0.60000, 0.40000, -0.80000, 0.60000, 0.44641, -0.24641, -0.98198, 0.18898
-1.00000, 0.00000, 0.60000, 0.50000, -0.80000, 0.60000, 0.53301, -0.33301, -0.98198, 0.18898
-1.00000, 0.00000, 0.60000, 0.60000, -0.80000, 0.60000, 0.61962, -0.41962, -0.98198, 0.18898
-1.00000, 0.00000, 0.60000, 0.70000, -0.80000, 0.60000, 0.70622, -0.50622, -0.98198, 0.18898
-1.00000, 0.00000, 0.60000, 0.80000, -0.80000, 0.60000, 0.79282, -0.59282, -0.98198, 0.18898
-1.00000, 0.00000, 0.60000, 0.90000, -0.80000, 0.60000, 0.87942, -0.67942, -0.98198, 0.18898
-1.00000, 0.00000, 0.70000, -1.00000, -0.81493, 0.66493, -0.79103, 0.94103, -0.97782, 0.20947
-1.00000, 0.00000, 0.70000, -0.90000, -0.81493, 0.66493, -0.70442, 0.85442, -0.97782, 0.20947
-1.00000, 0.00000, 0.70000, -0.80000, -0.81493, 0.66493, -0.61782, 0.76782, -0.97782, 0.20947
-1.00000, 0.00000, 0.70000, -0.70000, -0.81493, 0.66493, -0.53122, 0.68122, -0.97782, 0.20947
-1.00000, 0.00000, 0.70000, -0.60000, -0.81493, 0.66493, -0.44462, 0.59462, -0.97782, 0.20947
-1.00000, 0.00000, 0.70000, -0.50000, -0.81493, 0.66493, -0.35801, 0.50801, -0.97782, 0.20947
-1.00000, 0.00000, 0.70000, -0.40000, -0.81493, 0.66493, -0.27141, 0.42141, -0.97782, 0.20947
-1.00000, 0.00000, 0.70000, -0.30000, -0.81493, 0.66493, -0.18481, 0.33481, -0.97782, 0.20947
-1.00000, 0.00000, 0.70000, -0.20000, -0.81493, 0.66493, -0.09821, 0.24821, -0.97782, 0.20947
-1.00000, 0.00000, 0.70000, -0.10000, -0.81493, 0.66493, -0.01160, 0.16160, -0.97782, 0.20947
-1.00000, 0.00000, 0.70000, -0.00000, -0.81493, 0.66493, 0.07500, 0.07500, -0.97782, 0.20947
-1.00000, 0.00000, 0.70000, 0.10000, -0.81493, 0.66493, 0.16160, -0.01160, -0.97782, 0.20947
-1.00000, 0.00000, 0.70000, 0.20000, -0.81493, 0.66493, 0.24821, -0.09821, -0.97782, 0.20947
-1.00000, 0.00000, 0.70000, 0.30000, -0.81493, 0.66493, 0.33481, -0.18481, -0.97782, 0.20947
-1.00000, 0.00000, 0.70000, 0.40000, -0.81493, 0.66493, 0.42141, -0.27141, -0.97782, 0.20947
-1.00000, 0.00000, 0.70000, 0.50000, -0.81493, 0.66493, 0.50801, -0.35801, -0.97782, 0.20947
-1.00000, 0.00000, 0.70000, 0.60000, -0.81493, 0.66493, 0.59462, -0.44462, -0.97782, 0.20947
-1.00000, 0.00000, 0.70000, 0.70000, -0.81493, 0.66493, 0.68122, -0.53122, -0.97782, 0.20947
-1.00000, 0.00000, 0.70000, 0.80000, -0.81493, 0.66493, 0.76782, -0.61782, -0.97782, 0.20947
-1.00000, 0.00000, 0.70000, 0.90000, -0.81493, 0.66493, 0.85442, -0.70442, -0.97782, 0.20947
-1.00000, 0.00000, 0.80000, -1.00000, -0.83102, 0.73102, -0.81603, 0.91603, -0.97372, 0.22775
-1.00000, 0.00000, 0.80000, -0.90000, -0.83102, 0.73102, -0.72942, 0.82942, -0.97372, 0.22775
-1.00000, 0.00000, 0.80000, -0.80000, -0.83102, 0.73102, -0.64282, 0.74282, -0.97372, 0.22775
-1.00000, 0.00000, 0.80000, -0.70000, -0.83102, 0.73102, -0.55622, 0.65622, -0.97372, 0.22775
-1.00000, 0.00000, 0.80000, -0.60000, -0.83102, 0.73102, -0.46962, 0.56962, -0.97372, 0.22775
-1.00000, 0.00000, 0.80000, -0.50000, -0.83102, 0.73102, -0.38301, 0.48301, -0.97372, 0.22775
-1.00000, 0.00000, 0.80000, -0.40000, -0.83102, 0.73102, -0.29641, 0.39641, -0.97372, 0.22775
-1.00000, 0.00000, 0.80000, -0.30000, -0.83102, 0.73102, -0.20981, 0.30981, -0.97372, 0.22775
-1.00000, 0.00000, 0.80000, -0.20000, -0.83102, 0.73102, -0.12321, 0.22321, -0.97372, 0.22775
-1.00000, 0.00000, 0.80000, -0.10000, -0.83102, 0.73102, -0.03660, 0.13660, -0.97372, 0.22775
-1.00000, 0.00000, 0.80000, -0.00000, -0.83102, 0.73102, 0.05000, 0.05000, -0.97372, 0.22775
-1.00000, 0.00000, 0.80000, 0.10000, -0.83102, 0.73102, 0.13660, -0.03660, -0.97372, 0.22775
-1.00000, 0.00000, 0.80000, 0.20000, -0.83102, 0.73102, 0.22321, -0.12321, -0.97372, 0.22775
-1.00000, 0.00000, 0.80000, 0.30000, -0.83102, 0.73102, 0.30981, -0.20981, -0.97372, 0.22775
-1.00000, 0.00000, 0.80000, 0.40000, -0.83102, 0.73102, 0.39641, -0.29641, -0.97372, 0.22775
-1.00000, 0.00000, 0.80000, 0.50000, -0.83102, 0.73102, 0.48301, -0.38301, -0.97372, 0.22775
-1.00000, 0.00000, 0.80000, 0.60000, -0.83102, 0.73102, 0.56962, -0.46962, -0.97372, 0.22775
-1.00000, 0.00000, 0.80000, 0.70000, -0.83102, 0.73102, 0.65622, -0.55622, -0.97372, 0.22775
-1.00000, 0.00000, 0.80000, 0.80000, -0.83102, 0.73102, 0.74282, -0.64282, -0.97372, 0.22775
-1.00000, 0.00000, 0.80000, 0.90000, -0.83102, 0.73102, 0.82942, -0.72942, -0.97372, 0.22775
-1.00000, 0.00000, 0.90000, -1.00000, -0.84810, 0.79810, -0.84103, 0.89103, -0.96975, 0.24412
-1.00000, 0.00000, 0.90000, -0.90000, -0.84810, 0.79810, -0.75442, 0.80442, -0.96975, 0.24412
-1.00000, 0.00000, 0.90000, -0.80000, -0.84810, 0.79810, -0.66782, 0.71782, -0.96975, 0.24412
-1.00000, 0.00000, 0.90000, -0.70000, -0.84810, 0.79810, -0.58122, 0.63122, -0.96975, 0.24412
-1.00000, 0.00000, 0.90000, -0.60000, -0.84810, 0.79810, -0.49462, 0.54462, -0.96975, 0.24412
-1.00000, 0.00000, 0.90000, -0.50000, -0.84810, 0.79810, -0.40801, 0.45801, -0.96975, 0.24412
-1.00000, 0.00000, 0.90000, -0.40000, -0.84810, 0.79810, -0.32141, 0.37141, -0.96975, 0.24412
-1.00000, 0.00000, 0.90000, -0.30000, -0.84810, 0.79810, -0.23481, 0.28481, -0.96975, 0.24412
-1.00000, 0.00000, 0.90000, -0.20000, -0.84810, 0.79810, -0.14821, 0.19821, -0.96975, 0.24412
-1.00000, 0.00000, 0.90000, -0.10000, -0.84810, 0.79810, -0.06160, 0.11160, -0.96975, 0.24412
-1.00000, 0.00000, 0.90000, -0.00000, -0.84810, 0.79810, 0.02500, 0.02500, -0.96975, 0.24412
-1.00000, 0.00000, 0.90000, 0.10000, -0.84810, 0.79810, 0.11160, -0.06160, -0.96975, 0.24412
-1.00000, 0.00000, 0.90000, 0.20000, -0.84810, 0.79810, 0.19821, -0.14821, -0.96975, 0.24412
-1.00000, 0.00000, 0.90000, 0.30000, -0.84810, 0.79810, 0.28481, -0.23481, -0.96975, 0.24412
-1.00000, 0.00000, 0.90000, 0.40000, -0.84810, 0.79810, 0.37141, -0.32141, -0.96975, 0.24412
-1.00000, 0.00000, 0.90000, 0.50000, -0.84810, 0.79810, 0.45801, -0.40801, -0.96975, 0.24412
-1.00000, 0.00000, 0.90000, 0.60000, -0.84810, 0.79810, 0.54462, -0.49462, -0.96975, 0.24412
-1.00000, 0.00000, 0.90000, 0.70000, -0.84810, 0.79810, 0.63122, -0.58122, -0.96975, 0.24412
-1.00000, 0.00000, 0.90000, 0.80000, -0.84810, 0.79810, 0.71782, -0.66782, -0.96975, 0.24412
-1.00000, 0.00000, 0.90000, 0.90000, -0.84810, 0.79810, 0.80442, -0.75442, -0.96975, 0.24412
