j1,j3,j2,j4,Eigenvalue1,Eigenvalue2,e3,e4,First Eigenvector Comp 1,First Eigenvector Comp 2,concur_fin,density_fin_1,density_fin_2,density_fin_3,density_fin_4,density_fin_5,density_fin_6,density_fin_7,density_fin_8,density_fin_9,density_fin_10,density_fin_11,density_fin_12
-1.0,0.0,-1.0,-1.0,-1.0,-0.0,-0.36603,1.36603,-0.86603,-0.5,0.3908679799852858,1.0,3.7200759760208356e-44,2.9311141415308046e-28,1.7563970469342676e-103,0.0,0.0,-0.0,0.0,-0.0,0.0,0.0,0.0
-1.0,0.0,-1.0,-0.9,-1.0,-0.0,-0.27942,1.27942,-0.86603,-0.5,0.3908679799852858,1.0,3.7200759760208356e-44,5.077012387104139e-32,1.014021599688969e-99,0.0,0.0,-0.0,0.0,-0.0,0.0,0.0,0.0
-1.0,0.0,-1.0,-0.8,-1.0,-0.0,-0.19282,1.19282,-0.86603,-0.5,0.3908679799852858,1.0,3.7200759760208356e-44,8.802742738785633e-36,5.848404724732694e-96,0.0,0.0,-0.0,0.0,-0.0,0.0,0.0,0.0
-1.0,0.0,-1.0,-0.7,-1.0,-0.0,-0.10622,1.10622,-0.86603,-0.5,0.3908679799852858,1.0,3.7200759760208356e-44,1.5262574486142134e-39,3.3730876970241116e-92,0.0,0.0,-0.0,0.0,-0.0,0.0,0.0,0.0
-1.0,0.0,-1.0,-0.6,-1.0,-0.0,-0.01962,1.01962,-0.86603,-0.5,0.3908679799852858,1.0,3.7200759760208356e-44,2.6462908988428814e-43,1.945440021224867e-88,0.0,0.0,-0.0,0.0,-0.0,0.0,0.0,0.0
-1.0,0.0,-1.0,-0.5,-1.0,-0.0,0.06699,0.93301,-0.86603,-0.5,0.3908679799852858,1.0,3.7200759760208356e-44,4.583667173837724e-47,1.1231618761057696e-84,0.0,0.0,-0.0,0.0,-0.0,0.0,0.0,0.0
-1.0,0.0,-1.0,-0.4,-1.0,-0.0,0.15359,0.84641,-0.86603,-0.5,0.3908679799852858,1.0,3.7200759760208356e-44,7.94735956012203e-51,6.477875052041824e-81,0.0,0.0,-0.0,0.0,-0.0,0.0,0.0,0.0
-1.0,0.0,-1.0,-0.3,-1.0,-0.0,0.24019,0.75981,-0.86603,-0.5,0.3908679799852858,1.0,3.7200759760208356e-44,1.3779474290447096e-54,3.736136890201352e-77,0.0,0.0,-0.0,0.0,-0.0,0.0,0.0,0.0
-1.0,0.0,-1.0,-0.2,-1.0,-0.0,0.32679,0.67321,-0.86603,-0.5,0.3908679799852858,1.0,3.7200759760208356e-44,2.3891445993438353e-58,2.1548299018091817e-73,0.0,0.0,-0.0,0.0,-0.0,0.0,0.0,0.0
-1.0,0.0,-1.0,-0.1,-1.0,-0.0,0.4134,0.5866,-0.86603,-0.5,0.3908679799852858,1.0,3.7200759760208356e-44,4.138261473201049e-62,1.2440490422732493e-69,0.0,0.0,-0.0,0.0,-0.0,0.0,0.0,0.0
-1.0,0.0,-1.0,-0.0,-1.0,-0.0,0.5,0.5,-0.86603,-0.5,0.3908679799852858,1.0,3.7200759760208356e-44,7.17509597316441e-66,7.17509597316441e-66,0.0,0.0,-0.0,0.0,-0.0,0.0,0.0,0.0
-1.0,0.0,-1.0,0.1,-1.0,-0.0,0.5866,0.4134,-0.86603,-0.5,0.3908679799852858,1.0,3.7200759760208356e-44,1.2440490422732493e-69,4.138261473201049e-62,0.0,0.0,-0.0,0.0,-0.0,0.0,0.0,0.0
-1.0,0.0,-1.0,0.2,-1.0,-0.0,0.67321,0.32679,-0.86603,-0.5,0.3908679799852858,1.0,3.7200759760208356e-44,2.1548299018091817e-73,2.3891445993438353e-58,0.0,0.0,-0.0,0.0,-0.0,0.0,0.0,0.0
-1.0,0.0,-1.0,0.3,-1.0,-0.0,0.75981,0.24019,-0.86603,-0.5,0.3908679799852858,1.0,3.7200759760208356e-44,3.736136890201352e-77,1.3779474290447096e-54,0.0,0.0,-0.0,0.0,-0.0,0.0,0.0,0.0
-1.0,0.0,-1.0,0.4,-1.0,-0.0,0.84641,0.15359,-0.86603,-0.5,0.3908679799852858,1.0,3.7200759760208356e-44,6.477875052041824e-81,7.94735956012203e-51,0.0,0.0,-0.0,0.0,-0.0,0.0,0.0,0.0
-1.0,0.0,-1.0,0.5,-1.0,-0.0,0.93301,0.06699,-0.86603,-0.5,0.3908679799852858,1.0,3.7200759760208356e-44,1.1231618761057696e-84,4.583667173837724e-47,0.0,0.0,-0.0,0.0,-0.0,0.0,0.0,0.0
-1.0,0.0,-1.0,0.6,-1.0,-0.0,1.01962,-0.01962,-0.86603,-0.5,0.3908679799852858,1.0,3.7200759760208356e-44,1.945440021224867e-88,2.6462908988428814e-43,0.0,0.0,-0.0,0.0,-0.0,0.0,0.0,0.0
-1.0,0.0,-1.0,0.7,-1.0,-0.0,1.10622,-0.10622,-0.86603,-0.5,0.3908679799852858,1.0,3.7200759760208356e-44,3.3730876970241116e-92,1.5262574486142134e-39,0.0,0.0,-0.0,0.0,-0.0,0.0,0.0,0.0
-1.0,0.0,-1.0,0.8,-1.0,-0.0,1.19282,-0.19282,-0.86603,-0.5,0.3908679799852858,1.0,3.7200759760208356e-44,5.848404724732694e-96,8.802742738785633e-36,0.0,0.0,-0.0,0.0,-0.0,0.0,0.0,0.0
-1.0,0.0,-1.0,0.9,-1.0,-0.0,1.27942,-0.27942,-0.86603,-0.5,0.3908679799852858,1.0,3.7200759760208356e-44,1.014021599688969e-99,5.077012387104139e-32,0.0,0.0,-0.0,0.0,-0.0,0.0,0.0,0.0
-1.0,0.0,-0.9,-1.0,-0.95197,0.00197,-0.39103,1.34103,-0.88785,-0.46013,0.3621950531963919,1.0,3.723164228351409e-42,4.351964380320486e-25,2.6078061163343835e-100,0.0,0.0,0.0,0.0,-0.0,0.0,0.0,0.0
-1.0,0.0,-0.9,-0.9,-0.95197,0.00197,-0.30442,1.25442,-0.88785,-0.46013,0.3621950531963919,1.0,3.723164228351409e-42,7.538081425782949e-29,1.5055660304027606e-96,0.0,0.0,0.0,0.0,-0.0,0.0,0.0,0.0
-1.0,0.0,-0.9,-0.8,-0.95197,0.00197,-0.21782,1.16782,-0.88785,-0.46013,0.3621950531963919,1.0,3.723164228351409e-42,1.3069850233915656e-32,8.683404267034706e-93,0.0,0.0,0.0,0.0,-0.0,0.0,0.0,0.0
-1.0,0.0,-0.9,-0.7,-0.95197,0.00197,-0.13122,1.08122,-0.88785,-0.46013,0.3621950531963919,1.0,3.723164228351409e-42,2.266106924140086e-36,5.008183509864832e-89,0.0,0.0,0.0,0.0,-0.0,0.0,0.0,0.0
-1.0,0.0,-0.9,-0.6,-0.95197,0.00197,-0.04462,0.99462,-0.88785,-0.46013,0.3621950531963919,1.0,3.723164228351409e-42,3.929073784112637e-40,2.88848719893209e-85,0.0,0.0,0.0,0.0,-0.0,0.0,0.0,0.0
-1.0,0.0,-0.9,-0.5,-0.95197,0.00197,0.04199,0.90801,-0.88785,-0.46013,0.3621950531963919,1.0,3.723164228351409e-42,6.805588356026284e-44,1.6676117824580698e-81,0.0,0.0,0.0,0.0,-0.0,0.0,0.0,0.0
-1.0,0.0,-0.9,-0.4,-0.95197,0.00197,0.12859,0.82141,-0.88785,-0.46013,0.3621950531963919,1.0,3.723164228351409e-42,1.1799822201801852e-47,9.618008758925176e-78,0.0,0.0,0.0,0.0,-0.0,0.0,0.0,0.0
-1.0,0.0,-0.9,-0.3,-0.95197,0.00197,0.21519,0.73481,-0.88785,-0.46013,0.3621950531963919,1.0,3.723164228351409e-42,2.0459039940440145e-51,5.547219890135675e-74,0.0,0.0,0.0,0.0,-0.0,0.0,0.0,0.0
-1.0,0.0,-0.9,-0.2,-0.95197,0.00197,0.30179,0.64821,-0.88785,-0.46013,0.3621950531963919,1.0,3.723164228351409e-42,3.547276459984352e-55,3.1993782996882626e-70,0.0,0.0,0.0,0.0,-0.0,0.0,0.0,0.0
-1.0,0.0,-0.9,-0.1,-0.95197,0.00197,0.3884,0.5616,-0.88785,-0.46013,0.3621950531963919,1.0,3.723164228351409e-42,6.14427335757649e-59,1.8470986996492223e-66,0.0,0.0,0.0,0.0,-0.0,0.0,0.0,0.0
-1.0,0.0,-0.9,-0.0,-0.95197,0.00197,0.475,0.475,-0.88785,-0.46013,0.3621950531963919,1.0,3.723164228351409e-42,1.0653205775290786e-62,1.0653205775290786e-62,0.0,0.0,0.0,0.0,-0.0,0.0,0.0,0.0
-1.0,0.0,-0.9,0.1,-0.95197,0.00197,0.5616,0.3884,-0.88785,-0.46013,0.3621950531963919,1.0,3.723164228351409e-42,1.8470986996492223e-66,6.14427335757649e-59,0.0,0.0,0.0,0.0,-0.0,0.0,0.0,0.0
-1.0,0.0,-0.9,0.2,-0.95197,0.00197,0.64821,0.30179,-0.88785,-0.46013,0.3621950531963919,1.0,3.723164228351409e-42,3.1993782996882626e-70,3.547276459984352e-55,0.0,0.0,0.0,0.0,-0.0,0.0,0.0,0.0
-1.0,0.0,-0.9,0.3,-0.95197,0.00197,0.73481,0.21519,-0.88785,-0.46013,0.3621950531963919,1.0,3.723164228351409e-42,5.547219890135675e-74,2.0459039940440145e-51,0.0,0.0,0.0,0.0,-0.0,0.0,0.0,0.0
-1.0,0.0,-0.9,0.4,-0.95197,0.00197,0.82141,0.12859,-0.88785,-0.46013,0.3621950531963919,1.0,3.723164228351409e-42,9.618008758925176e-78,1.1799822201801852e-47,0.0,0.0,0.0,0.0,-0.0,0.0,0.0,0.0
-1.0,0.0,-0.9,0.5,-0.95197,0.00197,0.90801,0.04199,-0.88785,-0.46013,0.3621950531963919,1.0,3.723164228351409e-42,1.6676117824580698e-81,6.805588356026284e-44,0.0,0.0,0.0,0.0,-0.0,0.0,0.0,0.0
-1.0,0.0,-0.9,0.6,-0.95197,0.00197,0.99462,-0.04462,-0.88785,-0.46013,0.3621950531963919,1.0,3.723164228351409e-42,2.88848719893209e-85,3.929073784112637e-40,0.0,0.0,0.0,0.0,-0.0,0.0,0.0,0.0
-1.0,0.0,-0.9,0.7,-0.95197,0.00197,1.08122,-0.13122,-0.88785,-0.46013,0.3621950531963919,1.0,3.723164228351409e-42,5.008183509864832e-89,2.266106924140086e-36,0.0,0.0,0.0,0.0,-0.0,0.0,0.0,0.0
-1.0,0.0,-0.9,0.8,-0.95197,0.00197,1.16782,-0.21782,-0.88785,-0.46013,0.3621950531963919,1.0,3.723164228351409e-42,8.683404267034706e-93,1.3069850233915656e-32,0.0,0.0,0.0,0.0,-0.0,0.0,0.0,0.0
-1.0,0.0,-0.9,0.9,-0.95197,0.00197,1.25442,-0.30442,-0.88785,-0.46013,0.3621950531963919,1.0,3.723164228351409e-42,1.5055660304027606e-96,7.538081425782949e-29,0.0,0.0,0.0,0.0,-0.0,0.0,0.0,0.0
-1.0,0.0,-0.8,-1.0,-0.90826,0.00826,-0.41603,1.31603,-0.90958,-0.41554,0.32937797946319797,1.0,1.5705152021449329e-40,4.1949106724106705e-22,2.513695598809799e-97,0.0,0.0,0.0,0.0,-0.0,0.0,0.0,0.0
-1.0,0.0,-0.8,-0.9,-0.90826,0.00826,-0.32942,1.22942,-0.90958,-0.41554,0.32937797946319797,1.0,1.5705152021449329e-40,7.266047113232318e-26,1.4512331574943863e-93,0.0,0.0,0.0,0.0,-0.0,0.0,0.0,0.0
-1.0,0.0,-0.8,-0.8,-0.90826,0.00826,-0.24282,1.14282,-0.90958,-0.41554,0.32937797946319797,1.0,1.5705152021449329e-40,1.2598185426560029e-29,8.370037539222298e-90,0.0,0.0,0.0,0.0,-0.0,0.0,0.0,0.0
-1.0,0.0,-0.8,-0.7,-0.90826,0.00826,-0.15622,1.05622,-0.90958,-0.41554,0.32937797946319797,1.0,1.5705152021449329e-40,2.1843276484259553e-33,4.827448163391514e-86,0.0,0.0,0.0,0.0,-0.0,0.0,0.0,0.0
-1.0,0.0,-0.8,-0.6,-0.90826,0.00826,-0.06962,0.96962,-0.90958,-0.41554,0.32937797946319797,1.0,1.5705152021449329e-40,3.787281353724984e-37,2.784247461379577e-82,0.0,0.0,0.0,0.0,-0.0,0.0,0.0,0.0
-1.0,0.0,-0.8,-0.5,-0.90826,0.00826,0.01699,0.88301,-0.90958,-0.41554,0.32937797946319797,1.0,1.5705152021449329e-40,6.559988256297738e-41,1.6074310018033924e-78,0.0,0.0,0.0,0.0,-0.0,0.0,0.0,0.0
-1.0,0.0,-0.8,-0.4,-0.90826,0.00826,0.10359,0.79641,-0.90958,-0.41554,0.32937797946319797,1.0,1.5705152021449329e-40,1.1373990171133196e-44,9.27091402048271e-75,0.0,0.0,0.0,0.0,-0.0,0.0,0.0,0.0
-1.0,0.0,-0.8,-0.3,-0.90826,0.00826,0.19019,0.70981,-0.90958,-0.41554,0.32937797946319797,1.0,1.5705152021449329e-40,1.9720714025492172e-48,5.3470317966216704e-71,0.0,0.0,0.0,0.0,-0.0,0.0,0.0,0.0
-1.0,0.0,-0.8,-0.2,-0.90826,0.00826,0.27679,0.62321,-0.90958,-0.41554,0.32937797946319797,1.0,1.5705152021449329e-40,3.419262332952201e-52,3.0839191228520464e-67,0.0,0.0,0.0,0.0,-0.0,0.0,0.0,0.0
-1.0,0.0,-0.8,-0.1,-0.90826,0.00826,0.3634,0.5366,-0.90958,-0.41554,0.32937797946319797,1.0,1.5705152021449329e-40,5.922538796148939e-56,1.7804405944112505e-63,0.0,0.0,0.0,0.0,-0.0,0.0,0.0,0.0
-1.0,0.0,-0.8,-0.0,-0.90826,0.00826,0.45,0.45,-0.90958,-0.41554,0.32937797946319797,1.0,1.5705152021449329e-40,1.0268752842794023e-59,1.0268752842794023e-59,0.0,0.0,0.0,0.0,-0.0,0.0,0.0,0.0
-1.0,0.0,-0.8,0.1,-0.90826,0.00826,0.5366,0.3634,-0.90958,-0.41554,0.32937797946319797,1.0,1.5705152021449329e-40,1.7804405944112505e-63,5.922538796148939e-56,0.0,0.0,0.0,0.0,-0.0,0.0,0.0,0.0
-1.0,0.0,-0.8,0.2,-0.90826,0.00826,0.62321,0.27679,-0.90958,-0.41554,0.32937797946319797,1.0,1.5705152021449329e-40,3.0839191228520464e-67,3.419262332952201e-52,0.0,0.0,0.0,0.0,-0.0,0.0,0.0,0.0
-1.0,0.0,-0.8,0.3,-0.90826,0.00826,0.70981,0.19019,-0.90958,-0.41554,0.32937797946319797,1.0,1.5705152021449329e-40,5.3470317966216704e-71,1.9720714025492172e-48,0.0,0.0,0.0,0.0,-0.0,0.0,0.0,0.0
-1.0,0.0,-0.8,0.4,-0.90826,0.00826,0.79641,0.10359,-0.90958,-0.41554,0.32937797946319797,1.0,1.5705152021449329e-40,9.27091402048271e-75,1.1373990171133196e-44,0.0,0.0,0.0,0.0,-0.0,0.0,0.0,0.0
-1.0,0.0,-0.8,0.5,-0.90826,0.00826,0.88301,0.01699,-0.90958,-0.41554,0.32937797946319797,1.0,1.5705152021449329e-40,1.6074310018033924e-78,6.559988256297738e-41,0.0,0.0,0.0,0.0,-0.0,0.0,0.0,0.0
-1.0,0.0,-0.8,0.6,-0.90826,0.00826,0.96962,-0.06962,-0.90958,-0.41554,0.32937797946319797,1.0,1.5705152021449329e-40,2.784247461379577e-82,3.787281353724984e-37,0.0,0.0,0.0,0.0,-0.0,0.0,0.0,0.0
-1.0,0.0,-0.8,0.7,-0.90826,0.00826,1.05622,-0.15622,-0.90958,-0.41554,0.32937797946319797,1.0,1.5705152021449329e-40,4.827448163391514e-86,2.1843276484259553e-33,0.0,0.0,0.0,0.0,-0.0,0.0,0.0,0.0
-1.0,0.0,-0.8,0.8,-0.90826,0.00826,1.14282,-0.24282,-0.90958,-0.41554,0.32937797946319797,1.0,1.5705152021449329e-40,8.370037539222298e-90,1.2598185426560029e-29,0.0,0.0,0.0,0.0,-0.0,0.0,0.0,0.0
-1.0,0.0,-0.8,0.9,-0.90826,0.00826,1.22942,-0.32942,-0.90958,-0.41554,0.32937797946319797,1.0,1.5705152021449329e-40,1.4512331574943863e-93,7.266047113232318e-26,0.0,0.0,0.0,0.0,-0.0,0.0,0.0,0.0
-1.0,0.0,-0.7,-1.0,-0.86941,0.01941,-0.44103,1.29103,-0.93041,-0.36653,0.29249286701160304,1.0,2.5063277317848434e-39,2.487098492287364e-19,1.490331742934768e-94,0.0,0.0,0.0,0.0,-0.0,0.0,0.0,0.0
-1.0,0.0,-0.7,-0.9,-0.86941,0.01941,-0.35442,1.20442,-0.93041,-0.36653,0.29249286701160304,1.0,2.5063277317848434e-39,4.3079283997778634e-23,8.60413982519327e-91,0.0,0.0,0.0,0.0,-0.0,0.0,0.0,0.0
-1.0,0.0,-0.7,-0.8,-0.86941,0.01941,-0.26782,1.11782,-0.93041,-0.36653,0.29249286701160304,1.0,2.5063277317848434e-39,7.469271797854127e-27,4.96246746828239e-87,0.0,0.0,0.0,0.0,-0.0,0.0,0.0,0.0
-1.0,0.0,-0.7,-0.7,-0.86941,0.01941,-0.18122,1.03122,-0.93041,-0.36653,0.29249286701160304,1.0,2.5063277317848434e-39,1.2950545137448385e-30,2.8621203134861333e-83,0.0,0.0,0.0,0.0,-0.0,0.0,0.0,0.0
-1.0,0.0,-0.7,-0.6,-0.86941,0.01941,-0.09462,0.94462,-0.93041,-0.36653,0.29249286701160304,1.0,2.5063277317848434e-39,2.2454212926790523e-34,1.6507378116284727e-79,0.0,0.0,0.0,0.0,-0.0,0.0,0.0,0.0
-1.0,0.0,-0.7,-0.5,-0.86941,0.01941,-0.00801,0.85801,-0.93041,-0.36653,0.29249286701160304,1.0,2.5063277317848434e-39,3.8893168831853033e-38,9.530212996749547e-76,0.0,0.0,0.0,0.0,-0.0,0.0,0.0,0.0
-1.0,0.0,-0.7,-0.4,-0.86941,0.01941,0.07859,0.77141,-0.93041,-0.36653,0.29249286701160304,1.0,2.5063277317848434e-39,6.74346512119187e-42,5.496583379978795e-72,0.0,0.0,0.0,0.0,-0.0,0.0,0.0,0.0
-1.0,0.0,-0.7,-0.3,-0.86941,0.01941,0.16519,0.68481,-0.93041,-0.36653,0.29249286701160304,1.0,2.5063277317848434e-39,1.1692110261658174e-45,3.1701735169365097e-68,0.0,0.0,0.0,0.0,-0.0,0.0,0.0,0.0
-1.0,0.0,-0.7,-0.2,-0.86941,0.01941,0.25179,0.59821,-0.93041,-0.36653,0.29249286701160304,1.0,2.5063277317848434e-39,2.0272284339569605e-49,1.8284085645079812e-64,0.0,0.0,0.0,0.0,-0.0,0.0,0.0,0.0
-1.0,0.0,-0.7,-0.1,-0.86941,0.01941,0.3384,0.5116,-0.93041,-0.36653,0.29249286701160304,1.0,2.5063277317848434e-39,3.5113828304598347e-53,1.0555960457252703e-60,0.0,0.0,0.0,0.0,-0.0,0.0,0.0,0.0
-1.0,0.0,-0.7,-0.0,-0.86941,0.01941,0.425,0.425,-0.93041,-0.36653,0.29249286701160304,1.0,2.5063277317848434e-39,6.088186783321458e-57,6.088186783321458e-57,0.0,0.0,0.0,0.0,-0.0,0.0,0.0,0.0
-1.0,0.0,-0.7,0.1,-0.86941,0.01941,0.5116,0.3384,-0.93041,-0.36653,0.29249286701160304,1.0,2.5063277317848434e-39,1.0555960457252703e-60,3.5113828304598347e-53,0.0,0.0,0.0,0.0,-0.0,0.0,0.0,0.0
-1.0,0.0,-0.7,0.2,-0.86941,0.01941,0.59821,0.25179,-0.93041,-0.36653,0.29249286701160304,1.0,2.5063277317848434e-39,1.8284085645079812e-64,2.0272284339569605e-49,0.0,0.0,0.0,0.0,-0.0,0.0,0.0,0.0
-1.0,0.0,-0.7,0.3,-0.86941,0.01941,0.68481,0.16519,-0.93041,-0.36653,0.29249286701160304,1.0,2.5063277317848434e-39,3.1701735169365097e-68,1.1692110261658174e-45,0.0,0.0,0.0,0.0,-0.0,0.0,0.0,0.0
-1.0,0.0,-0.7,0.4,-0.86941,0.01941,0.77141,0.07859,-0.93041,-0.36653,0.29249286701160304,1.0,2.5063277317848434e-39,5.496583379978795e-72,6.74346512119187e-42,0.0,0.0,0.0,0.0,-0.0,0.0,0.0,0.0
-1.0,0.0,-0.7,0.5,-0.86941,0.01941,0.85801,-0.00801,-0.93041,-0.36653,0.29249286701160304,1.0,2.5063277317848434e-39,9.530212996749547e-76,3.8893168831853033e-38,0.0,0.0,0.0,0.0,-0.0,0.0,0.0,0.0
-1.0,0.0,-0.7,0.6,-0.86941,0.01941,0.94462,-0.09462,-0.93041,-0.36653,0.29249286701160304,1.0,2.5063277317848434e-39,1.6507378116284727e-79,2.2454212926790523e-34,0.0,0.0,0.0,0.0,-0.0,0.0,0.0,0.0
-1.0,0.0,-0.7,0.7,-0.86941,0.01941,1.03122,-0.18122,-0.93041,-0.36653,0.29249286701160304,1.0,2.5063277317848434e-39,2.8621203134861333e-83,1.2950545137448385e-30,0.0,0.0,0.0,0.0,-0.0,0.0,0.0,0.0
-1.0,0.0,-0.7,0.8,-0.86941,0.01941,1.11782,-0.26782,-0.93041,-0.36653,0.29249286701160304,1.0,2.5063277317848434e-39,4.96246746828239e-87,7.469271797854127e-27,0.0,0.0,0.0,0.0,-0.0,0.0,0.0,0.0
-1.0,0.0,-0.7,0.9,-0.86941,0.01941,1.20442,-0.35442,-0.93041,-0.36653,0.29249286701160304,1.0,2.5063277317848434e-39,8.60413982519327e-91,4.3079283997778634e-23,0.0,0.0,0.0,0.0,-0.0,0.0,0.0,0.0
-1.0,0.0,-0.6,-1.0,-0.83589,0.03589,-0.46603,1.26603,-0.94946,-0.31388,0.25203864071323834,0.9999999999999999,1.3774494077355174e-38,8.653350447315843e-17,5.185304439838496e-92,0.0,0.0,0.0,0.0,-0.0,0.0,0.0,0.0
-1.0,0.0,-0.6,-0.9,-0.83589,0.03589,-0.37942,1.17942,-0.94946,-0.31388,0.25203864071323834,1.0,1.3774494077355174e-38,1.4988555644588825e-20,2.993634447368807e-88,0.0,0.0,0.0,0.0,-0.0,0.0,0.0,0.0
-1.0,0.0,-0.6,-0.8,-0.83589,0.03589,-0.29282,1.09282,-0.94946,-0.31388,0.25203864071323834,1.0,1.3774494077355174e-38,2.5987803319216686e-24,1.7265890442062335e-84,0.0,0.0,0.0,0.0,-0.0,0.0,0.0,0.0
-1.0,0.0,-0.6,-0.7,-0.83589,0.03589,-0.20622,1.00622,-0.94946,-0.31388,0.25203864071323834,1.0,1.3774494077355174e-38,4.505877266446991e-28,9.958162160357077e-81,0.0,0.0,0.0,0.0,-0.0,0.0,0.0,0.0
-1.0,0.0,-0.6,-0.6,-0.83589,0.03589,-0.11962,0.91962,-0.94946,-0.31388,0.25203864071323834,1.0,1.3774494077355174e-38,7.812484068351736e-32,5.743404543468265e-77,0.0,0.0,0.0,0.0,-0.0,0.0,0.0,0.0
-1.0,0.0,-0.6,-0.5,-0.83589,0.03589,-0.03301,0.83301,-0.94946,-0.31388,0.25203864071323834,1.0,1.3774494077355174e-38,1.3532082503058234e-35,3.3158426638179485e-73,0.0,0.0,0.0,0.0,-0.0,0.0,0.0,0.0
-1.0,0.0,-0.6,-0.4,-0.83589,0.03589,0.05359,0.74641,-0.94946,-0.31388,0.25203864071323834,1.0,1.3774494077355174e-38,2.3462507457538073e-39,1.9124237498975725e-69,0.0,0.0,0.0,0.0,-0.0,0.0,0.0,0.0
-1.0,0.0,-0.6,-0.3,-0.83589,0.03589,0.14019,0.65981,-0.94946,-0.31388,0.25203864071323834,1.0,1.3774494077355174e-38,4.0680305937435696e-43,1.1029970266928042e-65,0.0,0.0,0.0,0.0,-0.0,0.0,0.0,0.0
-1.0,0.0,-0.6,-0.2,-0.83589,0.03589,0.22679,0.57321,-0.94946,-0.31388,0.25203864071323834,1.0,1.3774494077355174e-38,7.053326649584863e-47,6.361573584088304e-62,0.0,0.0,0.0,0.0,-0.0,0.0,0.0,0.0
-1.0,0.0,-0.6,-0.1,-0.83589,0.03589,0.3134,0.4866,-0.94946,-0.31388,0.25203864071323834,1.0,1.3774494077355174e-38,1.2217138276140972e-50,3.672730510186081e-58,0.0,0.0,0.0,0.0,-0.0,0.0,0.0,0.0
-1.0,0.0,-0.6,-0.0,-0.83589,0.03589,0.4,0.4,-0.94946,-0.31388,0.25203864071323834,1.0,1.3774494077355174e-38,2.118260052352991e-54,2.118260052352991e-54,0.0,0.0,0.0,0.0,-0.0,0.0,0.0,0.0
-1.0,0.0,-0.6,0.1,-0.83589,0.03589,0.4866,0.3134,-0.94946,-0.31388,0.25203864071323834,1.0,1.3774494077355174e-38,3.672730510186081e-58,1.2217138276140972e-50,0.0,0.0,0.0,0.0,-0.0,0.0,0.0,0.0
-1.0,0.0,-0.6,0.2,-0.83589,0.03589,0.57321,0.22679,-0.94946,-0.31388,0.25203864071323834,1.0,1.3774494077355174e-38,6.361573584088304e-62,7.053326649584863e-47,0.0,0.0,0.0,0.0,-0.0,0.0,0.0,0.0
-1.0,0.0,-0.6,0.3,-0.83589,0.03589,0.65981,0.14019,-0.94946,-0.31388,0.25203864071323834,1.0,1.3774494077355174e-38,1.1029970266928042e-65,4.0680305937435696e-43,0.0,0.0,0.0,0.0,-0.0,0.0,0.0,0.0
-1.0,0.0,-0.6,0.4,-0.83589,0.03589,0.74641,0.05359,-0.94946,-0.31388,0.25203864071323834,1.0,1.3774494077355174e-38,1.9124237498975725e-69,2.3462507457538073e-39,0.0,0.0,0.0,0.0,-0.0,0.0,0.0,0.0
-1.0,0.0,-0.6,0.5,-0.83589,0.03589,0.83301,-0.03301,-0.94946,-0.31388,0.25203864071323834,1.0,1.3774494077355174e-38,3.3158426638179485e-73,1.3532082503058234e-35,0.0,0.0,0.0,0.0,-0.0,0.0,0.0,0.0
-1.0,0.0,-0.6,0.6,-0.83589,0.03589,0.91962,-0.11962,-0.94946,-0.31388,0.25203864071323834,1.0,1.3774494077355174e-38,5.743404543468265e-77,7.812484068351736e-32,0.0,0.0,0.0,0.0,-0.0,0.0,0.0,0.0
-1.0,0.0,-0.6,0.7,-0.83589,0.03589,1.00622,-0.20622,-0.94946,-0.31388,0.25203864071323834,1.0,1.3774494077355174e-38,9.958162160357077e-81,4.505877266446991e-28,0.0,0.0,0.0,0.0,-0.0,0.0,0.0,0.0
-1.0,0.0,-0.6,0.8,-0.83589,0.03589,1.09282,-0.29282,-0.94946,-0.31388,0.25203864071323834,1.0,1.3774494077355174e-38,1.7265890442062335e-84,2.5987803319216686e-24,0.0,0.0,0.0,0.0,-0.0,0.0,0.0,0.0
-1.0,0.0,-0.6,0.9,-0.83589,0.03589,1.17942,-0.37942,-0.94946,-0.31388,0.25203864071323834,1.0,1.3774494077355174e-38,2.993634447368807e-88,1.4988555644588825e-20,0.0,0.0,0.0,0.0,-0.0,0.0,0.0,0.0
-1.0,0.0,-0.5,-1.0,-0.80801,0.05801,-0.49103,1.24103,-0.96593,-0.25882,0.208952952104529,0.9999999999999828,2.450356523519949e-38,1.7129059290334483e-14,1.0264161578707078e-89,0.0,0.0,0.0,0.0,-0.0,0.0,0.0,0.0
-1.0,0.0,-0.5,-0.9,-0.80801,0.05801,-0.40442,1.15442,-0.96593,-0.25882,0.2089529521045212,1.0,2.450356523519991e-38,2.9669416473509558e-18,5.925813620373447e-86,0.0,0.0,0.0,0.0,-0.0,0.0,0.0,0.0
-1.0,0.0,-0.5,-0.8,-0.80801,0.05801,-0.31782,1.06782,-0.96593,-0.25882,0.2089529521045212,1.0,2.450356523519991e-38,5.144211211490905e-22,3.417733545903522e-82,0.0,0.0,0.0,0.0,-0.0,0.0,0.0,0.0
-1.0,0.0,-0.5,-0.7,-0.80801,0.05801,-0.23122,0.98122,-0.96593,-0.25882,0.2089529521045212,1.0,2.450356523519991e-38,8.919254954695933e-26,1.971189669319726e-78,0.0,0.0,0.0,0.0,-0.0,0.0,0.0,0.0
-1.0,0.0,-0.5,-0.6,-0.80801,0.05801,-0.14462,0.89462,-0.96593,-0.25882,0.2089529521045212,1.0,2.450356523519991e-38,1.546458838415612e-29,1.1368904744169166e-74,0.0,0.0,0.0,0.0,-0.0,0.0,0.0,0.0
-1.0,0.0,-0.5,-0.5,-0.80801,0.05801,-0.05801,0.80801,-0.96593,-0.25882,0.2089529521045212,1.0,2.450356523519991e-38,2.6786369618080734e-33,6.5636155535081816e-71,0.0,0.0,0.0,0.0,-0.0,0.0,0.0,0.0
-1.0,0.0,-0.5,-0.4,-0.80801,0.05801,0.02859,0.72141,-0.96593,-0.25882,0.2089529521045212,1.0,2.450356523519991e-38,4.644336130692047e-37,3.785588021620165e-67,0.0,0.0,0.0,0.0,-0.0,0.0,0.0,0.0
-1.0,0.0,-0.5,-0.3,-0.80801,0.05801,0.11519,0.63481,-0.96593,-0.25882,0.2089529521045212,1.0,2.450356523519991e-38,8.052550010469494e-41,2.18335101326498e-63,0.0,0.0,0.0,0.0,-0.0,0.0,0.0,0.0
-1.0,0.0,-0.5,-0.2,-0.80801,0.05801,0.20179,0.54821,-0.96593,-0.25882,0.2089529521045212,1.0,2.450356523519991e-38,1.396185802371072e-44,1.2592552649416442e-59,0.0,0.0,0.0,0.0,-0.0,0.0,0.0,0.0
-1.0,0.0,-0.5,-0.1,-0.80801,0.05801,0.2884,0.4616,-0.96593,-0.25882,0.2089529521045212,1.0,2.450356523519991e-38,2.4183475194298797e-48,7.270064820489601e-56,0.0,0.0,0.0,0.0,-0.0,0.0,0.0,0.0
-1.0,0.0,-0.5,-0.0,-0.80801,0.05801,0.375,0.375,-0.96593,-0.25882,0.2089529521045212,1.0,2.450356523519991e-38,4.193035085081617e-52,4.193035085081617e-52,0.0,0.0,0.0,0.0,-0.0,0.0,0.0,0.0
-1.0,0.0,-0.5,0.1,-0.80801,0.05801,0.4616,0.2884,-0.96593,-0.25882,0.2089529521045212,1.0,2.450356523519991e-38,7.270064820489601e-56,2.4183475194298797e-48,0.0,0.0,0.0,0.0,-0.0,0.0,0.0,0.0
-1.0,0.0,-0.5,0.2,-0.80801,0.05801,0.54821,0.20179,-0.96593,-0.25882,0.2089529521045212,1.0,2.450356523519991e-38,1.2592552649416442e-59,1.396185802371072e-44,0.0,0.0,0.0,0.0,-0.0,0.0,0.0,0.0
-1.0,0.0,-0.5,0.3,-0.80801,0.05801,0.63481,0.11519,-0.96593,-0.25882,0.2089529521045212,1.0,2.450356523519991e-38,2.18335101326498e-63,8.052550010469494e-41,0.0,0.0,0.0,0.0,-0.0,0.0,0.0,0.0
-1.0,0.0,-0.5,0.4,-0.80801,0.05801,0.72141,0.02859,-0.96593,-0.25882,0.2089529521045212,1.0,2.450356523519991e-38,3.785588021620165e-67,4.644336130692047e-37,0.0,0.0,0.0,0.0,-0.0,0.0,0.0,0.0
-1.0,0.0,-0.5,0.5,-0.80801,0.05801,0.80801,-0.05801,-0.96593,-0.25882,0.2089529521045212,1.0,2.450356523519991e-38,6.5636155535081816e-71,2.6786369618080734e-33,0.0,0.0,0.0,0.0,-0.0,0.0,0.0,0.0
-1.0,0.0,-0.5,0.6,-0.80801,0.05801,0.89462,-0.14462,-0.96593,-0.25882,0.2089529521045212,1.0,2.450356523519991e-38,1.1368904744169166e-74,1.546458838415612e-29,0.0,0.0,0.0,0.0,-0.0,0.0,0.0,0.0
-1.0,0.0,-0.5,0.7,-0.80801,0.05801,0.98122,-0.23122,-0.96593,-0.25882,0.2089529521045212,1.0,2.450356523519991e-38,1.971189669319726e-78,8.919254954695933e-26,0.0,0.0,0.0,0.0,-0.0,0.0,0.0,0.0
-1.0,0.0,-0.5,0.8,-0.80801,0.05801,1.06782,-0.31782,-0.96593,-0.25882,0.2089529521045212,1.0,2.450356523519991e-38,3.417733545903522e-82,5.144211211490905e-22,0.0,0.0,0.0,0.0,-0.0,0.0,0.0,0.0
-1.0,0.0,-0.5,0.9,-0.80801,0.05801,1.15442,-0.40442,-0.96593,-0.25882,0.2089529521045212,1.0,2.450356523519991e-38,5.925813620373447e-86,2.9669416473509558e-18,0.0,0.0,0.0,0.0,-0.0,0.0,0.0,0.0
-1.0,0.0,-0.4,-1.0,-0.78589,0.08589,-0.51603,1.21603,-0.9792,-0.2029,0.1645265206716866,0.9999999999980941,1.377449407732894e-38,1.906027276379132e-12,1.1421393087954437e-87,0.0,0.0,0.0,0.0,-0.0,0.0,0.0,0.0
-1.0,0.0,-0.4,-0.9,-0.78589,0.08589,-0.42942,1.12942,-0.9792,-0.2029,0.16452652067072968,0.9999999999999997,1.377449407735519e-38,3.301449082190928e-16,6.593918675712317e-84,0.0,0.0,0.0,0.0,-0.0,0.0,0.0,0.0
-1.0,0.0,-0.4,-0.8,-0.78589,0.08589,-0.34282,1.04282,-0.9792,-0.2029,0.1645265206707295,1.0,1.3774494077355195e-38,5.724194608928909e-20,3.803065452389554e-80,0.0,0.0,0.0,0.0,-0.0,0.0,0.0,0.0
-1.0,0.0,-0.4,-0.7,-0.78589,0.08589,-0.25622,0.95622,-0.9792,-0.2029,0.1645265206707295,1.0,1.3774494077355195e-38,9.924855148499184e-24,2.193431182042406e-76,0.0,0.0,0.0,0.0,-0.0,0.0,0.0,0.0
-1.0,0.0,-0.4,-0.6,-0.78589,0.08589,-0.16962,0.86962,-0.9792,-0.2029,0.1645265206707295,1.0,1.3774494077355195e-38,1.7208141310402196e-27,1.2650690372244302e-72,0.0,0.0,0.0,0.0,-0.0,0.0,0.0,0.0
-1.0,0.0,-0.4,-0.5,-0.78589,0.08589,-0.08301,0.78301,-0.9792,-0.2029,0.1645265206707295,1.0,1.3774494077355195e-38,2.9806395238611476e-31,7.303629501554682e-69,0.0,0.0,0.0,0.0,-0.0,0.0,0.0,0.0
-1.0,0.0,-0.4,-0.4,-0.78589,0.08589,0.00359,0.69641,-0.9792,-0.2029,0.1645265206707295,1.0,1.3774494077355195e-38,5.167961179738598e-35,4.2123936312295476e-65,0.0,0.0,0.0,0.0,-0.0,0.0,0.0,0.0
-1.0,0.0,-0.4,-0.3,-0.78589,0.08589,0.09019,0.60981,-0.9792,-0.2029,0.1645265206707295,1.0,1.3774494077355195e-38,8.960433672532e-39,2.4295126280222566e-61,0.0,0.0,0.0,0.0,-0.0,0.0,0.0,0.0
-1.0,0.0,-0.4,-0.2,-0.78589,0.08589,0.17679,0.52321,-0.9792,-0.2029,0.1645265206707295,1.0,1.3774494077355195e-38,1.5535985818667964e-42,1.40122982951068e-57,0.0,0.0,0.0,0.0,-0.0,0.0,0.0,0.0
-1.0,0.0,-0.4,-0.1,-0.78589,0.08589,0.2634,0.4366,-0.9792,-0.2029,0.1645265206707295,1.0,1.3774494077355195e-38,2.6910037834984204e-46,8.089727295615673e-54,0.0,0.0,0.0,0.0,-0.0,0.0,0.0,0.0
-1.0,0.0,-0.4,-0.0,-0.78589,0.08589,0.35,0.35,-0.9792,-0.2029,0.1645265206707295,1.0,1.3774494077355195e-38,4.665778258765864e-50,4.665778258765864e-50,0.0,0.0,0.0,0.0,-0.0,0.0,0.0,0.0
-1.0,0.0,-0.4,0.1,-0.78589,0.08589,0.4366,0.2634,-0.9792,-0.2029,0.1645265206707295,1.0,1.3774494077355195e-38,8.089727295615673e-54,2.6910037834984204e-46,0.0,0.0,0.0,0.0,-0.0,0.0,0.0,0.0
-1.0,0.0,-0.4,0.2,-0.78589,0.08589,0.52321,0.17679,-0.9792,-0.2029,0.1645265206707295,1.0,1.3774494077355195e-38,1.40122982951068e-57,1.5535985818667964e-42,0.0,0.0,0.0,0.0,-0.0,0.0,0.0,0.0
-1.0,0.0,-0.4,0.3,-0.78589,0.08589,0.60981,0.09019,-0.9792,-0.2029,0.1645265206707295,1.0,1.3774494077355195e-38,2.4295126280222566e-61,8.960433672532e-39,0.0,0.0,0.0,0.0,-0.0,0.0,0.0,0.0
-1.0,0.0,-0.4,0.4,-0.78589,0.08589,0.69641,0.00359,-0.9792,-0.2029,0.1645265206707295,1.0,1.3774494077355195e-38,4.2123936312295476e-65,5.167961179738598e-35,0.0,0.0,0.0,0.0,-0.0,0.0,0.0,0.0
-1.0,0.0,-0.4,0.5,-0.78589,0.08589,0.78301,-0.08301,-0.9792,-0.2029,0.1645265206707295,1.0,1.3774494077355195e-38,7.303629501554682e-69,2.9806395238611476e-31,0.0,0.0,0.0,0.0,-0.0,0.0,0.0,0.0
-1.0,0.0,-0.4,0.6,-0.78589,0.08589,0.86962,-0.16962,-0.9792,-0.2029,0.1645265206707295,1.0,1.3774494077355195e-38,1.2650690372244302e-72,1.7208141310402196e-27,0.0,0.0,0.0,0.0,-0.0,0.0,0.0,0.0
-1.0,0.0,-0.4,0.7,-0.78589,0.08589,0.95622,-0.25622,-0.9792,-0.2029,0.1645265206707295,1.0,1.3774494077355195e-38,2.193431182042406e-76,9.924855148499184e-24,0.0,0.0,0.0,0.0,-0.0,0.0,0.0,0.0
-1.0,0.0,-0.4,0.8,-0.78589,0.08589,1.04282,-0.34282,-0.9792,-0.2029,0.1645265206707295,1.0,1.3774494077355195e-38,3.803065452389554e-80,5.724194608928909e-20,0.0,0.0,0.0,0.0,-0.0,0.0,0.0,0.0
-1.0,0.0,-0.4,0.9,-0.78589,0.08589,1.12942,-0.42942,-0.9792,-0.2029,0.16452652067072968,0.9999999999999997,1.377449407735519e-38,6.593918675712317e-84,3.301449082190928e-16,0.0,0.0,0.0,0.0,-0.0,0.0,0.0,0.0
-1.0,0.0,-0.3,-1.0,-0.76941,0.11941,-0.54103,1.19103,-0.98902,-0.14778,0.12022187495320036,0.9999999998793346,2.5063277314824148e-39,1.206653625868401e-10,7.230570911991019e-86,0.0,0.0,0.0,0.0,-0.0,0.0,0.0,0.0
-1.0,0.0,-0.3,-0.9,-0.76941,0.11941,-0.45442,1.10442,-0.98902,-0.14778,0.12022187488727483,0.9999999999999791,2.5063277317847896e-39,2.0900569238895686e-14,4.174429179623024e-82,0.0,0.0,0.0,0.0,-0.0,0.0,0.0,0.0
-1.0,0.0,-0.3,-0.8,-0.76941,0.11941,-0.36782,1.01782,-0.98902,-0.14778,0.12022187488726341,1.0,2.5063277317848418e-39,3.623830711374719e-18,2.407616498963953e-78,0.0,0.0,0.0,0.0,-0.0,0.0,0.0,0.0
-1.0,0.0,-0.3,-0.7,-0.76941,0.11941,-0.28122,0.93122,-0.98902,-0.14778,0.12022187488726341,1.0,2.5063277317848418e-39,6.283153762273477e-22,1.38860116117883e-74,0.0,0.0,0.0,0.0,-0.0,0.0,0.0,0.0
-1.0,0.0,-0.3,-0.6,-0.76941,0.11941,-0.19462,0.84462,-0.98902,-0.14778,0.12022187488726341,1.0,2.5063277317848418e-39,1.0894002602399364e-25,8.008805329490576e-71,0.0,0.0,0.0,0.0,-0.0,0.0,0.0,0.0
-1.0,0.0,-0.3,-0.5,-0.76941,0.11941,-0.10801,0.75801,-0.98902,-0.14778,0.12022187488726341,1.0,2.5063277317848418e-39,1.886961185641191e-29,4.623727650864983e-67,0.0,0.0,0.0,0.0,-0.0,0.0,0.0,0.0
-1.0,0.0,-0.3,-0.4,-0.76941,0.11941,-0.02141,0.67141,-0.98902,-0.14778,0.12022187488726341,1.0,2.5063277317848418e-39,3.2716945732621555e-33,2.666750949633656e-63,0.0,0.0,0.0,0.0,-0.0,0.0,0.0,0.0
-1.0,0.0,-0.3,-0.3,-0.76941,0.11941,0.06519,0.58481,-0.98902,-0.14778,0.12022187488726341,1.0,2.5063277317848418e-39,5.672604959850198e-37,1.5380578538274328e-59,0.0,0.0,0.0,0.0,-0.0,0.0,0.0,0.0
-1.0,0.0,-0.3,-0.2,-0.76941,0.11941,0.15179,0.49821,-0.98902,-0.14778,0.12022187488726341,1.0,2.5063277317848418e-39,9.835406793010136e-41,8.870801984884488e-56,0.0,0.0,0.0,0.0,-0.0,0.0,0.0,0.0
-1.0,0.0,-0.3,-0.1,-0.76941,0.11941,0.2384,0.4116,-0.98902,-0.14778,0.12022187488726341,1.0,2.5063277317848418e-39,1.703600737098622e-44,5.121384617981026e-52,0.0,0.0,0.0,0.0,-0.0,0.0,0.0,0.0
-1.0,0.0,-0.3,-0.0,-0.76941,0.11941,0.325,0.325,-0.98902,-0.14778,0.12022187488726341,1.0,2.5063277317848418e-39,2.953776330421458e-48,2.953776330421458e-48,0.0,0.0,0.0,0.0,-0.0,0.0,0.0,0.0
-1.0,0.0,-0.3,0.1,-0.76941,0.11941,0.4116,0.2384,-0.98902,-0.14778,0.12022187488726341,1.0,2.5063277317848418e-39,5.121384617981026e-52,1.703600737098622e-44,0.0,0.0,0.0,0.0,-0.0,0.0,0.0,0.0
-1.0,0.0,-0.3,0.2,-0.76941,0.11941,0.49821,0.15179,-0.98902,-0.14778,0.12022187488726341,1.0,2.5063277317848418e-39,8.870801984884488e-56,9.835406793010136e-41,0.0,0.0,0.0,0.0,-0.0,0.0,0.0,0.0
-1.0,0.0,-0.3,0.3,-0.76941,0.11941,0.58481,0.06519,-0.98902,-0.14778,0.12022187488726341,1.0,2.5063277317848418e-39,1.5380578538274328e-59,5.672604959850198e-37,0.0,0.0,0.0,0.0,-0.0,0.0,0.0,0.0
-1.0,0.0,-0.3,0.4,-0.76941,0.11941,0.67141,-0.02141,-0.98902,-0.14778,0.12022187488726341,1.0,2.5063277317848418e-39,2.666750949633656e-63,3.2716945732621555e-33,0.0,0.0,0.0,0.0,-0.0,0.0,0.0,0.0
-1.0,0.0,-0.3,0.5,-0.76941,0.11941,0.75801,-0.10801,-0.98902,-0.14778,0.12022187488726341,1.0,2.5063277317848418e-39,4.623727650864983e-67,1.886961185641191e-29,0.0,0.0,0.0,0.0,-0.0,0.0,0.0,0.0
-1.0,0.0,-0.3,0.6,-0.76941,0.11941,0.84462,-0.19462,-0.98902,-0.14778,0.12022187488726341,1.0,2.5063277317848418e-39,8.008805329490576e-71,1.0894002602399364e-25,0.0,0.0,0.0,0.0,-0.0,0.0,0.0,0.0
-1.0,0.0,-0.3,0.7,-0.76941,0.11941,0.93122,-0.28122,-0.98902,-0.14778,0.12022187488726341,1.0,2.5063277317848418e-39,1.38860116117883e-74,6.283153762273477e-22,0.0,0.0,0.0,0.0,-0.0,0.0,0.0,0.0
-1.0,0.0,-0.3,0.8,-0.76941,0.11941,1.01782,-0.36782,-0.98902,-0.14778,0.12022187488726341,1.0,2.5063277317848418e-39,2.407616498963953e-78,3.623830711374719e-18,0.0,0.0,0.0,0.0,-0.0,0.0,0.0,0.0
-1.0,0.0,-0.3,0.9,-0.76941,0.11941,1.10442,-0.45442,-0.98902,-0.14778,0.12022187488727483,0.9999999999999791,2.5063277317847896e-39,4.174429179623024e-82,2.0900569238895686e-14,0.0,0.0,0.0,0.0,-0.0,0.0,0.0,0.0
-1.0,0.0,-0.2,-1.0,-0.75826,0.15826,-0.56603,1.16603,-0.99548,-0.09492,0.0773853911399587,0.9999999955171194,1.5705151951044772e-40,4.4828806071519495e-09,2.6862544001949242e-84,0.0,0.0,0.0,0.0,-0.0,0.0,0.0,0.0
-1.0,0.0,-0.2,-0.9,-0.75826,0.15826,-0.47942,1.07942,-0.99548,-0.09492,0.07738538849873866,0.9999999999992236,1.57051520214369e-40,7.764842778365496e-13,1.550856624941676e-80,0.0,0.0,0.0,0.0,-0.0,0.0,0.0,0.0
-1.0,0.0,-0.2,-0.8,-0.75826,0.15826,-0.39282,0.99282,-0.99548,-0.09492,0.07738538849828115,0.9999999999999998,1.570515202144909e-40,1.3463018833426322e-16,8.944619340930332e-77,0.0,0.0,0.0,0.0,-0.0,0.0,0.0,0.0
-1.0,0.0,-0.2,-0.7,-0.75826,0.15826,-0.30622,0.90622,-0.99548,-0.09492,0.07738538849828108,1.0,1.5705152021449094e-40,2.3342761892624736e-20,5.158840209170889e-73,0.0,0.0,0.0,0.0,-0.0,0.0,0.0,0.0
-1.0,0.0,-0.2,-0.6,-0.75826,0.15826,-0.21962,0.81962,-0.99548,-0.09492,0.07738538849828108,1.0,1.5705152021449094e-40,4.0472685919663015e-24,2.9753789724706435e-69,0.0,0.0,0.0,0.0,-0.0,0.0,0.0,0.0
-1.0,0.0,-0.2,-0.5,-0.75826,0.15826,-0.13301,0.73301,-0.99548,-0.09492,0.07738538849828108,1.0,1.5705152021449094e-40,7.010314775602364e-28,1.7177770542325865e-65,0.0,0.0,0.0,0.0,-0.0,0.0,0.0,0.0
-1.0,0.0,-0.2,-0.4,-0.75826,0.15826,-0.04641,0.64641,-0.99548,-0.09492,0.07738538849828108,1.0,1.5705152021449094e-40,1.215478568543222e-31,9.907338702738439e-62,0.0,0.0,0.0,0.0,-0.0,0.0,0.0,0.0
-1.0,0.0,-0.2,-0.3,-0.75826,0.15826,0.04019,0.55981,-0.99548,-0.09492,0.07738538849828108,1.0,1.5705152021449094e-40,2.1074490916293182e-35,5.714091938120014e-58,0.0,0.0,0.0,0.0,-0.0,0.0,0.0,0.0
-1.0,0.0,-0.2,-0.2,-0.75826,0.15826,0.12679,0.47321,-0.99548,-0.09492,0.07738538849828108,1.0,1.5705152021449094e-40,3.653986000865714e-39,3.2956223317835373e-54,0.0,0.0,0.0,0.0,-0.0,0.0,0.0,0.0
-1.0,0.0,-0.2,-0.1,-0.75826,0.15826,0.2134,0.3866,-0.99548,-0.09492,0.07738538849828108,1.0,1.5705152021449094e-40,6.329106030313699e-43,1.902663315608986e-50,0.0,0.0,0.0,0.0,-0.0,0.0,0.0,0.0
-1.0,0.0,-0.2,-0.0,-0.75826,0.15826,0.3,0.3,-0.99548,-0.09492,0.07738538849828108,1.0,1.5705152021449094e-40,1.097367662384738e-46,1.097367662384738e-46,0.0,0.0,0.0,0.0,-0.0,0.0,0.0,0.0
-1.0,0.0,-0.2,0.1,-0.75826,0.15826,0.3866,0.2134,-0.99548,-0.09492,0.07738538849828108,1.0,1.5705152021449094e-40,1.902663315608986e-50,6.329106030313699e-43,0.0,0.0,0.0,0.0,-0.0,0.0,0.0,0.0
-1.0,0.0,-0.2,0.2,-0.75826,0.15826,0.47321,0.12679,-0.99548,-0.09492,0.07738538849828108,1.0,1.5705152021449094e-40,3.2956223317835373e-54,3.653986000865714e-39,0.0,0.0,0.0,0.0,-0.0,0.0,0.0,0.0
-1.0,0.0,-0.2,0.3,-0.75826,0.15826,0.55981,0.04019,-0.99548,-0.09492,0.07738538849828108,1.0,1.5705152021449094e-40,5.714091938120014e-58,2.1074490916293182e-35,0.0,0.0,0.0,0.0,-0.0,0.0,0.0,0.0
-1.0,0.0,-0.2,0.4,-0.75826,0.15826,0.64641,-0.04641,-0.99548,-0.09492,0.07738538849828108,1.0,1.5705152021449094e-40,9.907338702738439e-62,1.215478568543222e-31,0.0,0.0,0.0,0.0,-0.0,0.0,0.0,0.0
-1.0,0.0,-0.2,0.5,-0.75826,0.15826,0.73301,-0.13301,-0.99548,-0.09492,0.07738538849828108,1.0,1.5705152021449094e-40,1.7177770542325865e-65,7.010314775602364e-28,0.0,0.0,0.0,0.0,-0.0,0.0,0.0,0.0
-1.0,0.0,-0.2,0.6,-0.75826,0.15826,0.81962,-0.21962,-0.99548,-0.09492,0.07738538849828108,1.0,1.5705152021449094e-40,2.9753789724706435e-69,4.0472685919663015e-24,0.0,0.0,0.0,0.0,-0.0,0.0,0.0,0.0
-1.0,0.0,-0.2,0.7,-0.75826,0.15826,0.90622,-0.30622,-0.99548,-0.09492,0.07738538849828108,1.0,1.5705152021449094e-40,5.158840209170889e-73,2.3342761892624736e-20,0.0,0.0,0.0,0.0,-0.0,0.0,0.0,0.0
-1.0,0.0,-0.2,0.8,-0.75826,0.15826,0.99282,-0.39282,-0.99548,-0.09492,0.07738538849828115,0.9999999999999998,1.570515202144909e-40,8.944619340930332e-77,1.3463018833426322e-16,0.0,0.0,0.0,0.0,-0.0,0.0,0.0,0.0
-1.0,0.0,-0.2,0.9,-0.75826,0.15826,1.07942,-0.47942,-0.99548,-0.09492,0.07738538849873866,0.9999999999992236,1.57051520214369e-40,1.550856624941676e-80,7.764842778365496e-13,0.0,0.0,0.0,0.0,-0.0,0.0,0.0,0.0
-1.0,0.0,-0.1,-1.0,-0.75197,0.20197,-0.59103,1.14103,-0.99897,-0.04544,0.037088899073592224,0.9999998975611808,3.723163846954865e-42,1.0243881919898163e-07,6.138390756716164e-83,0.0,0.0,0.0,0.0,-0.0,0.0,0.0,0.0
-1.0,0.0,-0.1,-0.9,-0.75197,0.20197,-0.50442,1.05442,-0.99897,-0.04544,0.03708883459155345,0.9999999999822565,3.72316422828535e-42,1.7743533078156204e-11,3.5438806180082374e-79,0.0,0.0,0.0,0.0,-0.0,0.0,0.0,0.0
-1.0,0.0,-0.1,-0.8,-0.75197,0.20197,-0.41782,0.96782,-0.99897,-0.04544,0.03708883458038446,0.999999999999997,3.723164228351401e-42,3.0764501848301268e-15,2.043945430449705e-75,0.0,0.0,0.0,0.0,-0.0,0.0,0.0,0.0
-1.0,0.0,-0.1,-0.7,-0.75197,0.20197,-0.33122,0.88122,-0.99897,-0.04544,0.037088834580382514,1.0,3.723164228351412e-42,5.334081830199328e-19,1.178852611838297e-71,0.0,0.0,0.0,0.0,-0.0,0.0,0.0,0.0
-1.0,0.0,-0.1,-0.6,-0.75197,0.20197,-0.24462,0.79462,-0.99897,-0.04544,0.037088834580382514,1.0,3.723164228351412e-42,9.248460810956928e-23,6.799073300759368e-68,0.0,0.0,0.0,0.0,-0.0,0.0,0.0,0.0
-1.0,0.0,-0.1,-0.5,-0.75197,0.20197,-0.15801,0.70801,-0.99897,-0.04544,0.037088834580382514,1.0,3.723164228351412e-42,1.6019352311661634e-26,3.925312443944513e-64,0.0,0.0,0.0,0.0,-0.0,0.0,0.0,0.0
-1.0,0.0,-0.1,-0.4,-0.75197,0.20197,-0.07141,0.62141,-0.99897,-0.04544,0.037088834580382514,1.0,3.723164228351412e-42,2.7775042976005218e-30,2.263937558160382e-60,0.0,0.0,0.0,0.0,-0.0,0.0,0.0,0.0
-1.0,0.0,-0.1,-0.3,-0.75197,0.20197,0.01519,0.53481,-0.99897,-0.04544,0.037088834580382514,1.0,3.723164228351412e-42,4.815756575609746e-34,1.3057338340432012e-56,0.0,0.0,0.0,0.0,-0.0,0.0,0.0,0.0
-1.0,0.0,-0.1,-0.2,-0.75197,0.20197,0.10179,0.44821,-0.99897,-0.04544,0.037088834580382514,1.0,3.723164228351412e-42,8.349766160780951e-38,7.530865147846931e-53,0.0,0.0,0.0,0.0,-0.0,0.0,0.0,0.0
-1.0,0.0,-0.1,-0.1,-0.75197,0.20197,0.1884,0.3616,-0.99897,-0.04544,0.037088834580382514,1.0,3.723164228351412e-42,1.44627142379274e-41,4.3477982029124485e-49,0.0,0.0,0.0,0.0,-0.0,0.0,0.0,0.0
-1.0,0.0,-0.1,-0.0,-0.75197,0.20197,0.275,0.275,-0.99897,-0.04544,0.037088834580382514,1.0,3.723164228351412e-42,2.5076076840865042e-45,2.5076076840865042e-45,0.0,0.0,0.0,0.0,-0.0,0.0,0.0,0.0
-1.0,0.0,-0.1,0.1,-0.75197,0.20197,0.3616,0.1884,-0.99897,-0.04544,0.037088834580382514,1.0,3.723164228351412e-42,4.3477982029124485e-49,1.44627142379274e-41,0.0,0.0,0.0,0.0,-0.0,0.0,0.0,0.0
-1.0,0.0,-0.1,0.2,-0.75197,0.20197,0.44821,0.10179,-0.99897,-0.04544,0.037088834580382514,1.0,3.723164228351412e-42,7.530865147846931e-53,8.349766160780951e-38,0.0,0.0,0.0,0.0,-0.0,0.0,0.0,0.0
-1.0,0.0,-0.1,0.3,-0.75197,0.20197,0.53481,0.01519,-0.99897,-0.04544,0.037088834580382514,1.0,3.723164228351412e-42,1.3057338340432012e-56,4.815756575609746e-34,0.0,0.0,0.0,0.0,-0.0,0.0,0.0,0.0
-1.0,0.0,-0.1,0.4,-0.75197,0.20197,0.62141,-0.07141,-0.99897,-0.04544,0.037088834580382514,1.0,3.723164228351412e-42,2.263937558160382e-60,2.7775042976005218e-30,0.0,0.0,0.0,0.0,-0.0,0.0,0.0,0.0
-1.0,0.0,-0.1,0.5,-0.75197,0.20197,0.70801,-0.15801,-0.99897,-0.04544,0.037088834580382514,1.0,3.723164228351412e-42,3.925312443944513e-64,1.6019352311661634e-26,0.0,0.0,0.0,0.0,-0.0,0.0,0.0,0.0
-1.0,0.0,-0.1,0.6,-0.75197,0.20197,0.79462,-0.24462,-0.99897,-0.04544,0.037088834580382514,1.0,3.723164228351412e-42,6.799073300759368e-68,9.248460810956928e-23,0.0,0.0,0.0,0.0,-0.0,0.0,0.0,0.0
-1.0,0.0,-0.1,0.7,-0.75197,0.20197,0.88122,-0.33122,-0.99897,-0.04544,0.037088834580382514,1.0,3.723164228351412e-42,1.178852611838297e-71,5.334081830199328e-19,0.0,0.0,0.0,0.0,-0.0,0.0,0.0,0.0
-1.0,0.0,-0.1,0.8,-0.75197,0.20197,0.96782,-0.41782,-0.99897,-0.04544,0.03708883458038446,0.999999999999997,3.723164228351401e-42,2.043945430449705e-75,3.0764501848301268e-15,0.0,0.0,0.0,0.0,-0.0,0.0,0.0,0.0
-1.0,0.0,-0.1,0.9,-0.75197,0.20197,1.05442,-0.50442,-0.99897,-0.04544,0.03708883459155345,0.9999999999822565,3.72316422828535e-42,3.5438806180082374e-79,1.7743533078156204e-11,0.0,0.0,0.0,0.0,-0.0,0.0,0.0,0.0
-1.0,0.0,-0.0,-1.0,-0.75,0.25,-0.61603,1.11603,-1.0,-0.0,1.0131293733185966e-06,0.99999848030594,3.7200703226434726e-44,1.519694059977895e-06,9.106387640689869e-82,0.0,0.0,0.0,0.0,-0.0,0.0,0.0,0.0
-1.0,0.0,-0.0,-0.9,-0.75,0.25,-0.52942,1.02942,-1.0,-0.0,1.7548542790129983e-10,0.9999999997367719,3.720075975041608e-44,2.6322814185194977e-10,5.25740339263021e-78,0.0,0.0,0.0,0.0,-0.0,0.0,0.0,0.0
-1.0,0.0,-0.0,-0.8,-0.75,0.25,-0.44282,0.94282,-1.0,-0.0,3.042641929633956e-14,0.9999999999999545,3.720075976020667e-44,4.5639628944509346e-14,3.0322256309734977e-74,0.0,0.0,0.0,0.0,-0.0,0.0,0.0,0.0
-1.0,0.0,-0.0,-0.7,-0.75,0.25,-0.35622,0.85622,-1.0,-0.0,5.275463621251541e-18,1.0,3.720075976020836e-44,7.913195431877313e-18,1.748846643116995e-70,0.0,0.0,0.0,0.0,-0.0,0.0,0.0,0.0
-1.0,0.0,-0.0,-0.6,-0.75,0.25,-0.26962,0.76962,-1.0,-0.0,9.146826035653593e-22,1.0,3.720075976020836e-44,1.372023905348039e-21,1.0086533633579121e-66,0.0,0.0,0.0,0.0,-0.0,0.0,0.0,0.0
-1.0,0.0,-0.0,-0.5,-0.75,0.25,-0.18301,0.68301,-1.0,-0.0,1.5843309691599699e-25,1.0,3.720075976020836e-44,2.376496453739955e-25,5.823263588543812e-63,0.0,0.0,0.0,0.0,-0.0,0.0,0.0,0.0
-1.0,0.0,-0.0,-0.4,-0.75,0.25,-0.09641,0.59641,-1.0,-0.0,2.746981269935604e-29,1.0,3.720075976020836e-44,4.1204719049034027e-29,3.358587459581728e-59,0.0,0.0,0.0,0.0,-0.0,0.0,0.0,0.0
-1.0,0.0,-0.0,-0.3,-0.75,0.25,-0.00981,0.50981,-1.0,-0.0,4.7628344356717585e-33,1.0,3.720075976020836e-44,7.144251653470437e-33,1.9370769590185066e-55,0.0,0.0,0.0,0.0,-0.0,0.0,0.0,0.0
-1.0,0.0,-0.0,-0.2,-0.75,0.25,0.07679,0.42321,-1.0,-0.0,8.258007723213048e-37,1.0,3.720075976020836e-44,1.2387011212811965e-36,1.1172158505074803e-51,0.0,0.0,0.0,0.0,-0.0,0.0,0.0,0.0
-1.0,0.0,-0.0,-0.1,-0.75,0.25,0.1634,0.3366,-1.0,-0.0,1.43062585732154e-40,1.0,3.720075976020836e-44,2.1455667138844285e-40,6.450027947307524e-48,0.0,0.0,0.0,0.0,-0.0,0.0,0.0,0.0
-1.0,0.0,-0.0,-0.0,-0.75,0.25,0.25,0.25,-1.0,-0.0,7.440151952041672e-44,1.0,3.720075976020836e-44,3.720075976020836e-44,3.720075976020836e-44,0.0,0.0,0.0,0.0,-0.0,0.0,0.0,0.0
-1.0,0.0,-0.0,0.1,-0.75,0.25,0.3366,0.1634,-1.0,-0.0,1.43062585732154e-40,1.0,3.720075976020836e-44,6.450027947307524e-48,2.1455667138844285e-40,0.0,0.0,0.0,0.0,-0.0,0.0,0.0,0.0
-1.0,0.0,-0.0,0.2,-0.75,0.25,0.42321,0.07679,-1.0,-0.0,8.258007723213048e-37,1.0,3.720075976020836e-44,1.1172158505074803e-51,1.2387011212811965e-36,0.0,0.0,0.0,0.0,-0.0,0.0,0.0,0.0
-1.0,0.0,-0.0,0.3,-0.75,0.25,0.50981,-0.00981,-1.0,-0.0,4.7628344356717585e-33,1.0,3.720075976020836e-44,1.9370769590185066e-55,7.144251653470437e-33,0.0,0.0,0.0,0.0,-0.0,0.0,0.0,0.0
-1.0,0.0,-0.0,0.4,-0.75,0.25,0.59641,-0.09641,-1.0,-0.0,2.746981269935604e-29,1.0,3.720075976020836e-44,3.358587459581728e-59,4.1204719049034027e-29,0.0,0.0,0.0,0.0,-0.0,0.0,0.0,0.0
-1.0,0.0,-0.0,0.5,-0.75,0.25,0.68301,-0.18301,-1.0,-0.0,1.5843309691599699e-25,1.0,3.720075976020836e-44,5.823263588543812e-63,2.376496453739955e-25,0.0,0.0,0.0,0.0,-0.0,0.0,0.0,0.0
-1.0,0.0,-0.0,0.6,-0.75,0.25,0.76962,-0.26962,-1.0,-0.0,9.146826035653593e-22,1.0,3.720075976020836e-44,1.0086533633579121e-66,1.372023905348039e-21,0.0,0.0,0.0,0.0,-0.0,0.0,0.0,0.0
-1.0,0.0,-0.0,0.7,-0.75,0.25,0.85622,-0.35622,-1.0,-0.0,5.275463621251541e-18,1.0,3.720075976020836e-44,1.748846643116995e-70,7.913195431877313e-18,0.0,0.0,0.0,0.0,-0.0,0.0,0.0,0.0
-1.0,0.0,-0.0,0.8,-0.75,0.25,0.94282,-0.44282,-1.0,-0.0,3.042641929633956e-14,0.9999999999999545,3.720075976020667e-44,3.0322256309734977e-74,4.5639628944509346e-14,0.0,0.0,0.0,0.0,-0.0,0.0,0.0,0.0
-1.0,0.0,-0.0,0.9,-0.75,0.25,1.02942,-0.52942,-1.0,-0.0,1.7548542790129983e-10,0.9999999997367719,3.720075975041608e-44,5.25740339263021e-78,2.6322814185194977e-10,0.0,0.0,0.0,0.0,-0.0,0.0,0.0,0.0
-1.0,0.0,0.1,-1.0,-0.75178,0.30178,-0.64103,1.09103,-0.99915,0.04113,0.03358284414736604,0.9999845053459693,1.75575468240721e-46,1.5494654030735197e-05,9.284784989177813e-81,0.0,0.0,0.0,0.0,0.0,-0.0,0.0,0.0
-1.0,0.0,0.1,-0.9,-0.75178,0.30178,-0.55442,1.00442,-0.99915,0.04113,0.03357303627971909,0.9999999973161138,1.7557818829277937e-46,2.683886241481736e-09,5.360472680514385e-77,0.0,0.0,0.0,0.0,0.0,-0.0,0.0,0.0
-1.0,0.0,0.1,-0.8,-0.75178,0.30178,-0.46782,0.91782,-0.99915,0.04113,0.03357303458086241,0.9999999999995346,1.7557818876392954e-46,4.653437570358801e-13,3.091671207522914e-73,0.0,0.0,0.0,0.0,0.0,-0.0,0.0,0.0
-1.0,0.0,0.1,-0.7,-0.75178,0.30178,-0.38122,0.83122,-0.99915,0.04113,0.03357303458056786,1.0,1.7557818876401125e-46,8.068330478557663e-17,1.7831320854458675e-69,0.0,0.0,0.0,0.0,0.0,-0.0,0.0,0.0
-1.0,0.0,0.1,-0.6,-0.75178,0.30178,-0.29462,0.74462,-0.99915,0.04113,0.033573034580567804,1.0,1.7557818876401125e-46,1.3989218878931496e-20,1.0284276110630141e-65,0.0,0.0,0.0,0.0,0.0,-0.0,0.0,0.0
-1.0,0.0,0.1,-0.5,-0.75178,0.30178,-0.20801,0.65801,-0.99915,0.04113,0.033573034580567804,1.0,1.7557818876401125e-46,2.4230867207768838e-24,5.937426353310311e-62,0.0,0.0,0.0,0.0,0.0,-0.0,0.0,0.0
-1.0,0.0,0.1,-0.4,-0.75178,0.30178,-0.12141,0.57141,-0.99915,0.04113,0.033573034580567804,1.0,1.7557818876401125e-46,4.2012521164898885e-28,3.424431229877521e-58,0.0,0.0,0.0,0.0,0.0,-0.0,0.0,0.0
-1.0,0.0,0.1,-0.3,-0.75178,0.30178,-0.03481,0.48481,-0.99915,0.04113,0.033573034580567804,1.0,1.7557818876401125e-46,7.284311863444851e-32,1.9750525817675788e-54,0.0,0.0,0.0,0.0,0.0,-0.0,0.0,0.0
-1.0,0.0,0.1,-0.2,-0.75178,0.30178,0.05179,0.39821,-0.99915,0.04113,0.033573034580567804,1.0,1.7557818876401125e-46,1.2629853637123686e-35,1.139118422561029e-50,0.0,0.0,0.0,0.0,0.0,-0.0,0.0,0.0
-1.0,0.0,0.1,-0.1,-0.75178,0.30178,0.1384,0.3116,-0.99915,0.04113,0.033573034580567804,1.0,1.7557818876401125e-46,2.1876296952905754e-39,6.576478177850876e-47,0.0,0.0,0.0,0.0,0.0,-0.0,0.0,0.0
-1.0,0.0,0.1,-0.0,-0.75178,0.30178,0.225,0.225,-0.99915,0.04113,0.033573034580567804,1.0,1.7557818876401125e-46,3.793006584794836e-43,3.793006584794836e-43,0.0,0.0,0.0,0.0,0.0,-0.0,0.0,0.0
-1.0,0.0,0.1,0.1,-0.75178,0.30178,0.3116,0.1384,-0.99915,0.04113,0.033573034580567804,1.0,1.7557818876401125e-46,6.576478177850876e-47,2.1876296952905754e-39,0.0,0.0,0.0,0.0,0.0,-0.0,0.0,0.0
-1.0,0.0,0.1,0.2,-0.75178,0.30178,0.39821,0.05179,-0.99915,0.04113,0.033573034580567804,1.0,1.7557818876401125e-46,1.139118422561029e-50,1.2629853637123686e-35,0.0,0.0,0.0,0.0,0.0,-0.0,0.0,0.0
-1.0,0.0,0.1,0.3,-0.75178,0.30178,0.48481,-0.03481,-0.99915,0.04113,0.033573034580567804,1.0,1.7557818876401125e-46,1.9750525817675788e-54,7.284311863444851e-32,0.0,0.0,0.0,0.0,0.0,-0.0,0.0,0.0
-1.0,0.0,0.1,0.4,-0.75178,0.30178,0.57141,-0.12141,-0.99915,0.04113,0.033573034580567804,1.0,1.7557818876401125e-46,3.424431229877521e-58,4.2012521164898885e-28,0.0,0.0,0.0,0.0,0.0,-0.0,0.0,0.0
-1.0,0.0,0.1,0.5,-0.75178,0.30178,0.65801,-0.20801,-0.99915,0.04113,0.033573034580567804,1.0,1.7557818876401125e-46,5.937426353310311e-62,2.4230867207768838e-24,0.0,0.0,0.0,0.0,0.0,-0.0,0.0,0.0
-1.0,0.0,0.1,0.6,-0.75178,0.30178,0.74462,-0.29462,-0.99915,0.04113,0.033573034580567804,1.0,1.7557818876401125e-46,1.0284276110630141e-65,1.3989218878931496e-20,0.0,0.0,0.0,0.0,0.0,-0.0,0.0,0.0
-1.0,0.0,0.1,0.7,-0.75178,0.30178,0.83122,-0.38122,-0.99915,0.04113,0.03357303458056786,1.0,1.7557818876401125e-46,1.7831320854458675e-69,8.068330478557663e-17,0.0,0.0,0.0,0.0,0.0,-0.0,0.0,0.0
-1.0,0.0,0.1,0.8,-0.75178,0.30178,0.91782,-0.46782,-0.99915,0.04113,0.03357303458086241,0.9999999999995346,1.7557818876392954e-46,3.091671207522914e-73,4.653437570358801e-13,0.0,0.0,0.0,0.0,0.0,-0.0,0.0,0.0
-1.0,0.0,0.1,0.9,-0.75178,0.30178,1.00442,-0.55442,-0.99915,0.04113,0.03357303627971909,0.9999999973161138,1.7557818829277937e-46,5.360472680514385e-77,2.683886241481736e-09,0.0,0.0,0.0,0.0,0.0,-0.0,0.0,0.0
-1.0,0.0,0.2,-1.0,-0.75678,0.35678,-0.66603,1.06603,-0.99695,0.07801,0.06369929762115133,0.999885520465174,4.351649943840645e-49,0.00011447953482611483,6.859900610966632e-80,0.0,0.0,0.0,0.0,0.0,-0.0,0.0,0.0
-1.0,0.0,0.2,-0.9,-0.75678,0.35678,-0.57942,0.97942,-0.99695,0.07801,0.06363027425314305,0.9999999801686144,4.352148089430168e-49,1.9831385661398e-08,3.960883267391406e-76,0.0,0.0,0.0,0.0,0.0,-0.0,0.0,0.0
-1.0,0.0,0.2,-0.8,-0.75678,0.35678,-0.49282,0.89282,-0.99695,0.07801,0.06363026229616905,0.9999999999965614,4.352148175724332e-49,3.4384511260150257e-12,2.2844531991767555e-72,0.0,0.0,0.0,0.0,0.0,-0.0,0.0,0.0
-1.0,0.0,0.2,-0.7,-0.75678,0.35678,-0.40622,0.80622,-0.99695,0.07801,0.06363026229409591,0.9999999999999994,4.352148175739295e-49,5.961734653077451e-16,1.3175663011162712e-68,0.0,0.0,0.0,0.0,0.0,-0.0,0.0,0.0
-1.0,0.0,0.2,-0.6,-0.75678,0.35678,-0.31962,0.71962,-0.99695,0.07801,0.06363026229409555,1.0,4.352148175739297e-49,1.0336712307664457e-19,7.599109311833735e-65,0.0,0.0,0.0,0.0,0.0,-0.0,0.0,0.0
-1.0,0.0,0.2,-0.5,-0.75678,0.35678,-0.23301,0.63301,-0.99695,0.07801,0.06363026229409555,1.0,4.352148175739297e-49,1.7904323712394302e-23,4.387197640787943e-61,0.0,0.0,0.0,0.0,0.0,-0.0,0.0,0.0
-1.0,0.0,0.2,-0.4,-0.75678,0.35678,-0.14641,0.54641,-0.99695,0.07801,0.06363026229409555,1.0,4.352148175739297e-49,3.1043287574494967e-27,2.5303314464495265e-57,0.0,0.0,0.0,0.0,0.0,-0.0,0.0,0.0
-1.0,0.0,0.2,-0.3,-0.75678,0.35678,-0.05981,0.45981,-0.99695,0.07801,0.06363026229409555,1.0,4.352148175739297e-49,5.382418900110007e-31,1.4593774325018455e-53,0.0,0.0,0.0,0.0,0.0,-0.0,0.0,0.0
-1.0,0.0,0.2,-0.2,-0.75678,0.35678,0.02679,0.37321,-0.99695,0.07801,0.06363026229409555,1.0,4.352148175739297e-49,9.332269704599023e-35,8.417009927628833e-50,0.0,0.0,0.0,0.0,0.0,-0.0,0.0,0.0
-1.0,0.0,0.2,-0.1,-0.75678,0.35678,0.1134,0.2866,-0.99695,0.07801,0.06363026229409555,1.0,4.352148175739297e-49,1.616451854218863e-38,4.859396618953317e-46,0.0,0.0,0.0,0.0,0.0,-0.0,0.0,0.0
-1.0,0.0,0.2,-0.0,-0.75678,0.35678,0.2,0.2,-0.99695,0.07801,0.06363026229409555,1.0,4.352148175739297e-49,2.8026738438662396e-42,2.8026738438662396e-42,0.0,0.0,0.0,0.0,0.0,-0.0,0.0,0.0
-1.0,0.0,0.2,0.1,-0.75678,0.35678,0.2866,0.1134,-0.99695,0.07801,0.06363026229409555,1.0,4.352148175739297e-49,4.859396618953317e-46,1.616451854218863e-38,0.0,0.0,0.0,0.0,0.0,-0.0,0.0,0.0
-1.0,0.0,0.2,0.2,-0.75678,0.35678,0.37321,0.02679,-0.99695,0.07801,0.06363026229409555,1.0,4.352148175739297e-49,8.417009927628833e-50,9.332269704599023e-35,0.0,0.0,0.0,0.0,0.0,-0.0,0.0,0.0
-1.0,0.0,0.2,0.3,-0.75678,0.35678,0.45981,-0.05981,-0.99695,0.07801,0.06363026229409555,1.0,4.352148175739297e-49,1.4593774325018455e-53,5.382418900110007e-31,0.0,0.0,0.0,0.0,0.0,-0.0,0.0,0.0
-1.0,0.0,0.2,0.4,-0.75678,0.35678,0.54641,-0.14641,-0.99695,0.07801,0.06363026229409555,1.0,4.352148175739297e-49,2.5303314464495265e-57,3.1043287574494967e-27,0.0,0.0,0.0,0.0,0.0,-0.0,0.0,0.0
-1.0,0.0,0.2,0.5,-0.75678,0.35678,0.63301,-0.23301,-0.99695,0.07801,0.06363026229409555,1.0,4.352148175739297e-49,4.387197640787943e-61,1.7904323712394302e-23,0.0,0.0,0.0,0.0,0.0,-0.0,0.0,0.0
-1.0,0.0,0.2,0.6,-0.75678,0.35678,0.71962,-0.31962,-0.99695,0.07801,0.06363026229409555,1.0,4.352148175739297e-49,7.599109311833735e-65,1.0336712307664457e-19,0.0,0.0,0.0,0.0,0.0,-0.0,0.0,0.0
-1.0,0.0,0.2,0.7,-0.75678,0.35678,0.80622,-0.40622,-0.99695,0.07801,0.06363026229409591,0.9999999999999994,4.352148175739295e-49,1.3175663011162712e-68,5.961734653077451e-16,0.0,0.0,0.0,0.0,0.0,-0.0,0.0,0.0
-1.0,0.0,0.2,0.8,-0.75678,0.35678,0.89282,-0.49282,-0.99695,0.07801,0.06363026229616905,0.9999999999965614,4.352148175724332e-49,2.2844531991767555e-72,3.4384511260150257e-12,0.0,0.0,0.0,0.0,0.0,-0.0,0.0,0.0
-1.0,0.0,0.2,0.9,-0.75678,0.35678,0.97942,-0.57942,-0.99695,0.07801,0.06363027425314305,0.9999999801686144,4.352148089430168e-49,3.960883267391406e-76,1.9831385661398e-08,0.0,0.0,0.0,0.0,0.0,-0.0,0.0,0.0
-1.0,0.0,0.3,-1.0,-0.76449,0.41449,-0.69103,1.04103,-0.99384,0.11087,0.09071091584548044,0.9993552480958204,6.270022077959541e-52,0.0006447519041795806,3.8635149838103563e-79,0.0,0.0,0.0,0.0,0.0,-0.0,0.0,0.0
-1.0,0.0,0.3,-0.9,-0.76449,0.41449,-0.60442,0.95442,-0.99384,0.11087,0.09033939210092472,0.9999998882498333,6.2740665936667454e-52,1.1175016669788486e-07,2.231963882702519e-75,0.0,0.0,0.0,0.0,0.0,-0.0,0.0,0.0
-1.0,0.0,0.3,-0.8,-0.76449,0.41449,-0.51782,0.86782,-0.99384,0.11087,0.09033932770741528,0.9999999999806243,6.2740672946732464e-52,1.9375727364129388e-11,1.2872930497244058e-71,0.0,0.0,0.0,0.0,0.0,-0.0,0.0,0.0
-1.0,0.0,0.3,-0.7,-0.76449,0.41449,-0.43122,0.78122,-0.99384,0.11087,0.09033932769625044,0.9999999999999966,6.27406729479479e-52,3.3594470598459527e-15,7.424507285228313e-68,0.0,0.0,0.0,0.0,0.0,-0.0,0.0,0.0
-1.0,0.0,0.3,-0.6,-0.76449,0.41449,-0.34462,0.69462,-0.99384,0.11087,0.09033932769624851,1.0,6.274067294794811e-52,5.8247540005041e-19,4.282110311955921e-64,0.0,0.0,0.0,0.0,0.0,-0.0,0.0,0.0
-1.0,0.0,0.3,-0.5,-0.76449,0.41449,-0.25801,0.60801,-0.99384,0.11087,0.09033932769624851,1.0,6.274067294794811e-52,1.0089115191177593e-22,2.4721929225246612e-60,0.0,0.0,0.0,0.0,0.0,-0.0,0.0,0.0
-1.0,0.0,0.3,-0.4,-0.76449,0.41449,-0.17141,0.52141,-0.99384,0.11087,0.09033932769624851,1.0,6.274067294794811e-52,1.749294244691956e-26,1.4258458373055147e-56,0.0,0.0,0.0,0.0,0.0,-0.0,0.0,0.0
-1.0,0.0,0.3,-0.3,-0.76449,0.41449,-0.08481,0.43481,-0.99384,0.11087,0.09033932769624851,1.0,6.274067294794811e-52,3.033001701862055e-30,8.223615290045039e-53,0.0,0.0,0.0,0.0,0.0,-0.0,0.0,0.0
-1.0,0.0,0.3,-0.2,-0.76449,0.41449,0.00179,0.34821,-0.99384,0.11087,0.09033932769624851,1.0,6.274067294794811e-52,5.2587489791450535e-34,4.7429986236423e-49,0.0,0.0,0.0,0.0,0.0,-0.0,0.0,0.0
-1.0,0.0,0.3,-0.1,-0.76449,0.41449,0.0884,0.2616,-0.99384,0.11087,0.09033932769624851,1.0,6.274067294794811e-52,9.108732181220016e-38,2.7382778057291117e-45,0.0,0.0,0.0,0.0,0.0,-0.0,0.0,0.0
-1.0,0.0,0.3,-0.0,-0.76449,0.41449,0.175,0.175,-0.99384,0.11087,0.09033932769624851,1.0,6.274067294794811e-52,1.579311216010489e-41,1.579311216010489e-41,0.0,0.0,0.0,0.0,0.0,-0.0,0.0,0.0
-1.0,0.0,0.3,0.1,-0.76449,0.41449,0.2616,0.0884,-0.99384,0.11087,0.09033932769624851,1.0,6.274067294794811e-52,2.7382778057291117e-45,9.108732181220016e-38,0.0,0.0,0.0,0.0,0.0,-0.0,0.0,0.0
-1.0,0.0,0.3,0.2,-0.76449,0.41449,0.34821,0.00179,-0.99384,0.11087,0.09033932769624851,1.0,6.274067294794811e-52,4.7429986236423e-49,5.2587489791450535e-34,0.0,0.0,0.0,0.0,0.0,-0.0,0.0,0.0
-1.0,0.0,0.3,0.3,-0.76449,0.41449,0.43481,-0.08481,-0.99384,0.11087,0.09033932769624851,1.0,6.274067294794811e-52,8.223615290045039e-53,3.033001701862055e-30,0.0,0.0,0.0,0.0,0.0,-0.0,0.0,0.0
-1.0,0.0,0.3,0.4,-0.76449,0.41449,0.52141,-0.17141,-0.99384,0.11087,0.09033932769624851,1.0,6.274067294794811e-52,1.4258458373055147e-56,1.749294244691956e-26,0.0,0.0,0.0,0.0,0.0,-0.0,0.0,0.0
-1.0,0.0,0.3,0.5,-0.76449,0.41449,0.60801,-0.25801,-0.99384,0.11087,0.09033932769624851,1.0,6.274067294794811e-52,2.4721929225246612e-60,1.0089115191177593e-22,0.0,0.0,0.0,0.0,0.0,-0.0,0.0,0.0
-1.0,0.0,0.3,0.6,-0.76449,0.41449,0.69462,-0.34462,-0.99384,0.11087,0.09033932769624851,1.0,6.274067294794811e-52,4.282110311955921e-64,5.8247540005041e-19,0.0,0.0,0.0,0.0,0.0,-0.0,0.0,0.0
-1.0,0.0,0.3,0.7,-0.76449,0.41449,0.78122,-0.43122,-0.99384,0.11087,0.09033932769625044,0.9999999999999966,6.27406729479479e-52,7.424507285228313e-68,3.3594470598459527e-15,0.0,0.0,0.0,0.0,0.0,-0.0,0.0,0.0
-1.0,0.0,0.3,0.8,-0.76449,0.41449,0.86782,-0.51782,-0.99384,0.11087,0.09033932770741528,0.9999999999806243,6.2740672946732464e-52,1.2872930497244058e-71,1.9375727364129388e-11,0.0,0.0,0.0,0.0,0.0,-0.0,0.0,0.0
-1.0,0.0,0.3,0.9,-0.76449,0.41449,0.95442,-0.60442,-0.99384,0.11087,0.09033939210092472,0.9999998882498333,6.2740665936667454e-52,2.231963882702519e-75,1.1175016669788486e-07,0.0,0.0,0.0,0.0,0.0,-0.0,0.0,0.0
-1.0,0.0,0.4,-1.0,-0.7745,0.4745,-0.71603,1.01603,-0.99014,0.14006,0.11557586085111969,0.9971197678717014,5.693332348395662e-55,0.002880232128298562,1.7259072695090623e-78,0.0,0.0,0.0,0.0,0.0,-0.0,0.0,0.0
-1.0,0.0,0.4,-0.9,-0.7745,0.4745,-0.62942,0.92942,-0.99014,0.14006,0.11398428301955604,0.9999994996712729,5.7097749771926005e-55,5.003287271118631e-07,9.992966287121712e-75,0.0,0.0,0.0,0.0,0.0,-0.0,0.0,0.0
-1.0,0.0,0.4,-0.8,-0.7745,0.4745,-0.54282,0.84282,-0.99014,0.14006,0.11398400654448895,0.9999999999132508,5.709777833463158e-55,8.674919296979113e-11,5.763480827354796e-71,0.0,0.0,0.0,0.0,0.0,-0.0,0.0,0.0
-1.0,0.0,0.4,-0.7,-0.7745,0.4745,-0.45622,0.75622,-0.99014,0.14006,0.11398400649655249,0.9999999999999849,5.7097778339583905e-55,1.5040948698810307e-14,3.324107545132239e-67,0.0,0.0,0.0,0.0,0.0,-0.0,0.0,0.0
-1.0,0.0,0.4,-0.6,-0.7745,0.4745,-0.36962,0.66962,-0.99014,0.14006,0.11398400649654418,1.0,5.709777833958476e-55,2.607864465314439e-18,1.9171905488437654e-63,0.0,0.0,0.0,0.0,0.0,-0.0,0.0,0.0
-1.0,0.0,0.4,-0.5,-0.7745,0.4745,-0.28301,0.58301,-0.99014,0.14006,0.11398400649654418,1.0,5.709777833958476e-55,4.517108360500542e-22,1.1068525938599212e-59,0.0,0.0,0.0,0.0,0.0,-0.0,0.0,0.0
-1.0,0.0,0.4,-0.4,-0.7745,0.4745,-0.19641,0.49641,-0.99014,0.14006,0.11398400649654418,1.0,5.709777833958476e-55,7.831957022934166e-26,6.383810701368304e-56,0.0,0.0,0.0,0.0,0.0,-0.0,0.0,0.0
-1.0,0.0,0.4,-0.3,-0.7745,0.4745,-0.10981,0.40981,-0.99014,0.14006,0.11398400649654418,1.0,5.709777833958476e-55,1.3579384401194855e-29,3.681884949899817e-52,0.0,0.0,0.0,0.0,0.0,-0.0,0.0,0.0
-1.0,0.0,0.4,-0.2,-0.7745,0.4745,-0.02321,0.32321,-0.99014,0.14006,0.11398400649654418,1.0,5.709777833958476e-55,2.3544521525774462e-33,2.1235399071894832e-48,0.0,0.0,0.0,0.0,0.0,-0.0,0.0,0.0
-1.0,0.0,0.4,-0.1,-0.7745,0.4745,0.0634,0.2366,-0.99014,0.14006,0.11398400649654418,1.0,5.709777833958476e-55,4.078170336020019e-37,1.2259843737782104e-44,0.0,0.0,0.0,0.0,0.0,-0.0,0.0,0.0
-1.0,0.0,0.4,-0.0,-0.7745,0.4745,0.15,0.15,-0.99014,0.14006,0.11398400649654418,1.0,5.709777833958476e-55,7.070907371452675e-41,7.070907371452675e-41,0.0,0.0,0.0,0.0,0.0,-0.0,0.0,0.0
-1.0,0.0,0.4,0.1,-0.7745,0.4745,0.2366,0.0634,-0.99014,0.14006,0.11398400649654418,1.0,5.709777833958476e-55,1.2259843737782104e-44,4.078170336020019e-37,0.0,0.0,0.0,0.0,0.0,-0.0,0.0,0.0
-1.0,0.0,0.4,0.2,-0.7745,0.4745,0.32321,-0.02321,-0.99014,0.14006,0.11398400649654418,1.0,5.709777833958476e-55,2.1235399071894832e-48,2.3544521525774462e-33,0.0,0.0,0.0,0.0,0.0,-0.0,0.0,0.0
-1.0,0.0,0.4,0.3,-0.7745,0.4745,0.40981,-0.10981,-0.99014,0.14006,0.11398400649654418,1.0,5.709777833958476e-55,3.681884949899817e-52,1.3579384401194855e-29,0.0,0.0,0.0,0.0,0.0,-0.0,0.0,0.0
-1.0,0.0,0.4,0.4,-0.7745,0.4745,0.49641,-0.19641,-0.99014,0.14006,0.11398400649654418,1.0,5.709777833958476e-55,6.383810701368304e-56,7.831957022934166e-26,0.0,0.0,0.0,0.0,0.0,-0.0,0.0,0.0
-1.0,0.0,0.4,0.5,-0.7745,0.4745,0.58301,-0.28301,-0.99014,0.14006,0.11398400649654418,1.0,5.709777833958476e-55,1.1068525938599212e-59,4.517108360500542e-22,0.0,0.0,0.0,0.0,0.0,-0.0,0.0,0.0
-1.0,0.0,0.4,0.6,-0.7745,0.4745,0.66962,-0.36962,-0.99014,0.14006,0.11398400649654418,1.0,5.709777833958476e-55,1.9171905488437654e-63,2.607864465314439e-18,0.0,0.0,0.0,0.0,0.0,-0.0,0.0,0.0
-1.0,0.0,0.4,0.7,-0.7745,0.4745,0.75622,-0.45622,-0.99014,0.14006,0.11398400649655249,0.9999999999999849,5.7097778339583905e-55,3.324107545132239e-67,1.5040948698810307e-14,0.0,0.0,0.0,0.0,0.0,-0.0,0.0,0.0
-1.0,0.0,0.4,0.8,-0.7745,0.4745,0.84282,-0.54282,-0.99014,0.14006,0.11398400654448895,0.9999999999132508,5.709777833463158e-55,5.763480827354796e-71,8.674919296979113e-11,0.0,0.0,0.0,0.0,0.0,-0.0,0.0,0.0
-1.0,0.0,0.4,0.9,-0.7745,0.4745,0.92942,-0.62942,-0.99014,0.14006,0.11398428301955604,0.9999994996712729,5.7097749771926005e-55,9.992966287121712e-75,5.003287271118631e-07,0.0,0.0,0.0,0.0,0.0,-0.0,0.0,0.0
-1.0,0.0,0.5,-1.0,-0.78644,0.53644,-0.74103,0.99103,-0.98613,0.16597,0.1405007272047852,0.9894497560106841,3.494985060971662e-58,0.010550243989315856,6.321970586103845e-78,0.0,0.0,0.0,0.0,0.0,-0.0,0.0,0.0
-1.0,0.0,0.5,-0.9,-0.78644,0.53644,-0.65442,0.90442,-0.98613,0.16597,0.13489133953203908,0.9999981530997171,3.53224464895924e-58,1.8469002828759255e-06,3.688777250307414e-74,0.0,0.0,0.0,0.0,0.0,-0.0,0.0,0.0
-1.0,0.0,0.5,-0.8,-0.78644,0.53644,-0.56782,0.81782,-0.98613,0.16597,0.13489035756451065,0.9999999996797758,3.532251171543818e-58,3.202241167858004e-10,2.1275189939741377e-70,0.0,0.0,0.0,0.0,0.0,-0.0,0.0,0.0
-1.0,0.0,0.5,-0.7,-0.78644,0.53644,-0.48122,0.73122,-0.98613,0.16597,0.1348903573942526,0.9999999999999445,3.5322511726747334e-58,5.552183656046977e-14,1.2270539546807623e-66,0.0,0.0,0.0,0.0,0.0,-0.0,0.0,0.0
-1.0,0.0,0.5,-0.6,-0.78644,0.53644,-0.39462,0.64462,-0.98613,0.16597,0.13489035739422306,1.0,3.53225117267493e-58,9.626615150047334e-18,7.077076216382963e-63,0.0,0.0,0.0,0.0,0.0,-0.0,0.0,0.0
-1.0,0.0,0.5,-0.5,-0.78644,0.53644,-0.30801,0.55801,-0.98613,0.16597,0.13489035739422306,1.0,3.53225117267493e-58,1.6674357258960008e-21,4.085812008499565e-59,0.0,0.0,0.0,0.0,0.0,-0.0,0.0,0.0
-1.0,0.0,0.5,-0.4,-0.78644,0.53644,-0.22141,0.47141,-0.98613,0.16597,0.13489035739422306,1.0,3.53225117267493e-58,2.891071876406218e-25,2.35650623834917e-55,0.0,0.0,0.0,0.0,0.0,-0.0,0.0,0.0
-1.0,0.0,0.5,-0.3,-0.78644,0.53644,-0.13481,0.38481,-0.98613,0.16597,0.13489035739422306,1.0,3.53225117267493e-58,5.0126649349891117e-29,1.3591231412083083e-51,0.0,0.0,0.0,0.0,0.0,-0.0,0.0,0.0
-1.0,0.0,0.5,-0.2,-0.78644,0.53644,-0.04821,0.29821,-0.98613,0.16597,0.13489035739422306,1.0,3.53225117267493e-58,8.691174354925921e-33,7.838789827528641e-48,0.0,0.0,0.0,0.0,0.0,-0.0,0.0,0.0
-1.0,0.0,0.5,-0.1,-0.78644,0.53644,0.0384,0.2116,-0.98613,0.16597,0.13489035739422306,1.0,3.53225117267493e-58,1.5054070816701784e-36,4.525572514717138e-44,0.0,0.0,0.0,0.0,0.0,-0.0,0.0,0.0
-1.0,0.0,0.5,-0.0,-0.78644,0.53644,0.125,0.125,-0.98613,0.16597,0.13489035739422306,1.0,3.53225117267493e-58,2.610139634630127e-40,2.610139634630127e-40,0.0,0.0,0.0,0.0,0.0,-0.0,0.0,0.0
-1.0,0.0,0.5,0.1,-0.78644,0.53644,0.2116,0.0384,-0.98613,0.16597,0.13489035739422306,1.0,3.53225117267493e-58,4.525572514717138e-44,1.5054070816701784e-36,0.0,0.0,0.0,0.0,0.0,-0.0,0.0,0.0
-1.0,0.0,0.5,0.2,-0.78644,0.53644,0.29821,-0.04821,-0.98613,0.16597,0.13489035739422306,1.0,3.53225117267493e-58,7.838789827528641e-48,8.691174354925921e-33,0.0,0.0,0.0,0.0,0.0,-0.0,0.0,0.0
-1.0,0.0,0.5,0.3,-0.78644,0.53644,0.38481,-0.13481,-0.98613,0.16597,0.13489035739422306,1.0,3.53225117267493e-58,1.3591231412083083e-51,5.0126649349891117e-29,0.0,0.0,0.0,0.0,0.0,-0.0,0.0,0.0
-1.0,0.0,0.5,0.4,-0.78644,0.53644,0.47141,-0.22141,-0.98613,0.16597,0.13489035739422306,1.0,3.53225117267493e-58,2.35650623834917e-55,2.891071876406218e-25,0.0,0.0,0.0,0.0,0.0,-0.0,0.0,0.0
-1.0,0.0,0.5,0.5,-0.78644,0.53644,0.55801,-0.30801,-0.98613,0.16597,0.13489035739422306,1.0,3.53225117267493e-58,4.085812008499565e-59,1.6674357258960008e-21,0.0,0.0,0.0,0.0,0.0,-0.0,0.0,0.0
-1.0,0.0,0.5,0.6,-0.78644,0.53644,0.64462,-0.39462,-0.98613,0.16597,0.13489035739422306,1.0,3.53225117267493e-58,7.077076216382963e-63,9.626615150047334e-18,0.0,0.0,0.0,0.0,0.0,-0.0,0.0,0.0
-1.0,0.0,0.5,0.7,-0.78644,0.53644,0.73122,-0.48122,-0.98613,0.16597,0.1348903573942526,0.9999999999999445,3.5322511726747334e-58,1.2270539546807623e-66,5.552183656046977e-14,0.0,0.0,0.0,0.0,0.0,-0.0,0.0,0.0
-1.0,0.0,0.5,0.8,-0.78644,0.53644,0.81782,-0.56782,-0.98613,0.16597,0.13489035756451065,0.9999999996797758,3.532251171543818e-58,2.1275189939741377e-70,3.202241167858004e-10,0.0,0.0,0.0,0.0,0.0,-0.0,0.0,0.0
-1.0,0.0,0.5,0.9,-0.78644,0.53644,0.90442,-0.65442,-0.98613,0.16597,0.13489133953203908,0.9999981530997171,3.53224464895924e-58,3.688777250307414e-74,1.8469002828759255e-06,0.0,0.0,0.0,0.0,0.0,-0.0,0.0,0.0
-1.0,0.0,0.6,-1.0,-0.8,0.6,-0.76603,0.96603,-0.98198,0.18898,0.17000534697333936,0.9676106462319604,1.5292312758393043e-61,0.032389353768039614,1.940851245069011e-77,0.0,0.0,0.0,0.0,0.0,-0.0,0.0,0.0
-1.0,0.0,0.6,-0.9,-0.8,0.6,-0.67942,0.87942,-0.98198,0.18898,0.15338331038190092,0.9999942020479521,1.5804108970738878e-61,5.79795204781588e-06,1.1580134461321644e-73,0.0,0.0,0.0,0.0,0.0,-0.0,0.0,0.0
-1.0,0.0,0.6,-0.8,-0.8,0.6,-0.59282,0.79282,-0.98198,0.18898,0.15338033488835587,0.9999999989947203,1.580420058684849e-61,1.0052797248233713e-09,6.678921407563516e-70,0.0,0.0,0.0,0.0,0.0,-0.0,0.0,0.0
-1.0,0.0,0.6,-0.7,-0.8,0.6,-0.50622,0.70622,-0.98198,0.18898,0.153380334372449,0.9999999999998257,1.5804200602733374e-61,1.7429972850783598e-13,3.8520910764972323e-66,0.0,0.0,0.0,0.0,0.0,-0.0,0.0,0.0
-1.0,0.0,0.6,-0.6,-0.8,0.6,-0.41962,0.61962,-0.98198,0.18898,0.15338033437235954,1.0,1.580420060273613e-61,3.022083762080549e-17,2.2217068806819646e-62,0.0,0.0,0.0,0.0,0.0,-0.0,0.0,0.0
-1.0,0.0,0.6,-0.5,-0.8,0.6,-0.33301,0.53301,-0.98198,0.18898,0.1533803343723595,1.0,1.580420060273613e-61,5.234581784978222e-21,1.2826591624720462e-58,0.0,0.0,0.0,0.0,0.0,-0.0,0.0,0.0
-1.0,0.0,0.6,-0.4,-0.8,0.6,-0.24641,0.44641,-0.98198,0.18898,0.1533803343723595,1.0,1.580420060273613e-61,9.075943347181671e-25,7.39778117973437e-55,0.0,0.0,0.0,0.0,0.0,-0.0,0.0,0.0
-1.0,0.0,0.6,-0.3,-0.8,0.6,-0.15981,0.35981,-0.98198,0.18898,0.1533803343723595,1.0,1.580420060273613e-61,1.5736261467465791e-28,4.266695937972904e-51,0.0,0.0,0.0,0.0,0.0,-0.0,0.0,0.0
-1.0,0.0,0.6,-0.2,-0.8,0.6,-0.07321,0.27321,-0.98198,0.18898,0.1533803343723595,1.0,1.580420060273613e-61,2.7284207877888974e-32,2.460831671661882e-47,0.0,0.0,0.0,0.0,0.0,-0.0,0.0,0.0
-1.0,0.0,0.6,-0.1,-0.8,0.6,0.0134,0.1866,-0.98198,0.18898,0.1533803343723595,1.0,1.580420060273613e-61,4.72592518338512e-36,1.4207131995691705e-43,0.0,0.0,0.0,0.0,0.0,-0.0,0.0,0.0
-1.0,0.0,0.6,-0.0,-0.8,0.6,0.1,0.1,-0.98198,0.18898,0.1533803343723595,1.0,1.580420060273613e-61,8.194012623990516e-40,8.194012623990516e-40,0.0,0.0,0.0,0.0,0.0,-0.0,0.0,0.0
-1.0,0.0,0.6,0.1,-0.8,0.6,0.1866,0.0134,-0.98198,0.18898,0.1533803343723595,1.0,1.580420060273613e-61,1.4207131995691705e-43,4.72592518338512e-36,0.0,0.0,0.0,0.0,0.0,-0.0,0.0,0.0
-1.0,0.0,0.6,0.2,-0.8,0.6,0.27321,-0.07321,-0.98198,0.18898,0.1533803343723595,1.0,1.580420060273613e-61,2.460831671661882e-47,2.7284207877888974e-32,0.0,0.0,0.0,0.0,0.0,-0.0,0.0,0.0
-1.0,0.0,0.6,0.3,-0.8,0.6,0.35981,-0.15981,-0.98198,0.18898,0.1533803343723595,1.0,1.580420060273613e-61,4.266695937972904e-51,1.5736261467465791e-28,0.0,0.0,0.0,0.0,0.0,-0.0,0.0,0.0
-1.0,0.0,0.6,0.4,-0.8,0.6,0.44641,-0.24641,-0.98198,0.18898,0.1533803343723595,1.0,1.580420060273613e-61,7.39778117973437e-55,9.075943347181671e-25,0.0,0.0,0.0,0.0,0.0,-0.0,0.0,0.0
-1.0,0.0,0.6,0.5,-0.8,0.6,0.53301,-0.33301,-0.98198,0.18898,0.1533803343723595,1.0,1.580420060273613e-61,1.2826591624720462e-58,5.234581784978222e-21,0.0,0.0,0.0,0.0,0.0,-0.0,0.0,0.0
-1.0,0.0,0.6,0.6,-0.8,0.6,0.61962,-0.41962,-0.98198,0.18898,0.15338033437235954,1.0,1.580420060273613e-61,2.2217068806819646e-62,3.022083762080549e-17,0.0,0.0,0.0,0.0,0.0,-0.0,0.0,0.0
-1.0,0.0,0.6,0.7,-0.8,0.6,0.70622,-0.50622,-0.98198,0.18898,0.153380334372449,0.9999999999998257,1.5804200602733374e-61,3.8520910764972323e-66,1.7429972850783598e-13,0.0,0.0,0.0,0.0,0.0,-0.0,0.0,0.0
-1.0,0.0,0.6,0.8,-0.8,0.6,0.79282,-0.59282,-0.98198,0.18898,0.15338033488835587,0.9999999989947203,1.580420058684849e-61,6.678921407563516e-70,1.0052797248233713e-09,0.0,0.0,0.0,0.0,0.0,-0.0,0.0,0.0
-1.0,0.0,0.6,0.9,-0.8,0.6,0.87942,-0.67942,-0.98198,0.18898,0.15338331038190092,0.9999942020479521,1.5804108970738878e-61,1.1580134461321644e-73,5.79795204781588e-06,0.0,0.0,0.0,0.0,0.0,-0.0,0.0,0.0
-1.0,0.0,0.7,-1.0,-0.81493,0.66493,-0.79103,0.94103,-0.97782,0.20947,0.21148439486410808,0.916061568102443,4.92517271050405e-65,0.08393843189755701,5.0298011878912695e-77,0.0,0.0,0.0,0.0,0.0,-0.0,0.0,0.0
-1.0,0.0,0.7,-0.9,-0.81493,0.66493,-0.70442,0.85442,-0.97782,0.20947,0.16978407335000387,0.9999841289818707,5.376379399040457e-65,1.5871018129370737e-05,3.169886926633358e-73,0.0,0.0,0.0,0.0,0.0,-0.0,0.0,0.0
-1.0,0.0,0.7,-0.8,-0.81493,0.66493,-0.61782,0.76782,-0.97782,0.20947,0.16977618855955348,0.9999999972481709,5.376464714214531e-65,2.751829144971712e-09,1.8282722840687976e-69,0.0,0.0,0.0,0.0,0.0,-0.0,0.0,0.0
-1.0,0.0,0.7,-0.7,-0.81493,0.66493,-0.53122,0.68122,-0.97782,0.20947,0.16977618719243284,0.9999999999995228,5.376464729007077e-65,4.771239903305208e-13,1.0544623799871977e-65,0.0,0.0,0.0,0.0,0.0,-0.0,0.0,0.0
-1.0,0.0,0.7,-0.6,-0.81493,0.66493,-0.44462,0.59462,-0.97782,0.20947,0.1697761871921958,0.9999999999999999,5.376464729009642e-65,8.2725812370532e-17,6.081648326884289e-62,0.0,0.0,0.0,0.0,0.0,-0.0,0.0,0.0
-1.0,0.0,0.7,-0.5,-0.81493,0.66493,-0.35801,0.50801,-0.97782,0.20947,0.16977618719219578,1.0,5.376464729009643e-65,1.4329021452542088e-20,3.511121119189459e-58,0.0,0.0,0.0,0.0,0.0,-0.0,0.0,0.0
-1.0,0.0,0.7,-0.4,-0.81493,0.66493,-0.27141,0.42141,-0.97782,0.20947,0.16977618719219578,1.0,5.376464729009643e-65,2.4844274531544637e-24,2.0250512759170923e-54,0.0,0.0,0.0,0.0,0.0,-0.0,0.0,0.0
-1.0,0.0,0.7,-0.3,-0.81493,0.66493,-0.18481,0.33481,-0.97782,0.20947,0.16977618719219578,1.0,5.376464729009643e-65,4.307607320172282e-28,1.1679553427197404e-50,0.0,0.0,0.0,0.0,0.0,-0.0,0.0,0.0
-1.0,0.0,0.7,-0.2,-0.81493,0.66493,-0.09821,0.24821,-0.97782,0.20947,0.16977618719219578,1.0,5.376464729009643e-65,7.468715096205394e-32,6.736222923391519e-47,0.0,0.0,0.0,0.0,0.0,-0.0,0.0,0.0
-1.0,0.0,0.7,-0.1,-0.81493,0.66493,-0.0116,0.1616,-0.97782,0.20947,0.16977618719219578,1.0,5.376464729009643e-65,1.2936636796881291e-35,3.8890270036388216e-43,0.0,0.0,0.0,0.0,0.0,-0.0,0.0,0.0
-1.0,0.0,0.7,-0.0,-0.81493,0.66493,0.075,0.075,-0.97782,0.20947,0.16977618719219578,1.0,5.376464729009643e-65,2.2430098046896494e-39,2.2430098046896494e-39,0.0,0.0,0.0,0.0,0.0,-0.0,0.0,0.0
-1.0,0.0,0.7,0.1,-0.81493,0.66493,0.1616,-0.0116,-0.97782,0.20947,0.16977618719219578,1.0,5.376464729009643e-65,3.8890270036388216e-43,1.2936636796881291e-35,0.0,0.0,0.0,0.0,0.0,-0.0,0.0,0.0
-1.0,0.0,0.7,0.2,-0.81493,0.66493,0.24821,-0.09821,-0.97782,0.20947,0.16977618719219578,1.0,5.376464729009643e-65,6.736222923391519e-47,7.468715096205394e-32,0.0,0.0,0.0,0.0,0.0,-0.0,0.0,0.0
-1.0,0.0,0.7,0.3,-0.81493,0.66493,0.33481,-0.18481,-0.97782,0.20947,0.16977618719219578,1.0,5.376464729009643e-65,1.1679553427197404e-50,4.307607320172282e-28,0.0,0.0,0.0,0.0,0.0,-0.0,0.0,0.0
-1.0,0.0,0.7,0.4,-0.81493,0.66493,0.42141,-0.27141,-0.97782,0.20947,0.16977618719219578,1.0,5.376464729009643e-65,2.0250512759170923e-54,2.4844274531544637e-24,0.0,0.0,0.0,0.0,0.0,-0.0,0.0,0.0
-1.0,0.0,0.7,0.5,-0.81493,0.66493,0.50801,-0.35801,-0.97782,0.20947,0.16977618719219578,1.0,5.376464729009643e-65,3.511121119189459e-58,1.4329021452542088e-20,0.0,0.0,0.0,0.0,0.0,-0.0,0.0,0.0
-1.0,0.0,0.7,0.6,-0.81493,0.66493,0.59462,-0.44462,-0.97782,0.20947,0.1697761871921958,0.9999999999999999,5.376464729009642e-65,6.081648326884289e-62,8.2725812370532e-17,0.0,0.0,0.0,0.0,0.0,-0.0,0.0,0.0
-1.0,0.0,0.7,0.7,-0.81493,0.66493,0.68122,-0.53122,-0.97782,0.20947,0.16977618719243284,0.9999999999995228,5.376464729007077e-65,1.0544623799871977e-65,4.771239903305208e-13,0.0,0.0,0.0,0.0,0.0,-0.0,0.0,0.0
-1.0,0.0,0.7,0.8,-0.81493,0.66493,0.76782,-0.61782,-0.97782,0.20947,0.16977618855955348,0.9999999972481709,5.376464714214531e-65,1.8282722840687976e-69,2.751829144971712e-09,0.0,0.0,0.0,0.0,0.0,-0.0,0.0,0.0
-1.0,0.0,0.7,0.9,-0.81493,0.66493,0.85442,-0.70442,-0.97782,0.20947,0.16978407335000387,0.9999841289818707,5.376379399040457e-65,3.169886926633358e-73,1.5871018129370737e-05,0.0,0.0,0.0,0.0,0.0,-0.0,0.0,0.0
-1.0,0.0,0.8,-1.0,-0.83102,0.73102,-0.81603,0.91603,-0.97372,0.22775,0.2724026868260214,0.8174252823738541,1.1855307273445091e-68,0.18257471762614588,1.0940334609963278e-76,0.0,0.0,0.0,0.0,0.0,-0.0,0.0,0.0
-1.0,0.0,0.8,-0.9,-0.83102,0.73102,-0.72942,0.82942,-0.97372,0.22775,0.18436114476076268,0.9999613142284801,1.4502669415006826e-68,3.8685771519786825e-05,7.726632304726593e-73,0.0,0.0,0.0,0.0,0.0,-0.0,0.0,0.0
-1.0,0.0,0.8,-0.8,-0.83102,0.73102,-0.64282,0.74282,-0.97372,0.22775,0.1843424889130158,0.9999999932922349,1.450323038638335e-68,6.707765132062572e-09,4.4565343387695064e-69,0.0,0.0,0.0,0.0,0.0,-0.0,0.0,0.0
-1.0,0.0,0.8,-0.7,-0.83102,0.73102,-0.55622,0.65622,-0.97372,0.22775,0.18434248567825945,0.999999999998837,1.4503230483650748e-68,1.1630212160941033e-12,2.570321644586849e-65,0.0,0.0,0.0,0.0,0.0,-0.0,0.0,0.0
-1.0,0.0,0.8,-0.6,-0.83102,0.73102,-0.46962,0.56962,-0.97372,0.22775,0.1843424856776986,0.9999999999999998,1.4503230483667612e-68,2.016496274667806e-16,1.482441917895316e-61,0.0,0.0,0.0,0.0,0.0,-0.0,0.0,0.0
-1.0,0.0,0.8,-0.5,-0.83102,0.73102,-0.38301,0.48301,-0.97372,0.22775,0.18434248567769848,1.0,1.4503230483667616e-68,3.4927935490397147e-20,8.55858945819799e-58,0.0,0.0,0.0,0.0,0.0,-0.0,0.0,0.0
-1.0,0.0,0.8,-0.4,-0.83102,0.73102,-0.29641,0.39641,-0.97372,0.22775,0.18434248567769848,1.0,1.4503230483667616e-68,6.0559558865728625e-24,4.936196136228855e-54,0.0,0.0,0.0,0.0,0.0,-0.0,0.0,0.0
-1.0,0.0,0.8,-0.3,-0.83102,0.73102,-0.20981,0.30981,-0.97372,0.22775,0.18434248567769848,1.0,1.4503230483667616e-68,1.0500077140316366e-27,2.846968231661255e-50,0.0,0.0,0.0,0.0,0.0,-0.0,0.0,0.0
-1.0,0.0,0.8,-0.2,-0.83102,0.73102,-0.12321,0.22321,-0.97372,0.22775,0.18434248567769848,1.0,1.4503230483667616e-68,1.820548597407099e-31,1.6419987959150723e-46,0.0,0.0,0.0,0.0,0.0,-0.0,0.0,0.0
-1.0,0.0,0.8,-0.1,-0.83102,0.73102,-0.0366,0.1366,-0.97372,0.22775,0.18434248567769848,1.0,1.4503230483667616e-68,3.1533905996351605e-35,9.479759992920585e-43,0.0,0.0,0.0,0.0,0.0,-0.0,0.0,0.0
-1.0,0.0,0.8,-0.0,-0.83102,0.73102,0.05,0.05,-0.97372,0.22775,0.18434248567769848,1.0,1.4503230483667616e-68,5.467484435137721e-39,5.467484435137721e-39,0.0,0.0,0.0,0.0,0.0,-0.0,0.0,0.0
-1.0,0.0,0.8,0.1,-0.83102,0.73102,0.1366,-0.0366,-0.97372,0.22775,0.18434248567769848,1.0,1.4503230483667616e-68,9.479759992920585e-43,3.1533905996351605e-35,0.0,0.0,0.0,0.0,0.0,-0.0,0.0,0.0
-1.0,0.0,0.8,0.2,-0.83102,0.73102,0.22321,-0.12321,-0.97372,0.22775,0.18434248567769848,1.0,1.4503230483667616e-68,1.6419987959150723e-46,1.820548597407099e-31,0.0,0.0,0.0,0.0,0.0,-0.0,0.0,0.0
-1.0,0.0,0.8,0.3,-0.83102,0.73102,0.30981,-0.20981,-0.97372,0.22775,0.18434248567769848,1.0,1.4503230483667616e-68,2.846968231661255e-50,1.0500077140316366e-27,0.0,0.0,0.0,0.0,0.0,-0.0,0.0,0.0
-1.0,0.0,0.8,0.4,-0.83102,0.73102,0.39641,-0.29641,-0.97372,0.22775,0.18434248567769848,1.0,1.4503230483667616e-68,4.936196136228855e-54,6.0559558865728625e-24,0.0,0.0,0.0,0.0,0.0,-0.0,0.0,0.0
-1.0,0.0,0.8,0.5,-0.83102,0.73102,0.48301,-0.38301,-0.97372,0.22775,0.18434248567769848,1.0,1.4503230483667616e-68,8.55858945819799e-58,3.4927935490397147e-20,0.0,0.0,0.0,0.0,0.0,-0.0,0.0,0.0
-1.0,0.0,0.8,0.6,-0.83102,0.73102,0.56962,-0.46962,-0.97372,0.22775,0.1843424856776986,0.9999999999999998,1.4503230483667612e-68,1.482441917895316e-61,2.016496274667806e-16,0.0,0.0,0.0,0.0,0.0,-0.0,0.0,0.0
-1.0,0.0,0.8,0.7,-0.83102,0.73102,0.65622,-0.55622,-0.97372,0.22775,0.18434248567825945,0.999999999998837,1.4503230483650748e-68,2.570321644586849e-65,1.1630212160941033e-12,0.0,0.0,0.0,0.0,0.0,-0.0,0.0,0.0
-1.0,0.0,0.8,0.8,-0.83102,0.73102,0.74282,-0.64282,-0.97372,0.22775,0.1843424889130158,0.9999999932922349,1.450323038638335e-68,4.4565343387695064e-69,6.707765132062572e-09,0.0,0.0,0.0,0.0,0.0,-0.0,0.0,0.0
-1.0,0.0,0.8,0.9,-0.83102,0.73102,0.82942,-0.72942,-0.97372,0.22775,0.18436114476076268,0.9999613142284801,1.4502669415006826e-68,7.726632304726593e-73,3.8685771519786825e-05,0.0,0.0,0.0,0.0,0.0,-0.0,0.0,0.0
-1.0,0.0,0.9,-1.0,-0.8481,0.7981,-0.84103,0.89103,-0.96975,0.24412,0.3523364102398863,0.6697379309271663,2.1495486816357954e-72,0.33026206907283373,1.9790130811179606e-76,0.0,0.0,0.0,0.0,0.0,-0.0,0.0,0.0
-1.0,0.0,0.9,-0.9,-0.8481,0.7981,-0.75442,0.80442,-0.96975,0.24412,0.19737353574638442,0.999914593249139,3.209262901821252e-72,8.5406750861102e-05,1.7058120707444092e-72,0.0,0.0,0.0,0.0,0.0,-0.0,0.0,0.0
-1.0,0.0,0.9,-0.8,-0.8481,0.7981,-0.66782,0.71782,-0.96975,0.24412,0.19733345847197675,0.9999999851905451,3.20953697041823e-72,1.4809454911057352e-08,9.839170431611668e-69,0.0,0.0,0.0,0.0,0.0,-0.0,0.0,0.0
-1.0,0.0,0.9,-0.7,-0.8481,0.7981,-0.58122,0.63122,-0.96975,0.24412,0.19733345152261278,0.9999999999974323,3.2095370179414824e-72,2.5677271133924317e-12,5.6747757354850824e-65,0.0,0.0,0.0,0.0,0.0,-0.0,0.0,0.0
-1.0,0.0,0.9,-0.6,-0.8481,0.7981,-0.49462,0.54462,-0.96975,0.24412,0.19733345152140785,0.9999999999999994,3.209537017949722e-72,4.452035858740302e-16,3.2729465756424445e-61,0.0,0.0,0.0,0.0,0.0,-0.0,0.0,0.0
-1.0,0.0,0.9,-0.5,-0.8481,0.7981,-0.40801,0.45801,-0.96975,0.24412,0.19733345152140766,1.0,3.2095370179497236e-72,7.711416243535187e-20,1.8895719097924702e-57,0.0,0.0,0.0,0.0,0.0,-0.0,0.0,0.0
-1.0,0.0,0.9,-0.4,-0.8481,0.7981,-0.32141,0.37141,-0.96975,0.24412,0.19733345152140766,1.0,3.2095370179497236e-72,1.3370385606297876e-23,1.0898171487019736e-53,0.0,0.0,0.0,0.0,0.0,-0.0,0.0,0.0
-1.0,0.0,0.9,-0.3,-0.8481,0.7981,-0.23481,0.28481,-0.96975,0.24412,0.19733345152140766,1.0,3.2095370179497236e-72,2.318215041380564e-27,6.28555818092863e-50,0.0,0.0,0.0,0.0,0.0,-0.0,0.0,0.0
-1.0,0.0,0.9,-0.2,-0.8481,0.7981,-0.14821,0.19821,-0.96975,0.24412,0.19733345152140766,1.0,3.2095370179497236e-72,4.019421082030512e-31,3.6252174681684345e-46,0.0,0.0,0.0,0.0,0.0,-0.0,0.0,0.0
-1.0,0.0,0.9,-0.1,-0.8481,0.7981,-0.0616,0.1116,-0.96975,0.24412,0.19733345152140766,1.0,3.2095370179497236e-72,6.962079822588856e-35,2.092948643194832e-42,0.0,0.0,0.0,0.0,0.0,-0.0,0.0,0.0
-1.0,0.0,0.9,-0.0,-0.8481,0.7981,0.025,0.025,-0.96975,0.24412,0.19733345152140766,1.0,3.2095370179497236e-72,1.2071153846464497e-38,1.2071153846464497e-38,0.0,0.0,0.0,0.0,0.0,-0.0,0.0,0.0
-1.0,0.0,0.9,0.1,-0.8481,0.7981,0.1116,-0.0616,-0.96975,0.24412,0.19733345152140766,1.0,3.2095370179497236e-72,2.092948643194832e-42,6.962079822588856e-35,0.0,0.0,0.0,0.0,0.0,-0.0,0.0,0.0
-1.0,0.0,0.9,0.2,-0.8481,0.7981,0.19821,-0.14821,-0.96975,0.24412,0.19733345152140766,1.0,3.2095370179497236e-72,3.6252174681684345e-46,4.019421082030512e-31,0.0,0.0,0.0,0.0,0.0,-0.0,0.0,0.0
-1.0,0.0,0.9,0.3,-0.8481,0.7981,0.28481,-0.23481,-0.96975,0.24412,0.19733345152140766,1.0,3.2095370179497236e-72,6.28555818092863e-50,2.318215041380564e-27,0.0,0.0,0.0,0.0,0.0,-0.0,0.0,0.0
-1.0,0.0,0.9,0.4,-0.8481,0.7981,0.37141,-0.32141,-0.96975,0.24412,0.19733345152140766,1.0,3.2095370179497236e-72,1.0898171487019736e-53,1.3370385606297876e-23,0.0,0.0,0.0,0.0,0.0,-0.0,0.0,0.0
-1.0,0.0,0.9,0.5,-0.8481,0.7981,0.45801,-0.40801,-0.96975,0.24412,0.19733345152140766,1.0,3.2095370179497236e-72,1.8895719097924702e-57,7.711416243535187e-20,0.0,0.0,0.0,0.0,0.0,-0.0,0.0,0.0
-1.0,0.0,0.9,0.6,-0.8481,0.7981,0.54462,-0.49462,-0.96975,0.24412,0.19733345152140785,0.9999999999999994,3.209537017949722e-72,3.2729465756424445e-61,4.452035858740302e-16,0.0,0.0,0.0,0.0,0.0,-0.0,0.0,0.0
-1.0,0.0,0.9,0.7,-0.8481,0.7981,0.63122,-0.58122,-0.96975,0.24412,0.19733345152261278,0.9999999999974323,3.2095370179414824e-72,5.6747757354850824e-65,2.5677271133924317e-12,0.0,0.0,0.0,0.0,0.0,-0.0,0.0,0.0
-1.0,0.0,0.9,0.8,-0.8481,0.7981,0.71782,-0.66782,-0.96975,0.24412,0.19733345847197675,0.9999999851905451,3.20953697041823e-72,9.839170431611668e-69,1.4809454911057352e-08,0.0,0.0,0.0,0.0,0.0,-0.0,0.0,0.0
-1.0,0.0,0.9,0.9,-0.8481,0.7981,0.80442,-0.75442,-0.96975,0.24412,0.19737353574638442,0.999914593249139,3.209262901821252e-72,1.7058120707444092e-72,8.5406750861102e-05,0.0,0.0,0.0,0.0,0.0,-0.0,0.0,0.0
