j1,j4,j2,j3,e1,e2,Eigenvalue3,Eigenvalue4,First Eigenvector Comp 3,First Eigenvector Comp 4,concur_fin,density_fin_1,density_fin_2,density_fin_3,density_fin_4,density_fin_5,density_fin_6,density_fin_7,density_fin_8,density_fin_9,density_fin_10,density_fin_11,density_fin_12,density_fin_13
-1.0,0.0,-1.0,-1.0,-0.75,0.25,-0.45711,0.95711,-0.70711,-0.70711,1.2298092722445502e-13,0.9999999999998095,3.7200759760201277e-44,1.9052366163484322e-13,7.263646493360916e-75,0.0,-0.0,-0.0,0.0,0.0,0.0,0.0,-0.0,0.0
-1.0,0.0,-1.0,-0.9,-0.725,0.225,-0.45755,0.95755,-0.6945,-0.71949,1.5760791937937562e-12,0.9999999999975745,5.521082277015142e-42,2.425459803062453e-12,8.468021409538864e-74,0.0,-0.0,-0.0,0.0,0.0,0.0,0.0,-0.0,0.0
-1.0,0.0,-1.0,-0.8,-0.7,0.2,-0.45887,0.95887,-0.68171,-0.73162,2.2037604535702614e-11,0.9999999999662824,8.194012623714233e-40,3.371763910135963e-11,9.040475644225581e-73,0.0,-0.0,-0.0,0.0,0.0,0.0,0.0,-0.0,0.0
-1.0,0.0,-1.0,-0.7,-0.675,0.175,-0.46107,0.96107,-0.66878,-0.74346,3.3620992422488513e-10,0.9999999994881554,1.2160992986303719e-37,5.118446266529697e-10,8.838584108146389e-72,0.0,-0.0,-0.0,0.0,0.0,0.0,0.0,-0.0,0.0
-1.0,0.0,-1.0,-0.6,-0.65,0.15,-0.46414,0.96414,-0.65573,-0.75499,5.591178640587428e-09,0.9999999915237696,1.8048513725470789e-35,8.47623044916428e-09,7.9211911647018e-71,0.0,-0.0,-0.0,0.0,0.0,0.0,0.0,-0.0,0.0
-1.0,0.0,-1.0,-0.5,-0.625,0.125,-0.46807,0.96807,-0.64262,-0.76618,1.0125332209721759e-07,0.9999998470263501,2.6786365520472054e-33,1.5297364994408527e-07,6.514017260530146e-70,0.0,-0.0,-0.0,0.0,0.0,0.0,0.0,-0.0,0.0
-1.0,0.0,-1.0,-0.4,-0.6,0.1,-0.47284,0.97284,-0.62948,-0.77702,1.992845723668921e-06,0.9999969973129975,3.975437798877396e-31,3.002687002426258e-06,4.925217390720097e-69,0.0,-0.0,-0.0,0.0,0.0,0.0,0.0,-0.0,0.0
-1.0,0.0,-1.0,-0.3,-0.575,0.075,-0.47844,0.97844,-0.61634,-0.78748,4.258656687411764e-05,0.9999359639299044,5.899712722985611e-29,6.403607009563281e-05,3.4271269472802595e-68,0.0,-0.0,-0.0,0.0,0.0,0.0,0.0,-0.0,0.0
-1.0,0.0,-1.0,-0.2,-0.55,0.05,-0.48485,0.98485,-0.60326,-0.79755,0.0009848615764634224,0.998521134383177,8.743561060006227e-27,0.0014788656168230805,2.1961839155330615e-67,0.0,-0.0,-0.0,0.0,0.0,0.0,0.0,-0.0,0.0
-1.0,0.0,-1.0,-0.1,-0.525,0.025,-0.49204,0.99204,-0.59025,-0.80722,0.0237997262236348,0.9642913319952673,1.2531751033567927e-24,0.03570866800473268,1.25892013677257e-66,0.0,-0.0,-0.0,0.0,0.0,0.0,0.0,-0.0,0.0
-1.0,0.0,-1.0,-0.0,-0.5,0.0,-0.5,1.0,-0.57735,-0.8165,0.33333113644369805,0.5,9.64374923981959e-23,0.5,3.5875479865822054e-66,0.0,0.0,-0.0,0.0,0.0,0.0,0.0,-0.0,0.0
-1.0,0.0,-1.0,0.1,-0.475,-0.025,-0.5087,1.0087,-0.5646,-0.82537,0.6443415788575637,0.03324630883947396,9.516817678767775e-22,0.966753691160526,1.2175061255539674e-66,0.0,0.0,-0.0,0.0,0.0,0.0,0.0,-0.0,0.0
-1.0,0.0,-1.0,0.2,-0.45,-0.05,-0.51811,1.01811,-0.55201,-0.83384,0.6653156715290189,0.0011003785913337096,4.674798070924329e-21,0.9988996214086664,1.9157328642299427e-67,0.0,0.0,-0.0,0.0,0.0,0.0,0.0,-0.0,0.0
-1.0,0.0,-1.0,0.3,-0.425,-0.075,-0.52822,1.02822,-0.53962,-0.84191,0.6653095050889491,3.290016448354134e-05,2.0743937849676922e-20,0.9999670998355165,2.538957142465393e-68,0.0,0.0,-0.0,0.0,0.0,0.0,0.0,-0.0,0.0
-1.0,0.0,-1.0,0.4,-0.4,-0.1,-0.53899,1.03899,-0.52744,-0.84959,0.6643851463149743,9.198999526830406e-07,8.60807692626181e-20,0.9999990801000472,2.945770747218515e-69,0.0,0.0,-0.0,0.0,0.0,0.0,0.0,-0.0,0.0
-1.0,0.0,-1.0,0.5,-0.375,-0.125,-0.55039,1.05039,-0.5155,-0.85689,0.6632304481653949,0.0,3.3538761703798917e-19,0.999999821218111,-2.977760461299632e-24,-2.414955160382613e-08,-7.2070672066906425e-09,1.800109456778006e-08,0.0,0.0,0.0,0.0,1.931964128306091e-07,0.0
-1.0,0.0,-1.0,0.6,-0.35,-0.15,-0.5624,1.0624,-0.5038,-0.86382,0.6619077329087563,0.0,1.2294066729622935e-18,0.9999999955269544,1.0692946817775957e-25,-5.964653287258513e-10,-2.0899861086163355e-10,5.384587367005084e-10,0.0,0.0,0.0,0.0,4.771722629806811e-09,0.0
-1.0,0.0,-1.0,0.7,-0.325,-0.175,-0.575,1.075,-0.49237,-0.87039,0.6604335988180269,0.0,4.2483542552326184e-18,0.9999999998944525,-2.806783984256264e-27,-1.3887943864771244e-11,-5.555039312507888e-12,1.4755481381086737e-11,0.0,0.0,0.0,0.0,1.1110355091816998e-10,0.0
-1.0,0.0,-1.0,0.8,-0.3,-0.2,-0.58815,1.08815,-0.4812,-0.87661,0.6588528123608637,0.0,1.3895036275696877e-17,0.9999999999976418,-2.216271564474452e-29,-3.060585412442358e-13,-1.3692554754454748e-13,3.748083216978312e-13,0.0,0.0,0.0,0.0,2.4484683299538868e-12,0.0
-1.0,0.0,-1.0,0.9,-0.275,-0.225,-0.60184,1.10184,-0.47031,-0.8825,0.6571691757992006,0.0,4.305729514000885e-17,0.9999999999999469,-3.1481646259140084e-15,-6.3902691941407314e-15,-0.0,1.2221195330145254e-14,0.0,0.0,0.0,0.0,5.1122153553125864e-14,0.0
-1.0,0.0,-0.9,-1.0,-0.75,0.25,-0.3864,0.8864,-0.70711,-0.70711,1.0445794592995764e-16,0.9999999999999998,3.7200759760208356e-44,1.618276166442214e-16,8.55167094117958e-72,0.0,-0.0,-0.0,0.0,0.0,0.0,0.0,-0.0,0.0
-1.0,0.0,-0.9,-0.9,-0.725,0.225,-0.38689,0.88689,-0.69309,-0.72085,1.3463242171310777e-15,0.9999999999999979,5.5210822770285216e-42,2.0704715741084854e-15,9.919887718937674e-71,0.0,-0.0,-0.0,0.0,0.0,0.0,0.0,-0.0,0.0
-1.0,0.0,-0.9,-0.8,-0.7,0.2,-0.38836,0.88836,-0.67885,-0.73428,1.9118828775188085e-14,0.9999999999999708,8.194012623990277e-40,2.9217749813190457e-14,1.0432818990035783e-69,0.0,-0.0,-0.0,0.0,0.0,0.0,0.0,-0.0,0.0
-1.0,0.0,-0.9,-0.7,-0.675,0.175,-0.3908,0.8908,-0.66444,-0.74734,2.9886147322493856e-13,0.9999999999995457,1.2160992992522733e-37,4.5430846011918773e-13,9.957951886731836e-69,0.0,-0.0,-0.0,0.0,0.0,0.0,0.0,-0.0,0.0
-1.0,0.0,-0.9,-0.6,-0.65,0.15,-0.3942,0.8942,-0.64991,-0.76001,5.137448452354191e-12,0.9999999999922241,1.804851387831381e-35,7.7758370848849e-12,8.634677160557512e-68,0.0,-0.0,-0.0,0.0,0.0,0.0,0.0,-0.0,0.0
-1.0,0.0,-0.9,-0.5,-0.625,0.125,-0.39856,0.89856,-0.63532,-0.77225,9.712156211532642e-11,0.9999999998535006,2.678636961415659e-33,1.4649936819446443e-10,6.801894868213236e-67,0.0,-0.0,-0.0,0.0,0.0,0.0,0.0,-0.0,0.0
-1.0,0.0,-0.9,-0.4,-0.6,0.1,-0.40383,0.90383,-0.62072,-0.78403,2.009244094260238e-09,0.9999999969769513,3.975449723890669e-31,3.0230487254877117e-09,4.892072973329509e-66,0.0,-0.0,-0.0,0.0,0.0,0.0,0.0,-0.0,0.0
-1.0,0.0,-0.9,-0.3,-0.575,0.075,-0.41002,0.91002,-0.60616,-0.79534,4.55356880813313e-08,0.9999999316073223,5.900090138074113e-29,6.839267775643796e-08,3.209229817852048e-65,0.0,-0.0,-0.0,0.0,0.0,0.0,0.0,-0.0,0.0
-1.0,0.0,-0.9,-0.2,-0.55,0.05,-0.41708,0.91708,-0.59169,-0.80617,1.1249276127425125e-06,0.999998312059967,8.756495982231454e-27,1.6879400329224019e-06,1.9298538288036178e-64,0.0,-0.0,-0.0,0.0,0.0,0.0,0.0,-0.0,0.0
-1.0,0.0,-0.9,-0.1,-0.525,0.025,-0.425,0.925,-0.57735,-0.8165,3.0265046333408494e-05,0.9999546021312975,1.2995224267806023e-24,4.539786870243439e-05,1.0648303170199046e-63,0.0,0.0,-0.0,0.0,0.0,0.0,0.0,-0.0,0.0
-1.0,0.0,-0.9,-0.0,-0.5,0.0,-0.43374,0.93374,-0.56319,-0.82633,0.0008822028232387817,0.9986763001898583,1.9261967621563573e-22,0.001323699810141626,5.406145067069354e-63,0.0,0.0,-0.0,0.0,0.0,0.0,0.0,-0.0,0.0
-1.0,0.0,-0.9,0.1,-0.475,-0.025,-0.44327,0.94327,-0.54924,-0.83566,0.02676636130540396,0.9598054811185632,2.7474610234150374e-20,0.040194518881436804,2.440617611504321e-62,0.0,0.0,-0.0,0.0,0.0,0.0,0.0,-0.0,0.0
-1.0,0.0,-0.9,0.2,-0.45,-0.05,-0.45356,0.95356,-0.53554,-0.84451,0.39109167644138365,0.4119281968435014,1.7500169079346805e-18,0.5880718031564985,4.560213950084073e-62,0.0,0.0,-0.0,0.0,0.0,0.0,0.0,-0.0,0.0
-1.0,0.0,-0.9,0.3,-0.425,-0.075,-0.46458,0.96458,-0.52211,-0.85288,0.6514481725624683,0.018743258468625866,1.1817843311029994e-17,0.981256741531374,8.397547669063818e-63,0.0,0.0,-0.0,0.0,0.0,0.0,0.0,-0.0,0.0
-1.0,0.0,-0.9,0.4,-0.4,-0.1,-0.47629,0.97629,-0.50897,-0.86078,0.6621997771588087,0.0004859105382752658,4.54696761376612e-17,0.9995140894617246,8.223204072715983e-64,0.0,0.0,-0.0,0.0,0.0,0.0,0.0,-0.0,0.0
-1.0,0.0,-0.9,0.5,-0.375,-0.125,-0.48866,0.98866,-0.49615,-0.86824,0.6609307993613035,1.1582542126166577e-05,1.6085769486178246e-16,0.9999884174578737,6.931106454517259e-65,0.0,0.0,-0.0,0.0,0.0,0.0,0.0,-0.0,0.0
-1.0,0.0,-0.9,0.6,-0.35,-0.15,-0.50166,1.00166,-0.48366,-0.87526,0.6592073142398804,2.591133414711299e-07,5.340724023953784e-16,0.999999740886658,5.148039067083509e-66,0.0,0.0,-0.0,0.0,0.0,0.0,0.0,-0.0,0.0
-1.0,0.0,-0.9,0.7,-0.325,-0.175,-0.51526,1.01526,-0.47151,-0.88186,0.6573601098976432,0.0,1.6699211152843878e-15,0.9999999574073483,7.380325564964547e-25,-5.459001139226733e-09,-2.662387072602622e-09,7.48210620589785e-09,0.0,0.0,0.0,0.0,4.3672009113813873e-08,0.0
-1.0,0.0,-0.9,0.8,-0.3,-0.2,-0.52942,1.02942,-0.4597,-0.88807,0.6554137876667645,0.0,4.937091510736048e-15,0.9999999991378247,-1.4047008744283455e-26,-1.0874667728705818e-10,-5.827677345297846e-11,1.6916563013371912e-10,0.0,0.0,0.0,0.0,8.699734182964657e-10,0.0
-1.0,0.0,-0.9,0.9,-0.275,-0.225,-0.54412,1.04412,-0.44825,-0.89391,0.6533831264339071,0.0,-2.3192510613497747e-28,0.9999999999834461,-4.379026740881436e-28,-2.052423142666141e-12,-1.1938717986122816e-12,3.592156246708229e-12,0.0,0.0,0.0,0.0,1.641938514132913e-11,0.0
-1.0,0.0,-0.8,-1.0,-0.75,0.25,-0.31569,0.81569,-0.70711,-0.70711,8.872483493305548e-20,1.0,3.720075976020836e-44,1.374536752234809e-19,1.0068094028673375e-68,0.0,-0.0,-0.0,0.0,0.0,0.0,0.0,-0.0,0.0
-1.0,0.0,-0.8,-0.9,-0.725,0.225,-0.31624,0.81624,-0.69132,-0.72255,1.1513943068741301e-18,1.0,5.521082277028533e-42,1.7692074428291494e-18,1.1609065756339248e-67,0.0,-0.0,-0.0,0.0,0.0,0.0,0.0,-0.0,0.0
-1.0,0.0,-0.8,-0.8,-0.7,0.2,-0.31789,0.81789,-0.67526,-0.73758,1.6657354319258898e-17,1.0,8.194012623990516e-40,2.5419883274971125e-17,1.1991537954752154e-66,0.0,-0.0,-0.0,0.0,0.0,0.0,0.0,-0.0,0.0
-1.0,0.0,-0.8,-0.7,-0.675,0.175,-0.32064,0.82064,-0.659,-0.75214,2.6866739646124636e-16,0.9999999999999997,1.2160992992528254e-37,4.077000261203672e-16,1.1096349025669522e-65,0.0,-0.0,-0.0,0.0,0.0,0.0,0.0,-0.0,0.0
-1.0,0.0,-0.8,-0.6,-0.65,0.15,-0.32446,0.82446,-0.64262,-0.76618,4.816927261801755e-15,0.9999999999999928,1.804851387845402e-35,7.277419935372487e-15,9.226050369275393e-65,0.0,-0.0,-0.0,0.0,0.0,0.0,0.0,-0.0,0.0
-1.0,0.0,-0.8,-0.5,-0.625,0.125,-0.32933,0.82933,-0.62619,-0.77967,9.581411278852389e-14,0.9999999999998558,2.678636961807692e-33,1.4428296337934637e-13,6.906382275987609e-64,0.0,-0.0,-0.0,0.0,0.0,0.0,0.0,-0.0,0.0
-1.0,0.0,-0.8,-0.4,-0.6,0.1,-0.33523,0.83523,-0.60979,-0.79256,2.110427766320348e-12,0.9999999999968291,3.975449735896041e-31,3.1709179367525046e-12,4.663941278620561e-63,0.0,-0.0,-0.0,0.0,0.0,0.0,0.0,-0.0,0.0
-1.0,0.0,-0.8,-0.3,-0.575,0.075,-0.34214,0.84214,-0.59349,-0.80484,5.137526467032472e-11,0.9999999999229062,5.900090541142243e-29,7.709366536050129e-11,2.8470283484542253e-62,0.0,-0.0,-0.0,0.0,0.0,0.0,0.0,-0.0,0.0
-1.0,0.0,-0.8,-0.2,-0.55,0.05,-0.35,0.85,-0.57735,-0.8165,1.374093355872761e-09,0.9999999979388464,8.756510744648005e-27,2.0611536181902033e-09,1.5804200570161245e-61,0.0,0.0,-0.0,0.0,0.0,0.0,0.0,-0.0,0.0
-1.0,0.0,-0.8,-0.1,-0.525,0.025,-0.35879,0.85879,-0.56143,-0.82752,4.0303552555723875e-08,0.9999999395228398,1.299581346412509e-24,6.047716020395758e-08,7.99399481885436e-61,0.0,0.0,-0.0,0.0,0.0,0.0,0.0,-0.0,0.0
-1.0,0.0,-0.8,-0.0,-0.5,0.0,-0.36847,0.86847,-0.54579,-0.83792,1.2912778074790506e-06,0.999998060347917,1.9287461068602578e-22,1.9396520829572674e-06,3.6991521324135494e-60,0.0,0.0,-0.0,0.0,0.0,0.0,0.0,-0.0,0.0
-1.0,0.0,-0.8,0.1,-0.475,-0.025,-0.37899,0.87899,-0.53047,-0.84771,4.4966615009817144e-05,0.9999323435360994,2.862324912664384e-20,6.765646390062704e-05,1.5737366570479908e-59,0.0,0.0,-0.0,0.0,0.0,0.0,0.0,-0.0,0.0
-1.0,0.0,-0.8,0.2,-0.45,-0.05,-0.39031,0.89031,-0.5155,-0.85689,0.001691421261496596,0.9974497236009296,4.2375197776994286e-18,0.0025502763990704197,6.165485920645485e-59,0.0,0.0,-0.0,0.0,0.0,0.0,0.0,-0.0,0.0
-1.0,0.0,-0.8,0.3,-0.425,-0.075,-0.4024,0.9024,-0.50092,-0.86549,0.0625109226557122,0.9055096310498405,5.709343951206866e-16,0.09449036895015879,2.0353708295307934e-58,0.0,0.0,-0.0,0.0,0.0,0.0,0.0,-0.0,0.0
-1.0,0.0,-0.8,0.4,-0.4,-0.1,-0.41521,0.91521,-0.48675,-0.87354,0.5413743802389411,0.17931431152292326,0.0,0.82068568847706,2.59090719061901e-30,0.0,0.0,1.7828279526579607e-14,0.0,0.0,0.0,0.0,-0.0,0.0
-1.0,0.0,-0.8,0.5,-0.375,-0.125,-0.42869,0.92869,-0.47301,-0.88106,0.6545426485277224,0.004637184112805438,0.0,0.9953628158871302,-1.4307461732330273e-30,0.0,0.0,6.842601219077898e-14,0.0,0.0,0.0,0.0,-0.0,0.0
-1.0,0.0,-0.8,0.6,-0.35,-0.15,-0.44282,0.94282,-0.4597,-0.88807,0.6553527848700161,9.307610366846646e-05,0.0,0.9999069238961397,-1.6925800485159197e-29,0.0,0.0,2.0383440750364687e-13,0.0,0.0,0.0,0.0,-0.0,0.0
-1.0,0.0,-0.8,0.7,-0.325,-0.175,-0.45755,0.95755,-0.44684,-0.89461,0.6531342484427648,1.751563480315263e-06,0.0,0.9999982484359838,8.088212985235108e-29,0.0,0.0,5.692952914556118e-13,0.0,0.0,0.0,0.0,-0.0,0.0
-1.0,0.0,-0.8,0.8,-0.3,-0.2,-0.47284,0.97284,-0.43443,-0.90071,0.650787640704231,3.116406928738204e-08,0.0,0.9999999688345159,1.950578668277047e-28,0.0,-0.0,1.5032744665578783e-12,0.0,0.0,0.0,0.0,-0.0,0.0
-1.0,0.0,-0.8,0.9,-0.275,-0.225,-0.48866,0.98866,-0.42246,-0.90638,0.6484334982497723,0.0,4.079357513078896e-26,0.9999999955863005,1.4873573483120856e-25,-5.258526894315312e-10,-3.5846416551178105e-10,1.1593828951958807e-09,0.0,0.0,0.0,0.0,4.20682151545225e-09,0.0
-1.0,0.0,-0.7,-1.0,-0.75,0.25,-0.24497,0.74497,-0.70711,-0.70711,7.528606945395709e-23,1.0,3.720075976020836e-44,1.1663416389993468e-22,1.1865275837395638e-65,0.0,-0.0,-0.0,0.0,0.0,0.0,0.0,-0.0,0.0
-1.0,0.0,-0.7,-0.9,-0.725,0.225,-0.24561,0.74561,-0.68904,-0.72472,9.868852413370325e-22,1.0,5.521082277028533e-42,1.5148053560839301e-21,1.3558735753024642e-64,0.0,-0.0,-0.0,0.0,0.0,0.0,0.0,-0.0,0.0
-1.0,0.0,-0.7,-0.8,-0.7,0.2,-0.24749,0.74749,-0.67063,-0.74179,1.4619301113169888e-20,1.0,8.194012623990516e-40,2.2271034946706168e-20,1.3686992805975075e-63,0.0,-0.0,-0.0,0.0,0.0,0.0,0.0,-0.0,0.0
-1.0,0.0,-0.7,-0.7,-0.675,0.175,-0.25062,0.75062,-0.65199,-0.75823,2.4499912457739535e-19,1.0,1.2160992992528256e-37,3.7103149562606906e-19,1.2192985881084231e-62,0.0,-0.0,-0.0,0.0,0.0,0.0,0.0,-0.0,0.0
-1.0,0.0,-0.7,-0.6,-0.65,0.15,-0.25498,0.75498,-0.63323,-0.77396,4.636216632620013e-18,1.0,1.804851387845415e-35,6.990357321485875e-18,9.604922866495856e-62,0.0,-0.0,-0.0,0.0,0.0,0.0,0.0,-0.0,0.0
-1.0,0.0,-0.7,-0.5,-0.625,0.125,-0.26051,0.76051,-0.61447,-0.78894,9.848066505747508e-17,0.9999999999999998,2.6786369618080775e-33,1.4804727876906946e-16,6.730777554950599e-61,0.0,-0.0,-0.0,0.0,0.0,0.0,0.0,-0.0,0.0
-1.0,0.0,-0.7,-0.4,-0.6,0.1,-0.2672,0.7672,-0.59581,-0.80313,2.3461467714926395e-15,0.9999999999999966,3.975449735908634e-31,3.521110401762472e-15,4.200088429215255e-60,0.0,-0.0,-0.0,0.0,0.0,0.0,0.0,-0.0,0.0
-1.0,0.0,-0.7,-0.3,-0.575,0.075,-0.275,0.775,-0.57735,-0.8165,6.238374197229759e-14,0.9999999999999064,5.900090541596551e-29,9.357622968839364e-14,2.3455513385427114e-59,0.0,0.0,-0.0,0.0,0.0,0.0,0.0,-0.0,0.0
-1.0,0.0,-0.7,-0.2,-0.55,0.05,-0.28385,0.78385,-0.55918,-0.82905,1.840556885550168e-12,0.9999999999972378,8.756510762672333e-27,2.7621824663395265e-12,1.1793169248903242e-58,0.0,0.0,-0.0,0.0,0.0,0.0,0.0,-0.0,0.0
-1.0,0.0,-0.7,-0.1,-0.525,0.025,-0.29371,0.79371,-0.54138,-0.84078,6.002293062929878e-11,0.9999999999098007,1.2995814248902817e-24,9.019925033014889e-11,5.359846805251431e-58,0.0,0.0,-0.0,0.0,0.0,0.0,0.0,-0.0,0.0
-1.0,0.0,-0.7,-0.0,-0.5,0.0,-0.30453,0.80453,-0.52401,-0.85171,2.1530978601737525e-09,0.9999999967577556,1.9287498417104395e-22,3.2422444897050184e-09,2.2130027360430426e-57,0.0,0.0,-0.0,0.0,0.0,0.0,0.0,-0.0,0.0
-1.0,0.0,-0.7,0.1,-0.475,-0.025,-0.31624,0.81624,-0.50712,-0.86188,8.437080512642132e-08,0.9999998726084124,2.862518215888607e-20,1.2739158759924811e-07,8.359095046984485e-57,0.0,0.0,-0.0,0.0,0.0,0.0,0.0,-0.0,0.0
-1.0,0.0,-0.7,0.2,-0.45,-0.05,-0.32879,0.82879,-0.49075,-0.8713,3.594201458811182e-06,0.9999945560488368,4.248331127458499e-18,5.443951163233272e-06,2.9030437736744265e-56,0.0,0.0,-0.0,0.0,0.0,0.0,0.0,-0.0,0.0
-1.0,0.0,-0.7,0.3,-0.425,-0.075,-0.34214,0.84214,-0.47494,-0.88002,0.00016576155123978516,0.9997480429669541,6.303528141635095e-16,0.0002519570330451018,9.304640171374496e-56,0.0,0.0,-0.0,0.0,0.0,0.0,0.0,-0.0,0.0
-1.0,0.0,-0.7,0.4,-0.4,-0.1,-0.35622,0.85622,-0.4597,-0.88807,0.00812377090396475,0.9876051266392467,0.0,0.012394873360660984,-8.153602577389286e-30,0.0,0.0,9.81923869325771e-14,0.0,0.0,0.0,0.0,-0.0,0.0
-1.0,0.0,-0.7,0.5,-0.375,-0.125,-0.37099,0.87099,-0.44504,-0.89551,0.26181967830790326,0.5989278971247637,0.0,0.40107210286691847,-7.765805390596912e-29,0.0,0.0,8.837744327831515e-12,0.0,0.0,0.0,0.0,-0.0,0.0
-1.0,0.0,-0.7,0.6,-0.35,-0.15,-0.3864,0.8864,-0.43096,-0.90237,0.6334915991764396,0.0255807883106589,0.0,0.9744192116366152,3.984446842373429e-27,0.0,0.0,5.602130539705779e-11,0.0,0.0,0.0,0.0,-0.0,0.0
-1.0,0.0,-0.7,0.7,-0.325,-0.175,-0.4024,0.9024,-0.41747,-0.90869,0.6471351820506871,0.000434882370063139,0.0,0.9995651174969055,1.9671615967079092e-26,0.0,0.0,1.4134599653187597e-10,0.0,0.0,0.0,0.0,-0.0,0.0
-1.0,0.0,-0.7,0.8,-0.3,-0.2,-0.41895,0.91895,-0.40454,-0.91452,0.6447076134424486,6.824395278317111e-06,0.0,0.9999931752948945,9.792105477014198e-28,0.0,0.0,3.291912579512194e-10,0.0,0.0,0.0,0.0,-0.0,0.0
-1.0,0.0,-0.7,0.9,-0.275,-0.225,-0.43602,0.93602,-0.39217,-0.91989,0.642041608662952,1.0162257797697768e-07,0.0,0.9999998976926945,6.640934675621083e-27,0.0,0.0,7.275230158392624e-10,0.0,0.0,0.0,0.0,-0.0,0.0
-1.0,0.0,-0.6,-1.0,-0.75,0.25,-0.17426,0.67426,-0.70711,-0.70711,6.394673019455932e-26,1.0,3.720075976020836e-44,9.90671111464847e-26,1.3969283152815937e-62,0.0,-0.0,-0.0,0.0,0.0,0.0,0.0,-0.0,0.0
-1.0,0.0,-0.6,-0.9,-0.725,0.225,-0.175,0.675,-0.68599,-0.72761,8.478298365727544e-25,1.0,5.521082277028533e-42,1.2995814250075033e-24,1.580420060273613e-61,0.0,-0.0,-0.0,0.0,0.0,0.0,0.0,-0.0,0.0
-1.0,0.0,-0.6,-0.8,-0.7,0.2,-0.1772,0.6772,-0.66444,-0.74734,1.2977875236996592e-23,1.0,8.194012623990516e-40,1.9728064815170262e-23,1.545126184210354e-60,0.0,-0.0,-0.0,0.0,0.0,0.0,0.0,-0.0,0.0
-1.0,0.0,-0.6,-0.7,-0.675,0.175,-0.18084,0.68084,-0.64262,-0.76618,2.289267455999927e-22,1.0,1.2160992992528256e-37,3.4586282325263345e-22,1.308027773861569e-59,0.0,-0.0,-0.0,0.0,0.0,0.0,0.0,-0.0,0.0
-1.0,0.0,-0.6,-0.6,-0.65,0.15,-0.18589,0.68589,-0.62072,-0.78403,4.640303148266964e-21,1.0,1.804851387845415e-35,6.981661689745951e-21,9.616885759550328e-59,0.0,-0.0,-0.0,0.0,0.0,0.0,0.0,-0.0,0.0
-1.0,0.0,-0.6,-0.5,-0.625,0.125,-0.1923,0.6923,-0.59891,-0.80082,1.0756449095889441e-19,1.0,2.678636961808078e-33,1.6146476619324633e-19,6.1714597215453915e-58,0.0,-0.0,-0.0,0.0,0.0,0.0,0.0,-0.0,0.0
-1.0,0.0,-0.6,-0.4,-0.6,0.1,-0.2,0.7,-0.57735,-0.8165,2.832217503863929e-18,1.0,3.975449735908647e-31,4.248354255291589e-18,3.4811068399043105e-57,0.0,0.0,-0.0,0.0,0.0,0.0,0.0,-0.0,0.0
-1.0,0.0,-0.6,-0.3,-0.575,0.075,-0.20894,0.70894,-0.55619,-0.83106,8.430226169121053e-17,0.9999999999999999,5.900090541597102e-29,1.265366100608374e-16,1.7345798239411032e-56,0.0,0.0,-0.0,0.0,0.0,0.0,0.0,-0.0,0.0
-1.0,0.0,-0.6,-0.2,-0.55,0.05,-0.21904,0.71904,-0.53554,-0.84451,2.814738436079468e-15,0.9999999999999958,8.756510762696483e-27,4.232430417787467e-15,7.6964963641632185e-56,0.0,0.0,-0.0,0.0,0.0,0.0,0.0,-0.0,0.0
-1.0,0.0,-0.6,-0.1,-0.525,0.025,-0.23023,0.73023,-0.5155,-0.85689,1.0470467921023509e-13,0.9999999999998421,1.299581425007298e-24,1.578707081064592e-13,3.062342404134705e-55,0.0,0.0,-0.0,0.0,0.0,0.0,0.0,-0.0,0.0
-1.0,0.0,-0.6,-0.0,-0.5,0.0,-0.24244,0.74244,-0.49615,-0.86824,4.309951120650384e-12,0.999999999993479,1.9287498479513407e-22,6.5209568148919784e-12,1.1003133706828101e-54,0.0,0.0,-0.0,0.0,0.0,0.0,0.0,-0.0,0.0
-1.0,0.0,-0.6,0.1,-0.475,-0.025,-0.25559,0.75559,-0.47754,-0.87861,1.9479084427377393e-10,0.9999999997041,2.8625185797023745e-20,2.9589986868744513e-10,3.5987804399336444e-54,0.0,0.0,-0.0,0.0,0.0,0.0,0.0,-0.0,0.0
-1.0,0.0,-0.6,0.2,-0.45,-0.05,-0.26962,0.76962,-0.4597,-0.88807,9.609741443483371e-09,0.9999999853379016,4.2483541930018006e-18,1.4662098374768611e-08,1.077894837105148e-53,0.0,0.0,-0.0,0.0,0.0,0.0,0.0,-0.0,0.0
-1.0,0.0,-0.6,0.3,-0.425,-0.075,-0.28444,0.78444,-0.44265,-0.89669,5.129150499717945e-07,0.999999213757671,6.305111802797303e-16,7.862423283517524e-07,2.9832375663594513e-53,0.0,0.0,-0.0,0.0,0.0,0.0,0.0,-0.0,0.0
-1.0,0.0,-0.6,0.4,-0.4,-0.1,-0.3,0.8,-0.4264,-0.90453,2.9473587193520502e-05,0.999954602131204,0.0,4.5397868702430146e-05,-1.6020064192527642e-29,0.0,0.0,9.942023037244161e-14,0.0,0.0,0.0,0.0,-0.0,0.0
-1.0,0.0,-0.6,0.5,-0.375,-0.125,-0.31624,0.81624,-0.41093,-0.91167,0.0018077495913609337,0.9972018647125839,0.0,0.0027981352735670516,2.6073433841860708e-27,0.0,0.0,1.4714651239113688e-11,0.0,0.0,0.0,0.0,-0.0,0.0
-1.0,0.0,-0.6,0.6,-0.35,-0.15,-0.3331,0.8331,-0.39624,-0.91815,0.10015142798488873,0.8442241584072384,0.0,0.15577583985268595,1.8162713650418853e-25,0.0,0.0,1.848830412391924e-09,0.0,0.0,0.0,0.0,-0.0,0.0
-1.0,0.0,-0.6,0.7,-0.325,-0.175,-0.35052,0.85052,-0.38228,-0.92405,0.5935839515670004,0.07229223682927693,0.0,0.9277077410563601,1.1389194397996922e-24,0.0,0.0,2.3496510687864843e-08,0.0,0.0,0.0,0.0,-0.0,0.0
-1.0,0.0,-0.6,0.8,-0.3,-0.2,-0.36847,0.86847,-0.36905,-0.92941,0.6361763672034663,0.0010615107785226683,0.0,0.9989384410289626,2.9087034112573535e-24,0.0,0.0,5.120454696124034e-08,0.0,0.0,0.0,0.0,-0.0,0.0
-1.0,0.0,-0.6,0.9,-0.275,-0.225,-0.38689,0.88689,-0.3565,-0.9343,0.6339455494332407,1.3825250124924195e-05,0.0,0.9999860815960725,2.7699391443723938e-24,0.0,0.0,9.897591525276638e-08,0.0,0.0,0.0,0.0,-0.0,0.0
-1.0,0.0,-0.5,-1.0,-0.75,0.25,-0.10355,0.60355,-0.70711,-0.70711,5.431528478288558e-29,1.0,3.720075976020836e-44,8.414594988934873e-29,1.6446383082686047e-59,0.0,-0.0,-0.0,0.0,0.0,0.0,0.0,-0.0,0.0
-1.0,0.0,-0.5,-0.9,-0.725,0.225,-0.10444,0.60444,-0.68171,-0.73162,7.323671543368606e-28,1.0,5.521082277028533e-42,1.1205252077018693e-27,1.8329659519692846e-58,0.0,-0.0,-0.0,0.0,0.0,0.0,0.0,-0.0,0.0
-1.0,0.0,-0.5,-0.8,-0.7,0.2,-0.10707,0.60707,-0.65573,-0.75499,1.1713263068394267e-26,1.0,8.194012623990516e-40,1.7757314416438825e-26,1.716608085820652e-57,0.0,-0.0,-0.0,0.0,0.0,0.0,0.0,-0.0,0.0
-1.0,0.0,-0.5,-0.7,-0.675,0.175,-0.11142,0.61142,-0.62948,-0.77702,2.218171923372105e-25,1.0,1.2160992992528256e-37,3.3421934896146293e-25,1.3535966130219056e-56,0.0,-0.0,-0.0,0.0,0.0,0.0,0.0,-0.0,0.0
-1.0,0.0,-0.5,-0.6,-0.65,0.15,-0.11742,0.61742,-0.60326,-0.79755,4.940728223017237e-24,1.0,1.804851387845415e-35,7.418984825561691e-24,9.050004072091187e-56,0.0,-0.0,-0.0,0.0,0.0,0.0,0.0,-0.0,0.0
-1.0,0.0,-0.5,-0.5,-0.625,0.125,-0.125,0.625,-0.57735,-0.8165,1.2858247575016317e-22,1.0,2.678636961808078e-33,1.928749847963918e-22,5.166420632837862e-55,0.0,0.0,-0.0,0.0,0.0,0.0,0.0,-0.0,0.0
-1.0,0.0,-0.5,-0.4,-0.6,0.1,-0.13406,0.63406,-0.55201,-0.83384,3.87247671547036e-21,1.0,3.975449735908647e-31,5.814105529350051e-21,2.5436371909275445e-54,0.0,0.0,-0.0,0.0,0.0,0.0,0.0,-0.0,0.0
-1.0,0.0,-0.5,-0.3,-0.575,0.075,-0.14449,0.64449,-0.52744,-0.84959,1.3353913957180288e-19,1.0,5.900090541597104e-29,2.0099639104039385e-19,1.0919989640874862e-53,0.0,0.0,-0.0,0.0,0.0,0.0,0.0,-0.0,0.0
-1.0,0.0,-0.5,-0.2,-0.55,0.05,-0.1562,0.6562,-0.5038,-0.86382,5.227340138649975e-18,1.0,8.75651076269652e-27,7.897384856858775e-18,4.1247686306922515e-53,0.0,0.0,-0.0,0.0,0.0,0.0,0.0,-0.0,0.0
-1.0,0.0,-0.5,-0.1,-0.525,0.025,-0.16908,0.66908,-0.4812,-0.87661,2.298154418668237e-16,0.9999999999999996,1.2995814250075026e-24,3.488115042617848e-16,1.3860040678087793e-52,0.0,0.0,-0.0,0.0,0.0,0.0,0.0,-0.0,0.0
-1.0,0.0,-0.5,-0.0,-0.5,0.0,-0.18301,0.68301,-0.4597,-0.88807,1.1215400821002805e-14,0.9999999999999828,1.9287498479638847e-22,1.7111938792719704e-14,4.193035085081544e-52,0.0,0.0,-0.0,0.0,0.0,0.0,0.0,-0.0,0.0
-1.0,0.0,-0.5,0.1,-0.475,-0.025,-0.19791,0.69791,-0.43934,-0.89832,6.028443478912008e-13,0.999999999999075,2.8625185805467455e-20,9.249839582316386e-13,1.151240138559104e-51,0.0,0.0,-0.0,0.0,0.0,0.0,0.0,-0.0,0.0
-1.0,0.0,-0.5,0.2,-0.45,-0.05,-0.21368,0.71368,-0.42012,-0.90747,3.534249934674593e-11,0.9999999999454553,4.248354255059864e-18,5.454473092059436e-11,2.8974752160790306e-51,0.0,0.0,-0.0,0.0,0.0,0.0,0.0,-0.0,0.0
-1.0,0.0,-0.5,0.3,-0.425,-0.075,-0.23023,0.73023,-0.40202,-0.91563,2.240010908528741e-09,0.9999999965226656,6.30511673822199e-16,3.4773337400175364e-09,6.745257998211472e-51,0.0,0.0,-0.0,0.0,0.0,0.0,0.0,-0.0,0.0
-1.0,0.0,-0.5,0.4,-0.4,-0.1,-0.24749,0.74749,-0.38502,-0.92291,1.5242722078212722e-07,0.9999997620011142,0.0,2.379987922187576e-07,1.349054369150807e-29,0.0,0.0,9.942472038094866e-14,0.0,0.0,0.0,0.0,-0.0,0.0
-1.0,0.0,-0.5,0.5,-0.375,-0.125,-0.26539,0.76539,-0.36905,-0.92941,1.1059346060717265e-05,0.9999826343521746,-1.6155871338926322e-27,1.7365633937733783e-05,8.38205027746033e-28,0.0,0.0,1.4755684110060706e-11,0.0,0.0,0.0,0.0,-0.0,0.0
-1.0,0.0,-0.5,0.6,-0.35,-0.15,-0.28385,0.78385,-0.35407,-0.93522,0.0008476882416168266,0.998661676652482,0.0,0.001338321289122916,-2.0477478505730745e-25,0.0,0.0,2.1870448281992528e-09,0.0,0.0,0.0,0.0,-0.0,0.0
-1.0,0.0,-0.5,0.7,-0.325,-0.175,-0.30283,0.80283,-0.34002,-0.94042,0.06189833524001964,0.9017655142577721,0.0,0.09823420989006464,-1.602781259378844e-23,0.0,0.0,2.9309292356997334e-07,0.0,0.0,0.0,0.0,-0.0,0.0
-1.0,0.0,-0.5,0.8,-0.3,-0.2,-0.32228,0.82228,-0.32685,-0.94508,0.5660151404981235,0.0972636777008676,0.0,0.9027319065349964,-3.736410953410951e-22,0.0,0.0,4.691749394564119e-06,0.0,0.0,0.0,0.0,-0.0,0.0
-1.0,0.0,-0.5,0.9,-0.275,-0.225,-0.34214,0.84214,-0.3145,-0.94926,0.6233249890136755,0.001212317779115655,0.0,0.9987795136879427,6.218913525300795e-22,0.0,0.0,8.679066250588434e-06,0.0,0.0,0.0,0.0,-0.0,0.0
-1.0,0.0,-0.4,-1.0,-0.75,0.25,-0.03284,0.53284,-0.70711,-0.70711,4.6134495885441437e-32,1.0,3.720075976020836e-44,7.147216468552507e-32,1.9362734189258628e-56,0.0,-0.0,-0.0,0.0,0.0,0.0,0.0,-0.0,0.0
-1.0,0.0,-0.4,-0.9,-0.725,0.225,-0.03395,0.53395,-0.67526,-0.73758,6.3754713699349534e-31,1.0,5.521082277028533e-42,9.729260417897724e-31,2.1110387283524045e-55,0.0,-0.0,-0.0,0.0,0.0,0.0,0.0,-0.0,0.0
-1.0,0.0,-0.4,-0.8,-0.7,0.2,-0.03723,0.53723,-0.64262,-0.76618,1.0890737117471726e-29,1.0,8.194012623990516e-40,1.645373971746069e-29,1.852609196034064e-54,0.0,-0.0,-0.0,0.0,0.0,0.0,0.0,-0.0,0.0
-1.0,0.0,-0.4,-0.7,-0.675,0.175,-0.04262,0.54262,-0.60979,-0.79256,2.2870256904559805e-28,1.0,1.2160992992528256e-37,3.436256334169032e-28,1.316543746350114e-53,0.0,-0.0,-0.0,0.0,0.0,0.0,0.0,-0.0,0.0
-1.0,0.0,-0.4,-0.6,-0.65,0.15,-0.05,0.55,-0.57735,-0.8165,5.837635385670722e-27,1.0,1.804851387845415e-35,8.75651076269652e-27,7.667648073722e-53,0.0,0.0,-0.0,0.0,0.0,0.0,0.0,-0.0,0.0
-1.0,0.0,-0.4,-0.5,-0.625,0.125,-0.05923,0.55923,-0.54579,-0.83792,1.787380245942467e-25,1.0,2.678636961808078e-33,2.6848566164790904e-25,3.711458164634267e-52,0.0,0.0,-0.0,0.0,0.0,0.0,0.0,-0.0,0.0
-1.0,0.0,-0.4,-0.4,-0.6,0.1,-0.07016,0.57016,-0.5155,-0.85689,6.471511557714151e-24,1.0,3.975449735908647e-31,9.757558660163229e-24,1.5156429565533112e-51,0.0,0.0,-0.0,0.0,0.0,0.0,0.0,-0.0,0.0
-1.0,0.0,-0.4,-0.3,-0.575,0.075,-0.0826,0.5826,-0.48675,-0.87354,2.720574635886745e-22,1.0,5.900090541597104e-29,4.1241999351881278e-22,5.32194981452618e-51,0.0,0.0,-0.0,0.0,0.0,0.0,0.0,-0.0,0.0
-1.0,0.0,-0.4,-0.2,-0.55,0.05,-0.09641,0.59641,-0.4597,-0.88807,1.3102448434444636e-20,1.0,8.75651076269652e-27,1.99910955692301e-20,1.6294697411288398e-50,0.0,0.0,-0.0,0.0,0.0,0.0,0.0,-0.0,0.0
-1.0,0.0,-0.4,-0.1,-0.525,0.025,-0.11142,0.61142,-0.43443,-0.90071,7.110316311271146e-19,1.0,1.2995814250075031e-24,1.092568857971341e-18,4.424930843288017e-50,0.0,0.0,-0.0,0.0,0.0,0.0,0.0,-0.0,0.0
-1.0,0.0,-0.4,-0.0,-0.5,0.0,-0.12749,0.62749,-0.41093,-0.91167,4.2891158159282816e-17,1.0,1.928749847963918e-22,6.63890195040692e-17,1.0807654679588469e-49,0.0,0.0,-0.0,0.0,0.0,0.0,0.0,-0.0,0.0
-1.0,0.0,-0.4,0.1,-0.475,-0.025,-0.14449,0.64449,-0.38917,-0.92117,2.8395256483774202e-15,0.9999999999999956,2.862518580549381e-20,4.427240132130779e-15,2.4052877830437107e-49,0.0,0.0,-0.0,0.0,0.0,0.0,0.0,-0.0,0.0
-1.0,0.0,-0.4,0.2,-0.45,-0.05,-0.16231,0.66231,-0.36905,-0.92941,2.0409383967430567e-13,0.9999999999996796,4.248354255290228e-18,3.204660667916405e-13,4.931629972855014e-49,0.0,0.0,-0.0,0.0,0.0,0.0,0.0,-0.0,0.0
-1.0,0.0,-0.4,0.3,-0.425,-0.075,-0.18084,0.68084,-0.35047,-0.93657,1.5753978218544536e-11,0.9999999999750955,6.3051167599899635e-16,2.4903817772229737e-11,9.418440818506159e-49,0.0,0.0,-0.0,0.0,0.0,0.0,0.0,-0.0,0.0
-1.0,0.0,-0.4,0.4,-0.4,-0.1,-0.2,0.7,-0.33333,-0.94281,1.295608991910116e-09,0.9999999979387529,9.357622949551801e-14,2.0611536181900106e-09,1.6889118767432674e-48,0.0,0.0,-0.0,0.0,0.0,0.0,0.0,-0.0,0.0
-1.0,0.0,-0.4,0.5,-0.375,-0.125,-0.21971,0.71971,-0.31751,-0.94825,1.1261350176611183e-07,0.9999998197503728,0.0,1.8023573927999834e-07,-7.478999515600607e-28,0.0,0.0,1.4755937696771524e-11,0.0,0.0,0.0,0.0,-0.0,0.0
-1.0,0.0,-0.4,0.6,-0.35,-0.15,-0.2399,0.7399,-0.30291,-0.95302,1.02742562142709e-05,0.9999834626962427,0.0,1.653524263785866e-05,1.655296382722997e-26,0.0,0.0,2.189939507547202e-09,0.0,0.0,0.0,0.0,-0.0,0.0
-1.0,0.0,-0.4,0.7,-0.325,-0.175,-0.26051,0.76051,-0.2894,-0.95721,0.0009764833696967095,0.9984200906795841,0.0,0.0015796039013933544,-1.9175605707191657e-23,0.0,0.0,3.245077114854361e-07,0.0,0.0,0.0,0.0,-0.0,0.0
-1.0,0.0,-0.4,0.8,-0.3,-0.2,-0.28151,0.78151,-0.2769,-0.9609,0.08366860155901588,0.8639757584860154,0.0,0.13598501707523286,1.1582845611507933e-21,0.0,0.0,4.167596617373933e-05,0.0,0.0,0.0,0.0,-0.0,0.0
-1.0,0.0,-0.4,0.9,-0.275,-0.225,-0.30283,0.80283,-0.26532,-0.96416,0.576712885589152,0.05822691396183422,0.0,0.9413807561779706,1.30360238484878e-21,0.0,0.0,0.0004168504764573455,0.0,0.0,0.0,0.0,-0.0,0.0
-1.0,0.0,-0.3,-1.0,-0.75,0.25,0.03787,0.46213,-0.70711,-0.70711,3.918587044381281e-35,1.0,3.720075976020836e-44,6.070726317252528e-35,2.279622658665753e-53,0.0,-0.0,-0.0,0.0,0.0,0.0,0.0,-0.0,0.0
-1.0,0.0,-0.3,-0.9,-0.725,0.225,0.0364,0.4636,-0.66444,-0.74734,5.635562372746725e-34,1.0,5.521082277028533e-42,8.566790529264555e-34,2.3974959432294526e-52,0.0,-0.0,-0.0,0.0,0.0,0.0,0.0,-0.0,0.0
-1.0,0.0,-0.3,-0.8,-0.7,0.2,0.03206,0.46794,-0.62072,-0.78403,1.070596315297161e-32,1.0,8.194012623990516e-40,1.6107871552328875e-32,1.892388414614053e-51,0.0,-0.0,-0.0,0.0,0.0,0.0,0.0,-0.0,0.0
-1.0,0.0,-0.3,-0.7,-0.675,0.175,0.025,0.475,-0.57735,-0.8165,2.6502835727897563e-31,1.0,1.2160992992528256e-37,3.975449735908647e-31,1.1379798735078682e-50,0.0,0.0,-0.0,0.0,0.0,0.0,0.0,-0.0,0.0
-1.0,0.0,-0.3,-0.6,-0.65,0.15,0.01548,0.48452,-0.53554,-0.84451,8.344877663069207e-30,1.0,1.804851387845415e-35,1.2547893336090744e-29,5.350845841907186e-50,0.0,0.0,-0.0,0.0,0.0,0.0,0.0,-0.0,0.0
-1.0,0.0,-0.3,-0.5,-0.625,0.125,0.00378,0.49622,-0.49615,-0.86824,3.255338550033749e-28,1.0,2.678636961808078e-33,4.925287279733762e-28,2.023178028844304e-49,0.0,0.0,-0.0,0.0,0.0,0.0,0.0,-0.0,0.0
-1.0,0.0,-0.3,-0.4,-0.6,0.1,-0.00981,0.50981,-0.4597,-0.88807,1.530737865123397e-26,1.0,3.975449735908647e-31,2.3354682768507462e-26,6.332338230846944e-49,0.0,0.0,-0.0,0.0,0.0,0.0,0.0,-0.0,0.0
-1.0,0.0,-0.3,-0.3,-0.575,0.075,-0.025,0.525,-0.4264,-0.90453,8.43784214000897e-25,1.0,5.900090541597104e-29,1.2995814250075123e-24,1.6889118802245443e-48,0.0,0.0,-0.0,0.0,0.0,0.0,0.0,-0.0,0.0
-1.0,0.0,-0.3,-0.2,-0.55,0.05,-0.04155,0.54155,-0.39624,-0.91815,5.327525047660052e-23,1.0,8.75651076269652e-27,8.285086893407447e-23,3.931749387926836e-48,0.0,0.0,-0.0,0.0,0.0,0.0,0.0,-0.0,0.0
-1.0,0.0,-0.3,-0.1,-0.525,0.025,-0.05923,0.55923,-0.36905,-0.92941,3.767511230181403e-21,1.0,1.2995814250075031e-24,5.9137902426837175e-21,8.17503063121728e-48,0.0,0.0,-0.0,0.0,0.0,0.0,0.0,-0.0,0.0
-1.0,0.0,-0.3,-0.0,-0.5,0.0,-0.07787,0.57787,-0.34461,-0.93875,2.934726125971562e-19,1.0,1.928749847963918e-22,4.646511703951677e-19,1.5441897987822288e-47,0.0,0.0,-0.0,0.0,0.0,0.0,0.0,-0.0,0.0
-1.0,0.0,-0.3,0.1,-0.475,-0.025,-0.09731,0.59731,-0.32265,-0.94652,2.4786649896502217e-17,1.0,2.8625185805493937e-20,3.954865451919772e-17,2.692578731659735e-47,0.0,0.0,-0.0,0.0,0.0,0.0,0.0,-0.0,0.0
-1.0,0.0,-0.3,0.2,-0.45,-0.05,-0.11742,0.61742,-0.30291,-0.95302,2.240774298594813e-15,0.9999999999999963,4.2483542552915735e-18,3.599433222635894e-15,4.390746994095504e-47,0.0,0.0,-0.0,0.0,0.0,0.0,0.0,-0.0,0.0
-1.0,0.0,-0.3,0.3,-0.425,-0.075,-0.1381,0.6381,-0.28513,-0.95849,2.1467715576081188e-13,0.9999999999996525,6.305116760144799e-16,3.4680976255877776e-13,6.76322177679111e-47,0.0,0.0,-0.0,0.0,0.0,0.0,0.0,-0.0,0.0
-1.0,0.0,-0.3,0.4,-0.4,-0.1,-0.15927,0.65927,-0.26909,-0.96312,2.1529076465148272e-11,0.9999999999648127,0.0,3.509368205697405e-11,1.5628458224230136e-29,0.0,0.0,9.942474404042859e-14,0.0,0.0,0.0,0.0,-0.0,0.0
-1.0,0.0,-0.3,0.5,-0.375,-0.125,-0.18084,0.68084,-0.25457,-0.96705,2.2553452301764435e-09,0.9999999962900579,0.0,3.6960542556714075e-09,1.1472838902837276e-27,0.0,0.0,1.4755940301780605e-11,0.0,0.0,0.0,0.0,-0.0,0.0
-1.0,0.0,-0.3,0.6,-0.35,-0.15,-0.20277,0.70277,-0.2414,-0.97043,2.450549511739547e-07,0.9999995944029569,0.0,4.0353589035453654e-07,6.95372118669428e-26,0.0,0.0,2.1899748355932897e-09,0.0,0.0,0.0,0.0,-0.0,0.0
-1.0,0.0,-0.3,0.7,-0.325,-0.175,-0.225,0.725,-0.22942,-0.97333,2.745147146498375e-05,0.9999542962568447,0.0,4.539785481575572e-05,-1.4848193647339223e-23,0.0,0.0,3.2500636084703475e-07,0.0,0.0,0.0,0.0,-0.0,0.0
-1.0,0.0,-0.3,0.8,-0.3,-0.2,-0.24749,0.74749,-0.21848,-0.97584,0.00314131377450807,0.9947401389938761,0.0,0.005214699873681654,4.03838621183623e-21,0.0,0.0,4.79837032198868e-05,0.0,0.0,0.0,0.0,-0.0,0.0
-1.0,0.0,-0.3,0.9,-0.275,-0.225,-0.27022,0.77022,-0.20847,-0.97803,0.2288152118425833,0.6147187732007959,0.0,0.38113928428603433,-3.495945420328693e-19,0.0,0.0,0.004400813920242909,0.0,0.0,0.0,0.0,-0.0,0.0
-1.0,0.0,-0.2,-1.0,-0.75,0.25,0.10858,0.39142,-0.70711,-0.70711,3.3283861160574567e-38,1.0,3.720075976020836e-44,5.15637355901245e-38,2.683856223562261e-50,0.0,-0.0,-0.0,0.0,0.0,0.0,0.0,-0.0,0.0
-1.0,0.0,-0.2,-0.9,-0.725,0.225,0.10639,0.39361,-0.64262,-0.76618,5.1759295178150565e-37,1.0,5.521082277028533e-42,7.819717595359105e-37,2.6265456891432637e-49,0.0,-0.0,-0.0,0.0,0.0,0.0,0.0,-0.0,0.0
-1.0,0.0,-0.2,-0.8,-0.7,0.2,0.1,0.4,-0.57735,-0.8165,1.2033082685713332e-35,1.0,8.194012623990516e-40,1.8048513878454153e-35,1.6889118802245324e-48,0.0,0.0,-0.0,0.0,0.0,0.0,0.0,-0.0,0.0
-1.0,0.0,-0.2,-0.7,-0.675,0.175,0.08992,0.41008,-0.5155,-0.85689,3.997083092908394e-34,1.0,1.2160992992528256e-37,6.024853488366945e-34,7.508866060131266e-48,0.0,0.0,-0.0,0.0,0.0,0.0,0.0,-0.0,0.0
-1.0,0.0,-0.2,-0.6,-0.65,0.15,0.07679,0.42321,-0.4597,-0.88807,1.7900494558030735e-32,1.0,1.804851387845415e-35,2.7284207877888996e-32,2.460831671661891e-47,0.0,0.0,-0.0,0.0,0.0,0.0,0.0,-0.0,0.0
-1.0,0.0,-0.2,-0.5,-0.625,0.125,0.06125,0.43875,-0.41093,-0.91167,1.018484570129524e-30,1.0,2.678636961808078e-33,1.5723208713633045e-30,6.337595074638723e-47,0.0,0.0,-0.0,0.0,0.0,0.0,0.0,-0.0,0.0
-1.0,0.0,-0.2,-0.4,-0.6,0.1,0.04384,0.45616,-0.36905,-0.92941,6.996768589116889e-29,1.0,3.975449735908647e-31,1.0924060008054947e-28,1.353798408790081e-46,0.0,0.0,-0.0,0.0,0.0,0.0,0.0,-0.0,0.0
-1.0,0.0,-0.2,-0.3,-0.575,0.075,0.025,0.475,-0.33333,-0.94281,5.562809345763337e-27,1.0,5.900090541597104e-29,8.756510762696583e-27,2.506567475899971e-46,0.0,0.0,-0.0,0.0,0.0,0.0,0.0,-0.0,0.0
-1.0,0.0,-0.2,-0.2,-0.55,0.05,0.00505,0.49495,-0.30291,-0.95302,4.960881425895333e-25,1.0,8.75651076269652e-27,7.843046357134464e-25,4.153346013624335e-46,0.0,0.0,-0.0,0.0,0.0,0.0,0.0,-0.0,0.0
-1.0,0.0,-0.2,-0.1,-0.525,0.025,-0.01575,0.51575,-0.2769,-0.9609,4.8356659741719905e-23,1.0,1.2995814250075031e-24,7.64809914253809e-23,6.32123295991811e-46,0.0,0.0,-0.0,0.0,0.0,0.0,0.0,-0.0,0.0
-1.0,0.0,-0.2,-0.0,-0.5,0.0,-0.03723,0.53723,-0.25457,-0.96705,5.063996378802783e-21,1.0,1.928749847963918e-22,7.982781845243644e-21,8.98821502611841e-46,0.0,0.0,-0.0,0.0,0.0,0.0,0.0,-0.0,0.0
-1.0,0.0,-0.2,0.1,-0.475,-0.025,-0.05923,0.55923,-0.23527,-0.97193,5.604547509454412e-19,1.0,2.8625185805493937e-20,8.776842921866838e-19,1.2132821217392875e-45,0.0,0.0,-0.0,0.0,0.0,0.0,0.0,-0.0,0.0
-1.0,0.0,-0.2,0.2,-0.45,-0.05,-0.08166,0.58166,-0.21848,-0.97584,6.493303256899957e-17,0.9999999999999999,4.248354255291588e-18,1.0073886502677094e-16,1.568828534899242e-45,0.0,0.0,-0.0,0.0,0.0,0.0,0.0,-0.0,0.0
-1.0,0.0,-0.2,0.3,-0.425,-0.075,-0.10444,0.60444,-0.20378,-0.97902,7.808048569471843e-15,0.9999999999999873,6.305116760146909e-16,1.1974464150063293e-14,1.95879440545193e-45,0.0,0.0,-0.0,0.0,0.0,0.0,0.0,-0.0,0.0
-1.0,0.0,-0.2,0.4,-0.4,-0.1,-0.12749,0.62749,-0.19082,-0.98162,8.728630621816157e-13,0.9999999999984442,0.0,1.462315467254861e-12,2.6760084164072335e-30,0.0,0.0,9.94247440437722e-14,0.0,0.0,0.0,0.0,-0.0,0.0
-1.0,0.0,-0.2,0.5,-0.375,-0.125,-0.15078,0.65078,-0.17934,-0.98379,1.087895496717781e-10,0.9999999998031972,0.0,1.829149179936078e-10,-6.112595571962285e-28,0.0,0.0,1.4755940353620237e-11,0.0,0.0,0.0,0.0,-0.0,0.0
-1.0,0.0,-0.2,0.6,-0.35,-0.15,-0.17426,0.67426,-0.1691,-0.9856,1.3826695216019836e-08,0.9999999746199087,0.0,2.3318937800151234e-08,-2.7439584133733148e-27,0.0,0.0,2.189975668259184e-09,0.0,0.0,0.0,0.0,-0.0,0.0
-1.0,0.0,-0.2,0.7,-0.325,-0.175,-0.19791,0.69791,-0.15993,-0.98713,1.7881926663080032e-06,0.9999966703201376,0.0,3.023778560471937e-06,-6.106118440492376e-24,0.0,0.0,3.250201333165924e-07,0.0,0.0,0.0,0.0,-0.0,0.0
-1.0,0.0,-0.2,0.8,-0.3,-0.2,-0.2217,0.7217,-0.15166,-0.98843,0.00023451037859106437,0.9995571707745472,0.0,0.00039744940010606945,4.257788469727179e-21,0.0,0.0,4.8216064430924694e-05,0.0,0.0,0.0,0.0,-0.0,0.0
-1.0,0.0,-0.2,0.9,-0.275,-0.225,-0.24561,0.74561,-0.14418,-0.98955,0.029407639053756818,0.9437019788159898,0.0,0.04993940726781594,-3.557250239008554e-19,0.0,0.0,0.006756027285956327,0.0,0.0,0.0,0.0,-0.0,0.0
-1.0,0.0,-0.1,-1.0,-0.75,0.25,0.17929,0.32071,-0.70711,-0.70711,2.830794542168587e-41,1.0,3.720075976020836e-44,4.379737594910374e-41,3.159770412604051e-47,0.0,-0.0,-0.0,0.0,0.0,0.0,0.0,-0.0,0.0
-1.0,0.0,-0.1,-0.9,-0.725,0.225,0.175,0.325,-0.57735,-0.8165,5.517851349896973e-40,1.0,5.521082277028533e-42,8.194012623990516e-40,2.5065674758999535e-46,0.0,0.0,-0.0,0.0,0.0,0.0,0.0,-0.0,0.0
-1.0,0.0,-0.1,-0.8,-0.7,0.2,0.1634,0.3366,-0.4597,-0.88807,2.1689764882807974e-38,1.0,8.194012623990516e-40,3.1843033407292213e-38,9.572690239598171e-46,0.0,0.0,-0.0,0.0,0.0,0.0,0.0,-0.0,0.0
-1.0,0.0,-0.1,-0.7,-0.675,0.175,0.14692,0.35308,-0.36905,-0.92941,1.4054376529343043e-36,1.0,1.2160992992528256e-37,2.0158951658401114e-36,2.2441552836012075e-45,0.0,0.0,-0.0,0.0,0.0,0.0,0.0,-0.0,0.0
-1.0,0.0,-0.1,-0.6,-0.65,0.15,0.12753,0.37247,-0.30291,-0.95302,1.2413033536125769e-34,1.0,1.804851387845415e-35,1.7072658312976409e-34,3.932711687381657e-45,0.0,0.0,-0.0,0.0,0.0,0.0,0.0,-0.0,0.0
-1.0,0.0,-0.1,-0.5,-0.625,0.125,0.10639,0.39361,-0.25457,-0.96705,1.3188827271642917e-32,1.0,2.678636961808078e-33,1.7224074213922556e-32,5.785351878041114e-45,0.0,0.0,-0.0,0.0,0.0,0.0,0.0,-0.0,0.0
-1.0,0.0,-0.1,-0.4,-0.6,0.1,0.08417,0.41583,-0.21848,-0.97584,1.5637003856580409e-30,1.0,3.975449735908647e-31,1.935862163579052e-30,7.639477300951054e-45,0.0,0.0,-0.0,0.0,0.0,0.0,0.0,-0.0,0.0
-1.0,0.0,-0.1,-0.3,-0.575,0.075,0.06125,0.43875,-0.19082,-0.98162,1.982904859934877e-28,1.0,5.900090541597104e-29,2.3335310764194564e-28,9.405825061400693e-45,0.0,0.0,-0.0,0.0,0.0,0.0,0.0,-0.0,0.0
-1.0,0.0,-0.1,-0.2,-0.55,0.05,0.03787,0.46213,-0.1691,-0.9856,2.622035777034581e-26,1.0,8.75651076269652e-27,2.945305119989179e-26,1.1059935726521556e-44,0.0,0.0,-0.0,0.0,0.0,0.0,0.0,-0.0,0.0
-1.0,0.0,-0.1,-0.1,-0.525,0.025,0.01415,0.48585,-0.15166,-0.98843,3.56888830688278e-24,1.0,1.2995814250075031e-24,3.846033016861415e-24,1.257020315961457e-44,0.0,0.0,-0.0,0.0,0.0,0.0,0.0,-0.0,0.0
-1.0,0.0,-0.1,-0.0,-0.5,0.0,-0.00981,0.50981,-0.13739,-0.99052,4.952711601688554e-22,1.0,1.928749847963918e-22,5.144211211490915e-22,1.394790314428971e-44,0.0,0.0,-0.0,0.0,0.0,0.0,0.0,-0.0,0.0
-1.0,0.0,-0.1,0.1,-0.475,-0.025,-0.03395,0.53395,-0.12551,-0.99209,6.968946067190604e-20,1.0,2.8625185805493937e-20,7.005544170179384e-20,1.5200513113233796e-44,0.0,0.0,-0.0,0.0,0.0,0.0,0.0,-0.0,0.0
-1.0,0.0,-0.1,0.2,-0.45,-0.05,-0.05822,0.55822,-0.11548,-0.99331,9.901011688211736e-18,1.0,4.248354255291589e-18,9.665198726355408e-18,1.6351656132677986e-44,0.0,0.0,-0.0,0.0,0.0,0.0,0.0,-0.0,0.0
-1.0,0.0,-0.1,0.3,-0.425,-0.075,-0.0826,0.5826,-0.10691,-0.99427,1.4175917271992e-15,0.9999999999999979,6.305116760146976e-16,1.3482081235678219e-15,1.739754639911065e-44,0.0,0.0,-0.0,0.0,0.0,0.0,0.0,-0.0,0.0
-1.0,0.0,-0.1,0.4,-0.4,-0.1,-0.10707,0.60707,-0.09951,-0.99504,1.1062190335293231e-13,0.9999999999997167,0.0,1.8976308914735738e-13,1.835425725362666e-30,0.0,0.0,9.942474404389895e-14,0.0,0.0,0.0,0.0,-0.0,0.0
-1.0,0.0,-0.1,0.5,-0.375,-0.125,-0.13161,0.63161,-0.09305,-0.99566,1.5661323755441088e-11,0.999999999959215,0.0,2.6897171056395004e-11,-1.4373647832419345e-27,0.0,0.0,1.4755940355922235e-11,0.0,0.0,0.0,0.0,-0.0,0.0
-1.0,0.0,-0.1,0.6,-0.35,-0.15,-0.1562,0.6562,-0.08737,-0.99618,2.228733537383041e-09,0.9999999941073102,0.0,3.831536244726171e-09,-1.4764386465545745e-25,0.0,0.0,2.1899757109361e-09,0.0,0.0,0.0,0.0,-0.0,0.0
-1.0,0.0,-0.1,0.7,-0.325,-0.175,-0.18084,0.68084,-0.08234,-0.9966,3.18824874868843e-07,0.9999991455553193,0.0,5.485426216340542e-07,-2.2027604383446922e-23,0.0,0.0,3.2502093782054034e-07,0.0,0.0,0.0,0.0,-0.0,0.0
-1.0,0.0,-0.1,0.8,-0.3,-0.2,-0.20552,0.70552,-0.07785,-0.99696,4.579019063848785e-05,0.999875768403758,0.0,7.883730658511563e-05,-6.927747894250762e-21,0.0,0.0,4.823143276028606e-05,0.0,0.0,0.0,0.0,-0.0,0.0
-1.0,0.0,-0.1,0.9,-0.275,-0.225,-0.23023,0.73023,-0.07382,-0.99727,0.006481083765774584,0.9822165649636176,0.0,0.011165311880033661,5.13665289819703e-19,0.0,0.0,0.0070317558536205395,0.0,0.0,0.0,0.0,-0.0,0.0
-1.0,0.0,-0.0,-1.0,-0.75,0.25,0.25,0.25,-0.70711,-0.70711,8.522612195939822e-44,1.0,3.720075976020836e-44,3.720075976020836e-44,3.720075976020836e-44,0.0,-0.0,-0.0,0.0,0.0,0.0,0.0,-0.0,0.0
-1.0,0.0,-0.0,-0.9,-0.725,0.225,0.225,0.275,-0.0,-1.0,8.70868061588903e-42,1.0,5.521082277028533e-42,5.521082277028533e-42,3.720075976020836e-44,0.0,0.0,0.0,0.0,0.0,-0.0,0.0,0.0,0.0
-1.0,0.0,-0.0,-0.8,-0.7,0.2,0.2,0.3,-0.0,-1.0,1.2924828018194634e-39,1.0,8.194012623990516e-40,8.194012623990516e-40,3.720075976020836e-44,0.0,0.0,0.0,0.0,0.0,-0.0,0.0,0.0,0.0
-1.0,0.0,-0.0,-0.7,-0.675,0.175,0.175,0.325,-0.0,-1.0,1.91821455703776e-37,1.0,1.2160992992528256e-37,1.2160992992528256e-37,3.7200759760208366e-44,0.0,0.0,0.0,0.0,0.0,-0.0,0.0,0.0,0.0
-1.0,0.0,-0.0,-0.6,-0.65,0.15,0.15,0.35,-0.0,-1.0,2.846882822465235e-35,1.0,1.804851387845415e-35,1.804851387845415e-35,3.7200759760208356e-44,0.0,0.0,0.0,0.0,0.0,-0.0,0.0,0.0,0.0
-1.0,0.0,-0.0,-0.5,-0.625,0.125,0.125,0.375,-0.0,-1.0,4.225148732769254e-33,1.0,2.678636961808078e-33,2.678636961808078e-33,3.7200759760208366e-44,0.0,0.0,0.0,0.0,0.0,-0.0,0.0,0.0,0.0
-1.0,0.0,-0.0,-0.4,-0.6,0.1,0.1,0.4,-0.0,-1.0,6.270676711085331e-31,1.0,3.975449735908647e-31,3.975449735908647e-31,3.720075976020836e-44,0.0,0.0,0.0,0.0,0.0,-0.0,0.0,0.0,0.0
-1.0,0.0,-0.0,-0.3,-0.575,0.075,0.075,0.425,-0.0,-1.0,9.306509404031357e-29,1.0,5.900090541597104e-29,5.900090541597104e-29,3.720075976020862e-44,0.0,0.0,0.0,0.0,0.0,-0.0,0.0,0.0,0.0
-1.0,0.0,-0.0,-0.2,-0.55,0.05,0.05,0.45,-0.0,-1.0,1.381208460870121e-26,1.0,8.75651076269652e-27,8.75651076269652e-27,3.7200759760208356e-44,0.0,0.0,0.0,0.0,0.0,-0.0,0.0,0.0,0.0
-1.0,0.0,-0.0,-0.1,-0.525,0.025,0.025,0.475,-0.0,-1.0,2.0498951105694227e-24,1.0,1.2995814250075031e-24,1.2995814250075031e-24,3.7200759760208356e-44,0.0,0.0,0.0,0.0,0.0,-0.0,0.0,0.0,0.0
-1.0,0.0,-0.0,-0.0,-0.5,0.0,0.0,0.5,-0.0,-1.0,3.0423140918853362e-22,1.0,1.928749847963918e-22,1.928749847963918e-22,3.720075976020836e-44,0.0,0.0,0.0,0.0,0.0,-0.0,0.0,0.0,0.0
-1.0,0.0,-0.0,0.1,-0.475,-0.025,-0.025,0.525,-0.0,-1.0,4.5151944535898916e-20,1.0,2.8625185805493937e-20,2.8625185805493937e-20,3.720075976020836e-44,0.0,0.0,0.0,0.0,0.0,-0.0,0.0,0.0,0.0
-1.0,0.0,-0.0,0.2,-0.45,-0.05,-0.05,0.55,-0.0,-1.0,6.70114272819708e-18,1.0,4.248354255291589e-18,4.248354255291589e-18,3.720075976020836e-44,0.0,0.0,0.0,0.0,0.0,-0.0,0.0,0.0,0.0
-1.0,0.0,-0.0,0.3,-0.425,-0.075,-0.075,0.575,-0.0,-1.0,9.94537761888986e-16,0.9999999999999986,6.30511676014698e-16,6.30511676014698e-16,3.7200759760208575e-44,0.0,0.0,0.0,0.0,0.0,-0.0,0.0,0.0,0.0
-1.0,0.0,-0.0,0.4,-0.4,-0.1,-0.1,0.6,-0.0,-1.0,0.0,0.9999999999997662,0.0,3.7865323450608567e-29,-9.357622968838425e-14,-4.6788114844192115e-14,0.0,0.0,0.0,0.0,3.74304918753537e-13,0.0,0.0,0.0
-1.0,0.0,-0.0,0.5,-0.375,-0.125,-0.125,0.625,-0.0,-1.0,0.0,0.9999999999652802,0.0,6.462348535570529e-27,-1.3887943864578275e-11,-6.943971932289136e-12,0.0,0.0,0.0,0.0,5.55517754583131e-11,0.0,0.0,0.0
-1.0,0.0,-0.0,0.6,-0.35,-0.15,-0.15,0.65,-0.0,-1.0,0.0,0.9999999948471161,0.0,8.271806125530277e-25,-2.06115361394185e-09,-1.0305768069709248e-09,0.0,0.0,0.0,0.0,8.2446144557674e-09,0.0,0.0,0.0
-1.0,0.0,-0.0,0.7,-0.325,-0.175,-0.175,0.675,-0.0,-1.0,-1.0587911840678754e-22,0.9999993881957334,-1.0587911840678754e-22,0.0,3.720073700062482e-44,0.0,0.0,6.500420333676474e-07,0.0,0.0,-0.0,0.0,0.0,0.0
-1.0,0.0,-0.0,0.8,-0.3,-0.2,-0.2,0.7,-0.0,-1.0,-1.3552527156068805e-20,0.9999092083843409,-1.3552527156068805e-20,0.0,3.7197382243125983e-44,0.0,0.0,9.64660916377107e-05,0.0,0.0,-0.0,0.0,0.0,0.0
-1.0,0.0,-0.0,0.9,-0.275,-0.225,-0.225,0.725,-0.0,-1.0,0.0,0.986703291042268,-1.734723475976807e-18,0.0,3.6706112084670357e-44,0.0,0.0,0.014127753267590264,0.0,0.0,-0.0,0.0,0.0,0.0
-1.0,0.0,0.1,-1.0,-0.75,0.25,0.17929,0.32071,-0.70711,0.70711,2.830794542168587e-41,1.0,3.720075976020836e-44,4.379737594910374e-41,3.159770412604051e-47,0.0,-0.0,-0.0,0.0,0.0,0.0,0.0,0.0,-0.0
-1.0,0.0,0.1,-0.9,-0.725,0.225,0.175,0.325,0.57735,-0.8165,5.517851349896973e-40,1.0,5.521082277028533e-42,8.194012623990516e-40,2.5065674758999535e-46,0.0,0.0,-0.0,0.0,0.0,0.0,0.0,0.0,-0.0
-1.0,0.0,0.1,-0.8,-0.7,0.2,0.1634,0.3366,0.4597,-0.88807,2.1689764882807974e-38,1.0,8.194012623990516e-40,3.1843033407292213e-38,9.572690239598171e-46,0.0,0.0,-0.0,0.0,0.0,0.0,0.0,0.0,-0.0
-1.0,0.0,0.1,-0.7,-0.675,0.175,0.14692,0.35308,0.36905,-0.92941,1.4054376529343043e-36,1.0,1.2160992992528256e-37,2.0158951658401114e-36,2.2441552836012075e-45,0.0,0.0,-0.0,0.0,0.0,0.0,0.0,0.0,-0.0
-1.0,0.0,0.1,-0.6,-0.65,0.15,0.12753,0.37247,0.30291,-0.95302,1.2413033536125769e-34,1.0,1.804851387845415e-35,1.7072658312976409e-34,3.932711687381657e-45,0.0,0.0,-0.0,0.0,0.0,0.0,0.0,0.0,-0.0
-1.0,0.0,0.1,-0.5,-0.625,0.125,0.10639,0.39361,0.25457,-0.96705,1.3188827271642917e-32,1.0,2.678636961808078e-33,1.7224074213922556e-32,5.785351878041114e-45,0.0,0.0,-0.0,0.0,0.0,0.0,0.0,0.0,-0.0
-1.0,0.0,0.1,-0.4,-0.6,0.1,0.08417,0.41583,0.21848,-0.97584,1.5637003856580409e-30,1.0,3.975449735908647e-31,1.935862163579052e-30,7.639477300951054e-45,0.0,0.0,-0.0,0.0,0.0,0.0,0.0,0.0,-0.0
-1.0,0.0,0.1,-0.3,-0.575,0.075,0.06125,0.43875,0.19082,-0.98162,1.982904859934877e-28,1.0,5.900090541597104e-29,2.3335310764194564e-28,9.405825061400693e-45,0.0,0.0,-0.0,0.0,0.0,0.0,0.0,0.0,-0.0
-1.0,0.0,0.1,-0.2,-0.55,0.05,0.03787,0.46213,0.1691,-0.9856,2.622035777034581e-26,1.0,8.75651076269652e-27,2.945305119989179e-26,1.1059935726521556e-44,0.0,0.0,-0.0,0.0,0.0,0.0,0.0,0.0,-0.0
-1.0,0.0,0.1,-0.1,-0.525,0.025,0.01415,0.48585,0.15166,-0.98843,3.56888830688278e-24,1.0,1.2995814250075031e-24,3.846033016861415e-24,1.257020315961457e-44,0.0,0.0,-0.0,0.0,0.0,0.0,0.0,0.0,-0.0
-1.0,0.0,0.1,-0.0,-0.5,0.0,-0.00981,0.50981,0.13739,-0.99052,4.952711601688554e-22,1.0,1.928749847963918e-22,5.144211211490915e-22,1.394790314428971e-44,0.0,0.0,-0.0,0.0,0.0,0.0,0.0,0.0,-0.0
-1.0,0.0,0.1,0.1,-0.475,-0.025,-0.03395,0.53395,0.12551,-0.99209,6.968946067190604e-20,1.0,2.8625185805493937e-20,7.005544170179384e-20,1.5200513113233796e-44,0.0,0.0,-0.0,0.0,0.0,0.0,0.0,0.0,-0.0
-1.0,0.0,0.1,0.2,-0.45,-0.05,-0.05822,0.55822,0.11548,-0.99331,9.901011688211736e-18,1.0,4.248354255291589e-18,9.665198726355408e-18,1.6351656132677986e-44,0.0,0.0,-0.0,0.0,0.0,0.0,0.0,0.0,-0.0
-1.0,0.0,0.1,0.3,-0.425,-0.075,-0.0826,0.5826,0.10691,-0.99427,1.4175917271992e-15,0.9999999999999979,6.305116760146976e-16,1.3482081235678219e-15,1.739754639911065e-44,0.0,0.0,-0.0,0.0,0.0,0.0,0.0,0.0,-0.0
-1.0,0.0,0.1,0.4,-0.4,-0.1,-0.10707,0.60707,0.09951,-0.99504,1.1062190335293231e-13,0.9999999999997167,0.0,1.8976308914735738e-13,1.835425725362666e-30,0.0,0.0,9.942474404389895e-14,0.0,0.0,0.0,0.0,0.0,-0.0
-1.0,0.0,0.1,0.5,-0.375,-0.125,-0.13161,0.63161,0.09305,-0.99566,1.5661323755441088e-11,0.999999999959215,0.0,2.6897171056395004e-11,-1.4373647832419345e-27,0.0,0.0,1.4755940355922235e-11,0.0,0.0,0.0,0.0,0.0,-0.0
-1.0,0.0,0.1,0.6,-0.35,-0.15,-0.1562,0.6562,0.08737,-0.99618,2.228733537383041e-09,0.9999999941073102,0.0,3.831536244726171e-09,-1.4764386465545745e-25,0.0,0.0,2.1899757109361e-09,0.0,0.0,0.0,0.0,0.0,-0.0
-1.0,0.0,0.1,0.7,-0.325,-0.175,-0.18084,0.68084,0.08234,-0.9966,3.18824874868843e-07,0.9999991455553193,0.0,5.485426216340542e-07,-2.2027604383446922e-23,0.0,0.0,3.2502093782054034e-07,0.0,0.0,0.0,0.0,0.0,-0.0
-1.0,0.0,0.1,0.8,-0.3,-0.2,-0.20552,0.70552,0.07785,-0.99696,4.579019063848785e-05,0.999875768403758,0.0,7.883730658511563e-05,-6.927747894250762e-21,0.0,0.0,4.823143276028606e-05,0.0,0.0,0.0,0.0,0.0,-0.0
-1.0,0.0,0.1,0.9,-0.275,-0.225,-0.23023,0.73023,0.07382,-0.99727,0.006481083765774584,0.9822165649636176,0.0,0.011165311880033661,5.13665289819703e-19,0.0,0.0,0.0070317558536205395,0.0,0.0,0.0,0.0,0.0,-0.0
-1.0,0.0,0.2,-1.0,-0.75,0.25,0.10858,0.39142,-0.70711,0.70711,3.3283861160574567e-38,1.0,3.720075976020836e-44,5.15637355901245e-38,2.683856223562261e-50,0.0,-0.0,-0.0,0.0,0.0,0.0,0.0,0.0,-0.0
-1.0,0.0,0.2,-0.9,-0.725,0.225,0.10639,0.39361,0.64262,-0.76618,5.1759295178150565e-37,1.0,5.521082277028533e-42,7.819717595359105e-37,2.6265456891432637e-49,0.0,-0.0,-0.0,0.0,0.0,0.0,0.0,0.0,-0.0
-1.0,0.0,0.2,-0.8,-0.7,0.2,0.1,0.4,0.57735,-0.8165,1.2033082685713332e-35,1.0,8.194012623990516e-40,1.8048513878454153e-35,1.6889118802245324e-48,0.0,0.0,-0.0,0.0,0.0,0.0,0.0,0.0,-0.0
-1.0,0.0,0.2,-0.7,-0.675,0.175,0.08992,0.41008,0.5155,-0.85689,3.997083092908394e-34,1.0,1.2160992992528256e-37,6.024853488366945e-34,7.508866060131266e-48,0.0,0.0,-0.0,0.0,0.0,0.0,0.0,0.0,-0.0
-1.0,0.0,0.2,-0.6,-0.65,0.15,0.07679,0.42321,0.4597,-0.88807,1.7900494558030735e-32,1.0,1.804851387845415e-35,2.7284207877888996e-32,2.460831671661891e-47,0.0,0.0,-0.0,0.0,0.0,0.0,0.0,0.0,-0.0
-1.0,0.0,0.2,-0.5,-0.625,0.125,0.06125,0.43875,0.41093,-0.91167,1.018484570129524e-30,1.0,2.678636961808078e-33,1.5723208713633045e-30,6.337595074638723e-47,0.0,0.0,-0.0,0.0,0.0,0.0,0.0,0.0,-0.0
-1.0,0.0,0.2,-0.4,-0.6,0.1,0.04384,0.45616,0.36905,-0.92941,6.996768589116889e-29,1.0,3.975449735908647e-31,1.0924060008054947e-28,1.353798408790081e-46,0.0,0.0,-0.0,0.0,0.0,0.0,0.0,0.0,-0.0
-1.0,0.0,0.2,-0.3,-0.575,0.075,0.025,0.475,0.33333,-0.94281,5.562809345763337e-27,1.0,5.900090541597104e-29,8.756510762696583e-27,2.506567475899971e-46,0.0,0.0,-0.0,0.0,0.0,0.0,0.0,0.0,-0.0
-1.0,0.0,0.2,-0.2,-0.55,0.05,0.00505,0.49495,0.30291,-0.95302,4.960881425895333e-25,1.0,8.75651076269652e-27,7.843046357134464e-25,4.153346013624335e-46,0.0,0.0,-0.0,0.0,0.0,0.0,0.0,0.0,-0.0
-1.0,0.0,0.2,-0.1,-0.525,0.025,-0.01575,0.51575,0.2769,-0.9609,4.8356659741719905e-23,1.0,1.2995814250075031e-24,7.64809914253809e-23,6.32123295991811e-46,0.0,0.0,-0.0,0.0,0.0,0.0,0.0,0.0,-0.0
-1.0,0.0,0.2,-0.0,-0.5,0.0,-0.03723,0.53723,0.25457,-0.96705,5.063996378802783e-21,1.0,1.928749847963918e-22,7.982781845243644e-21,8.98821502611841e-46,0.0,0.0,-0.0,0.0,0.0,0.0,0.0,0.0,-0.0
-1.0,0.0,0.2,0.1,-0.475,-0.025,-0.05923,0.55923,0.23527,-0.97193,5.604547509454412e-19,1.0,2.8625185805493937e-20,8.776842921866838e-19,1.2132821217392875e-45,0.0,0.0,-0.0,0.0,0.0,0.0,0.0,0.0,-0.0
-1.0,0.0,0.2,0.2,-0.45,-0.05,-0.08166,0.58166,0.21848,-0.97584,6.493303256899957e-17,0.9999999999999999,4.248354255291588e-18,1.0073886502677094e-16,1.568828534899242e-45,0.0,0.0,-0.0,0.0,0.0,0.0,0.0,0.0,-0.0
-1.0,0.0,0.2,0.3,-0.425,-0.075,-0.10444,0.60444,0.20378,-0.97902,7.808048569471843e-15,0.9999999999999873,6.305116760146909e-16,1.1974464150063293e-14,1.95879440545193e-45,0.0,0.0,-0.0,0.0,0.0,0.0,0.0,0.0,-0.0
-1.0,0.0,0.2,0.4,-0.4,-0.1,-0.12749,0.62749,0.19082,-0.98162,8.728630621816157e-13,0.9999999999984442,0.0,1.462315467254861e-12,2.6760084164072335e-30,0.0,0.0,9.94247440437722e-14,0.0,0.0,0.0,0.0,0.0,-0.0
-1.0,0.0,0.2,0.5,-0.375,-0.125,-0.15078,0.65078,0.17934,-0.98379,1.087895496717781e-10,0.9999999998031972,0.0,1.829149179936078e-10,-6.112595571962285e-28,0.0,0.0,1.4755940353620237e-11,0.0,0.0,0.0,0.0,0.0,-0.0
-1.0,0.0,0.2,0.6,-0.35,-0.15,-0.17426,0.67426,0.1691,-0.9856,1.3826695216019836e-08,0.9999999746199087,0.0,2.3318937800151234e-08,-2.7439584133733148e-27,0.0,0.0,2.189975668259184e-09,0.0,0.0,0.0,0.0,0.0,-0.0
-1.0,0.0,0.2,0.7,-0.325,-0.175,-0.19791,0.69791,0.15993,-0.98713,1.7881926663080032e-06,0.9999966703201376,0.0,3.023778560471937e-06,-6.106118440492376e-24,0.0,0.0,3.250201333165924e-07,0.0,0.0,0.0,0.0,0.0,-0.0
-1.0,0.0,0.2,0.8,-0.3,-0.2,-0.2217,0.7217,0.15166,-0.98843,0.00023451037859106437,0.9995571707745472,0.0,0.00039744940010606945,4.257788469727179e-21,0.0,0.0,4.8216064430924694e-05,0.0,0.0,0.0,0.0,0.0,-0.0
-1.0,0.0,0.2,0.9,-0.275,-0.225,-0.24561,0.74561,0.14418,-0.98955,0.029407639053756818,0.9437019788159898,0.0,0.04993940726781594,-3.557250239008554e-19,0.0,0.0,0.006756027285956327,0.0,0.0,0.0,0.0,0.0,-0.0
-1.0,0.0,0.3,-1.0,-0.75,0.25,0.03787,0.46213,-0.70711,0.70711,3.918587044381281e-35,1.0,3.720075976020836e-44,6.070726317252528e-35,2.279622658665753e-53,0.0,-0.0,-0.0,0.0,0.0,0.0,0.0,0.0,-0.0
-1.0,0.0,0.3,-0.9,-0.725,0.225,0.0364,0.4636,0.66444,-0.74734,5.635562372746725e-34,1.0,5.521082277028533e-42,8.566790529264555e-34,2.3974959432294526e-52,0.0,-0.0,-0.0,0.0,0.0,0.0,0.0,0.0,-0.0
-1.0,0.0,0.3,-0.8,-0.7,0.2,0.03206,0.46794,0.62072,-0.78403,1.070596315297161e-32,1.0,8.194012623990516e-40,1.6107871552328875e-32,1.892388414614053e-51,0.0,-0.0,-0.0,0.0,0.0,0.0,0.0,0.0,-0.0
-1.0,0.0,0.3,-0.7,-0.675,0.175,0.025,0.475,0.57735,-0.8165,2.6502835727897563e-31,1.0,1.2160992992528256e-37,3.975449735908647e-31,1.1379798735078682e-50,0.0,0.0,-0.0,0.0,0.0,0.0,0.0,0.0,-0.0
-1.0,0.0,0.3,-0.6,-0.65,0.15,0.01548,0.48452,0.53554,-0.84451,8.344877663069207e-30,1.0,1.804851387845415e-35,1.2547893336090744e-29,5.350845841907186e-50,0.0,0.0,-0.0,0.0,0.0,0.0,0.0,0.0,-0.0
-1.0,0.0,0.3,-0.5,-0.625,0.125,0.00378,0.49622,0.49615,-0.86824,3.255338550033749e-28,1.0,2.678636961808078e-33,4.925287279733762e-28,2.023178028844304e-49,0.0,0.0,-0.0,0.0,0.0,0.0,0.0,0.0,-0.0
-1.0,0.0,0.3,-0.4,-0.6,0.1,-0.00981,0.50981,0.4597,-0.88807,1.530737865123397e-26,1.0,3.975449735908647e-31,2.3354682768507462e-26,6.332338230846944e-49,0.0,0.0,-0.0,0.0,0.0,0.0,0.0,0.0,-0.0
-1.0,0.0,0.3,-0.3,-0.575,0.075,-0.025,0.525,0.4264,-0.90453,8.43784214000897e-25,1.0,5.900090541597104e-29,1.2995814250075123e-24,1.6889118802245443e-48,0.0,0.0,-0.0,0.0,0.0,0.0,0.0,0.0,-0.0
-1.0,0.0,0.3,-0.2,-0.55,0.05,-0.04155,0.54155,0.39624,-0.91815,5.327525047660052e-23,1.0,8.75651076269652e-27,8.285086893407447e-23,3.931749387926836e-48,0.0,0.0,-0.0,0.0,0.0,0.0,0.0,0.0,-0.0
-1.0,0.0,0.3,-0.1,-0.525,0.025,-0.05923,0.55923,0.36905,-0.92941,3.767511230181403e-21,1.0,1.2995814250075031e-24,5.9137902426837175e-21,8.17503063121728e-48,0.0,0.0,-0.0,0.0,0.0,0.0,0.0,0.0,-0.0
-1.0,0.0,0.3,-0.0,-0.5,0.0,-0.07787,0.57787,0.34461,-0.93875,2.934726125971562e-19,1.0,1.928749847963918e-22,4.646511703951677e-19,1.5441897987822288e-47,0.0,0.0,-0.0,0.0,0.0,0.0,0.0,0.0,-0.0
-1.0,0.0,0.3,0.1,-0.475,-0.025,-0.09731,0.59731,0.32265,-0.94652,2.4786649896502217e-17,1.0,2.8625185805493937e-20,3.954865451919772e-17,2.692578731659735e-47,0.0,0.0,-0.0,0.0,0.0,0.0,0.0,0.0,-0.0
-1.0,0.0,0.3,0.2,-0.45,-0.05,-0.11742,0.61742,0.30291,-0.95302,2.240774298594813e-15,0.9999999999999963,4.2483542552915735e-18,3.599433222635894e-15,4.390746994095504e-47,0.0,0.0,-0.0,0.0,0.0,0.0,0.0,0.0,-0.0
-1.0,0.0,0.3,0.3,-0.425,-0.075,-0.1381,0.6381,0.28513,-0.95849,2.1467715576081188e-13,0.9999999999996525,6.305116760144799e-16,3.4680976255877776e-13,6.76322177679111e-47,0.0,0.0,-0.0,0.0,0.0,0.0,0.0,0.0,-0.0
-1.0,0.0,0.3,0.4,-0.4,-0.1,-0.15927,0.65927,0.26909,-0.96312,2.1529076465148272e-11,0.9999999999648127,0.0,3.509368205697405e-11,1.5628458224230136e-29,0.0,0.0,9.942474404042859e-14,0.0,0.0,0.0,0.0,0.0,-0.0
-1.0,0.0,0.3,0.5,-0.375,-0.125,-0.18084,0.68084,0.25457,-0.96705,2.2553452301764435e-09,0.9999999962900579,0.0,3.6960542556714075e-09,1.1472838902837276e-27,0.0,0.0,1.4755940301780605e-11,0.0,0.0,0.0,0.0,0.0,-0.0
-1.0,0.0,0.3,0.6,-0.35,-0.15,-0.20277,0.70277,0.2414,-0.97043,2.450549511739547e-07,0.9999995944029569,0.0,4.0353589035453654e-07,6.95372118669428e-26,0.0,0.0,2.1899748355932897e-09,0.0,0.0,0.0,0.0,0.0,-0.0
-1.0,0.0,0.3,0.7,-0.325,-0.175,-0.225,0.725,0.22942,-0.97333,2.745147146498375e-05,0.9999542962568447,0.0,4.539785481575572e-05,-1.4848193647339223e-23,0.0,0.0,3.2500636084703475e-07,0.0,0.0,0.0,0.0,0.0,-0.0
-1.0,0.0,0.3,0.8,-0.3,-0.2,-0.24749,0.74749,0.21848,-0.97584,0.00314131377450807,0.9947401389938761,0.0,0.005214699873681654,4.03838621183623e-21,0.0,0.0,4.79837032198868e-05,0.0,0.0,0.0,0.0,0.0,-0.0
-1.0,0.0,0.3,0.9,-0.275,-0.225,-0.27022,0.77022,0.20847,-0.97803,0.2288152118425833,0.6147187732007959,0.0,0.38113928428603433,-3.495945420328693e-19,0.0,0.0,0.004400813920242909,0.0,0.0,0.0,0.0,0.0,-0.0
-1.0,0.0,0.4,-1.0,-0.75,0.25,-0.03284,0.53284,-0.70711,0.70711,4.6134495885441437e-32,1.0,3.720075976020836e-44,7.147216468552507e-32,1.9362734189258628e-56,0.0,-0.0,-0.0,0.0,0.0,0.0,0.0,0.0,-0.0
-1.0,0.0,0.4,-0.9,-0.725,0.225,-0.03395,0.53395,0.67526,-0.73758,6.3754713699349534e-31,1.0,5.521082277028533e-42,9.729260417897724e-31,2.1110387283524045e-55,0.0,-0.0,-0.0,0.0,0.0,0.0,0.0,0.0,-0.0
-1.0,0.0,0.4,-0.8,-0.7,0.2,-0.03723,0.53723,0.64262,-0.76618,1.0890737117471726e-29,1.0,8.194012623990516e-40,1.645373971746069e-29,1.852609196034064e-54,0.0,-0.0,-0.0,0.0,0.0,0.0,0.0,0.0,-0.0
-1.0,0.0,0.4,-0.7,-0.675,0.175,-0.04262,0.54262,0.60979,-0.79256,2.2870256904559805e-28,1.0,1.2160992992528256e-37,3.436256334169032e-28,1.316543746350114e-53,0.0,-0.0,-0.0,0.0,0.0,0.0,0.0,0.0,-0.0
-1.0,0.0,0.4,-0.6,-0.65,0.15,-0.05,0.55,0.57735,-0.8165,5.837635385670722e-27,1.0,1.804851387845415e-35,8.75651076269652e-27,7.667648073722e-53,0.0,0.0,-0.0,0.0,0.0,0.0,0.0,0.0,-0.0
-1.0,0.0,0.4,-0.5,-0.625,0.125,-0.05923,0.55923,0.54579,-0.83792,1.787380245942467e-25,1.0,2.678636961808078e-33,2.6848566164790904e-25,3.711458164634267e-52,0.0,0.0,-0.0,0.0,0.0,0.0,0.0,0.0,-0.0
-1.0,0.0,0.4,-0.4,-0.6,0.1,-0.07016,0.57016,0.5155,-0.85689,6.471511557714151e-24,1.0,3.975449735908647e-31,9.757558660163229e-24,1.5156429565533112e-51,0.0,0.0,-0.0,0.0,0.0,0.0,0.0,0.0,-0.0
-1.0,0.0,0.4,-0.3,-0.575,0.075,-0.0826,0.5826,0.48675,-0.87354,2.720574635886745e-22,1.0,5.900090541597104e-29,4.1241999351881278e-22,5.32194981452618e-51,0.0,0.0,-0.0,0.0,0.0,0.0,0.0,0.0,-0.0
-1.0,0.0,0.4,-0.2,-0.55,0.05,-0.09641,0.59641,0.4597,-0.88807,1.3102448434444636e-20,1.0,8.75651076269652e-27,1.99910955692301e-20,1.6294697411288398e-50,0.0,0.0,-0.0,0.0,0.0,0.0,0.0,0.0,-0.0
-1.0,0.0,0.4,-0.1,-0.525,0.025,-0.11142,0.61142,0.43443,-0.90071,7.110316311271146e-19,1.0,1.2995814250075031e-24,1.092568857971341e-18,4.424930843288017e-50,0.0,0.0,-0.0,0.0,0.0,0.0,0.0,0.0,-0.0
-1.0,0.0,0.4,-0.0,-0.5,0.0,-0.12749,0.62749,0.41093,-0.91167,4.2891158159282816e-17,1.0,1.928749847963918e-22,6.63890195040692e-17,1.0807654679588469e-49,0.0,0.0,-0.0,0.0,0.0,0.0,0.0,0.0,-0.0
-1.0,0.0,0.4,0.1,-0.475,-0.025,-0.14449,0.64449,0.38917,-0.92117,2.8395256483774202e-15,0.9999999999999956,2.862518580549381e-20,4.427240132130779e-15,2.4052877830437107e-49,0.0,0.0,-0.0,0.0,0.0,0.0,0.0,0.0,-0.0
-1.0,0.0,0.4,0.2,-0.45,-0.05,-0.16231,0.66231,0.36905,-0.92941,2.0409383967430567e-13,0.9999999999996796,4.248354255290228e-18,3.204660667916405e-13,4.931629972855014e-49,0.0,0.0,-0.0,0.0,0.0,0.0,0.0,0.0,-0.0
-1.0,0.0,0.4,0.3,-0.425,-0.075,-0.18084,0.68084,0.35047,-0.93657,1.5753978218544536e-11,0.9999999999750955,6.3051167599899635e-16,2.4903817772229737e-11,9.418440818506159e-49,0.0,0.0,-0.0,0.0,0.0,0.0,0.0,0.0,-0.0
-1.0,0.0,0.4,0.4,-0.4,-0.1,-0.2,0.7,0.33333,-0.94281,1.295608991910116e-09,0.9999999979387529,9.357622949551801e-14,2.0611536181900106e-09,1.6889118767432674e-48,0.0,0.0,-0.0,0.0,0.0,0.0,0.0,0.0,-0.0
-1.0,0.0,0.4,0.5,-0.375,-0.125,-0.21971,0.71971,0.31751,-0.94825,1.1261350176611183e-07,0.9999998197503728,0.0,1.8023573927999834e-07,-7.478999515600607e-28,0.0,0.0,1.4755937696771524e-11,0.0,0.0,0.0,0.0,0.0,-0.0
-1.0,0.0,0.4,0.6,-0.35,-0.15,-0.2399,0.7399,0.30291,-0.95302,1.02742562142709e-05,0.9999834626962427,0.0,1.653524263785866e-05,1.655296382722997e-26,0.0,0.0,2.189939507547202e-09,0.0,0.0,0.0,0.0,0.0,-0.0
-1.0,0.0,0.4,0.7,-0.325,-0.175,-0.26051,0.76051,0.2894,-0.95721,0.0009764833696967095,0.9984200906795841,0.0,0.0015796039013933544,-1.9175605707191657e-23,0.0,0.0,3.245077114854361e-07,0.0,0.0,0.0,0.0,0.0,-0.0
-1.0,0.0,0.4,0.8,-0.3,-0.2,-0.28151,0.78151,0.2769,-0.9609,0.08366860155901588,0.8639757584860154,0.0,0.13598501707523286,1.1582845611507933e-21,0.0,0.0,4.167596617373933e-05,0.0,0.0,0.0,0.0,0.0,-0.0
-1.0,0.0,0.4,0.9,-0.275,-0.225,-0.30283,0.80283,0.26532,-0.96416,0.576712885589152,0.05822691396183422,0.0,0.9413807561779706,1.30360238484878e-21,0.0,0.0,0.0004168504764573455,0.0,0.0,0.0,0.0,0.0,-0.0
-1.0,0.0,0.5,-1.0,-0.75,0.25,-0.10355,0.60355,-0.70711,0.70711,5.431528478288558e-29,1.0,3.720075976020836e-44,8.414594988934873e-29,1.6446383082686047e-59,0.0,-0.0,-0.0,0.0,0.0,0.0,0.0,0.0,-0.0
-1.0,0.0,0.5,-0.9,-0.725,0.225,-0.10444,0.60444,0.68171,-0.73162,7.323671543368606e-28,1.0,5.521082277028533e-42,1.1205252077018693e-27,1.8329659519692846e-58,0.0,-0.0,-0.0,0.0,0.0,0.0,0.0,0.0,-0.0
-1.0,0.0,0.5,-0.8,-0.7,0.2,-0.10707,0.60707,0.65573,-0.75499,1.1713263068394267e-26,1.0,8.194012623990516e-40,1.7757314416438825e-26,1.716608085820652e-57,0.0,-0.0,-0.0,0.0,0.0,0.0,0.0,0.0,-0.0
-1.0,0.0,0.5,-0.7,-0.675,0.175,-0.11142,0.61142,0.62948,-0.77702,2.218171923372105e-25,1.0,1.2160992992528256e-37,3.3421934896146293e-25,1.3535966130219056e-56,0.0,-0.0,-0.0,0.0,0.0,0.0,0.0,0.0,-0.0
-1.0,0.0,0.5,-0.6,-0.65,0.15,-0.11742,0.61742,0.60326,-0.79755,4.940728223017237e-24,1.0,1.804851387845415e-35,7.418984825561691e-24,9.050004072091187e-56,0.0,-0.0,-0.0,0.0,0.0,0.0,0.0,0.0,-0.0
-1.0,0.0,0.5,-0.5,-0.625,0.125,-0.125,0.625,0.57735,-0.8165,1.2858247575016317e-22,1.0,2.678636961808078e-33,1.928749847963918e-22,5.166420632837862e-55,0.0,0.0,-0.0,0.0,0.0,0.0,0.0,0.0,-0.0
-1.0,0.0,0.5,-0.4,-0.6,0.1,-0.13406,0.63406,0.55201,-0.83384,3.87247671547036e-21,1.0,3.975449735908647e-31,5.814105529350051e-21,2.5436371909275445e-54,0.0,0.0,-0.0,0.0,0.0,0.0,0.0,0.0,-0.0
-1.0,0.0,0.5,-0.3,-0.575,0.075,-0.14449,0.64449,0.52744,-0.84959,1.3353913957180288e-19,1.0,5.900090541597104e-29,2.0099639104039385e-19,1.0919989640874862e-53,0.0,0.0,-0.0,0.0,0.0,0.0,0.0,0.0,-0.0
-1.0,0.0,0.5,-0.2,-0.55,0.05,-0.1562,0.6562,0.5038,-0.86382,5.227340138649975e-18,1.0,8.75651076269652e-27,7.897384856858775e-18,4.1247686306922515e-53,0.0,0.0,-0.0,0.0,0.0,0.0,0.0,0.0,-0.0
-1.0,0.0,0.5,-0.1,-0.525,0.025,-0.16908,0.66908,0.4812,-0.87661,2.298154418668237e-16,0.9999999999999996,1.2995814250075026e-24,3.488115042617848e-16,1.3860040678087793e-52,0.0,0.0,-0.0,0.0,0.0,0.0,0.0,0.0,-0.0
-1.0,0.0,0.5,-0.0,-0.5,0.0,-0.18301,0.68301,0.4597,-0.88807,1.1215400821002805e-14,0.9999999999999828,1.9287498479638847e-22,1.7111938792719704e-14,4.193035085081544e-52,0.0,0.0,-0.0,0.0,0.0,0.0,0.0,0.0,-0.0
-1.0,0.0,0.5,0.1,-0.475,-0.025,-0.19791,0.69791,0.43934,-0.89832,6.028443478912008e-13,0.999999999999075,2.8625185805467455e-20,9.249839582316386e-13,1.151240138559104e-51,0.0,0.0,-0.0,0.0,0.0,0.0,0.0,0.0,-0.0
-1.0,0.0,0.5,0.2,-0.45,-0.05,-0.21368,0.71368,0.42012,-0.90747,3.534249934674593e-11,0.9999999999454553,4.248354255059864e-18,5.454473092059436e-11,2.8974752160790306e-51,0.0,0.0,-0.0,0.0,0.0,0.0,0.0,0.0,-0.0
-1.0,0.0,0.5,0.3,-0.425,-0.075,-0.23023,0.73023,0.40202,-0.91563,2.240010908528741e-09,0.9999999965226656,6.30511673822199e-16,3.4773337400175364e-09,6.745257998211472e-51,0.0,0.0,-0.0,0.0,0.0,0.0,0.0,0.0,-0.0
-1.0,0.0,0.5,0.4,-0.4,-0.1,-0.24749,0.74749,0.38502,-0.92291,1.5242722078212722e-07,0.9999997620011142,0.0,2.379987922187576e-07,1.349054369150807e-29,0.0,0.0,9.942472038094866e-14,0.0,0.0,0.0,0.0,0.0,-0.0
-1.0,0.0,0.5,0.5,-0.375,-0.125,-0.26539,0.76539,0.36905,-0.92941,1.1059346060717265e-05,0.9999826343521746,-1.6155871338926322e-27,1.7365633937733783e-05,8.38205027746033e-28,0.0,0.0,1.4755684110060706e-11,0.0,0.0,0.0,0.0,0.0,-0.0
-1.0,0.0,0.5,0.6,-0.35,-0.15,-0.28385,0.78385,0.35407,-0.93522,0.0008476882416168266,0.998661676652482,0.0,0.001338321289122916,-2.0477478505730745e-25,0.0,0.0,2.1870448281992528e-09,0.0,0.0,0.0,0.0,0.0,-0.0
-1.0,0.0,0.5,0.7,-0.325,-0.175,-0.30283,0.80283,0.34002,-0.94042,0.06189833524001964,0.9017655142577721,0.0,0.09823420989006464,-1.602781259378844e-23,0.0,0.0,2.9309292356997334e-07,0.0,0.0,0.0,0.0,0.0,-0.0
-1.0,0.0,0.5,0.8,-0.3,-0.2,-0.32228,0.82228,0.32685,-0.94508,0.5660151404981235,0.0972636777008676,0.0,0.9027319065349964,-3.736410953410951e-22,0.0,0.0,4.691749394564119e-06,0.0,0.0,0.0,0.0,0.0,-0.0
-1.0,0.0,0.5,0.9,-0.275,-0.225,-0.34214,0.84214,0.3145,-0.94926,0.6233249890136755,0.001212317779115655,0.0,0.9987795136879427,6.218913525300795e-22,0.0,0.0,8.679066250588434e-06,0.0,0.0,0.0,0.0,0.0,-0.0
-1.0,0.0,0.6,-1.0,-0.75,0.25,-0.17426,0.67426,-0.70711,0.70711,6.394673019455932e-26,1.0,3.720075976020836e-44,9.90671111464847e-26,1.3969283152815937e-62,0.0,-0.0,-0.0,0.0,0.0,0.0,0.0,0.0,-0.0
-1.0,0.0,0.6,-0.9,-0.725,0.225,-0.175,0.675,0.68599,-0.72761,8.478298365727544e-25,1.0,5.521082277028533e-42,1.2995814250075033e-24,1.580420060273613e-61,0.0,-0.0,-0.0,0.0,0.0,0.0,0.0,0.0,-0.0
-1.0,0.0,0.6,-0.8,-0.7,0.2,-0.1772,0.6772,0.66444,-0.74734,1.2977875236996592e-23,1.0,8.194012623990516e-40,1.9728064815170262e-23,1.545126184210354e-60,0.0,-0.0,-0.0,0.0,0.0,0.0,0.0,0.0,-0.0
-1.0,0.0,0.6,-0.7,-0.675,0.175,-0.18084,0.68084,0.64262,-0.76618,2.289267455999927e-22,1.0,1.2160992992528256e-37,3.4586282325263345e-22,1.308027773861569e-59,0.0,-0.0,-0.0,0.0,0.0,0.0,0.0,0.0,-0.0
-1.0,0.0,0.6,-0.6,-0.65,0.15,-0.18589,0.68589,0.62072,-0.78403,4.640303148266964e-21,1.0,1.804851387845415e-35,6.981661689745951e-21,9.616885759550328e-59,0.0,-0.0,-0.0,0.0,0.0,0.0,0.0,0.0,-0.0
-1.0,0.0,0.6,-0.5,-0.625,0.125,-0.1923,0.6923,0.59891,-0.80082,1.0756449095889441e-19,1.0,2.678636961808078e-33,1.6146476619324633e-19,6.1714597215453915e-58,0.0,-0.0,-0.0,0.0,0.0,0.0,0.0,0.0,-0.0
-1.0,0.0,0.6,-0.4,-0.6,0.1,-0.2,0.7,0.57735,-0.8165,2.832217503863929e-18,1.0,3.975449735908647e-31,4.248354255291589e-18,3.4811068399043105e-57,0.0,0.0,-0.0,0.0,0.0,0.0,0.0,0.0,-0.0
-1.0,0.0,0.6,-0.3,-0.575,0.075,-0.20894,0.70894,0.55619,-0.83106,8.430226169121053e-17,0.9999999999999999,5.900090541597102e-29,1.265366100608374e-16,1.7345798239411032e-56,0.0,0.0,-0.0,0.0,0.0,0.0,0.0,0.0,-0.0
-1.0,0.0,0.6,-0.2,-0.55,0.05,-0.21904,0.71904,0.53554,-0.84451,2.814738436079468e-15,0.9999999999999958,8.756510762696483e-27,4.232430417787467e-15,7.6964963641632185e-56,0.0,0.0,-0.0,0.0,0.0,0.0,0.0,0.0,-0.0
-1.0,0.0,0.6,-0.1,-0.525,0.025,-0.23023,0.73023,0.5155,-0.85689,1.0470467921023509e-13,0.9999999999998421,1.299581425007298e-24,1.578707081064592e-13,3.062342404134705e-55,0.0,0.0,-0.0,0.0,0.0,0.0,0.0,0.0,-0.0
-1.0,0.0,0.6,-0.0,-0.5,0.0,-0.24244,0.74244,0.49615,-0.86824,4.309951120650384e-12,0.999999999993479,1.9287498479513407e-22,6.5209568148919784e-12,1.1003133706828101e-54,0.0,0.0,-0.0,0.0,0.0,0.0,0.0,0.0,-0.0
-1.0,0.0,0.6,0.1,-0.475,-0.025,-0.25559,0.75559,0.47754,-0.87861,1.9479084427377393e-10,0.9999999997041,2.8625185797023745e-20,2.9589986868744513e-10,3.5987804399336444e-54,0.0,0.0,-0.0,0.0,0.0,0.0,0.0,0.0,-0.0
-1.0,0.0,0.6,0.2,-0.45,-0.05,-0.26962,0.76962,0.4597,-0.88807,9.609741443483371e-09,0.9999999853379016,4.2483541930018006e-18,1.4662098374768611e-08,1.077894837105148e-53,0.0,0.0,-0.0,0.0,0.0,0.0,0.0,0.0,-0.0
-1.0,0.0,0.6,0.3,-0.425,-0.075,-0.28444,0.78444,0.44265,-0.89669,5.129150499717945e-07,0.999999213757671,6.305111802797303e-16,7.862423283517524e-07,2.9832375663594513e-53,0.0,0.0,-0.0,0.0,0.0,0.0,0.0,0.0,-0.0
-1.0,0.0,0.6,0.4,-0.4,-0.1,-0.3,0.8,0.4264,-0.90453,2.9473587193520502e-05,0.999954602131204,0.0,4.5397868702430146e-05,-1.6020064192527642e-29,0.0,0.0,9.942023037244161e-14,0.0,0.0,0.0,0.0,0.0,-0.0
-1.0,0.0,0.6,0.5,-0.375,-0.125,-0.31624,0.81624,0.41093,-0.91167,0.0018077495913609337,0.9972018647125839,0.0,0.0027981352735670516,2.6073433841860708e-27,0.0,0.0,1.4714651239113688e-11,0.0,0.0,0.0,0.0,0.0,-0.0
-1.0,0.0,0.6,0.6,-0.35,-0.15,-0.3331,0.8331,0.39624,-0.91815,0.10015142798488873,0.8442241584072384,0.0,0.15577583985268595,1.8162713650418853e-25,0.0,0.0,1.848830412391924e-09,0.0,0.0,0.0,0.0,0.0,-0.0
-1.0,0.0,0.6,0.7,-0.325,-0.175,-0.35052,0.85052,0.38228,-0.92405,0.5935839515670004,0.07229223682927693,0.0,0.9277077410563601,1.1389194397996922e-24,0.0,0.0,2.3496510687864843e-08,0.0,0.0,0.0,0.0,0.0,-0.0
-1.0,0.0,0.6,0.8,-0.3,-0.2,-0.36847,0.86847,0.36905,-0.92941,0.6361763672034663,0.0010615107785226683,0.0,0.9989384410289626,2.9087034112573535e-24,0.0,0.0,5.120454696124034e-08,0.0,0.0,0.0,0.0,0.0,-0.0
-1.0,0.0,0.6,0.9,-0.275,-0.225,-0.38689,0.88689,0.3565,-0.9343,0.6339455494332407,1.3825250124924195e-05,0.0,0.9999860815960725,2.7699391443723938e-24,0.0,0.0,9.897591525276638e-08,0.0,0.0,0.0,0.0,0.0,-0.0
-1.0,0.0,0.7,-1.0,-0.75,0.25,-0.24497,0.74497,-0.70711,0.70711,7.528606945395709e-23,1.0,3.720075976020836e-44,1.1663416389993468e-22,1.1865275837395638e-65,0.0,-0.0,-0.0,0.0,0.0,0.0,0.0,0.0,-0.0
-1.0,0.0,0.7,-0.9,-0.725,0.225,-0.24561,0.74561,0.68904,-0.72472,9.868852413370325e-22,1.0,5.521082277028533e-42,1.5148053560839301e-21,1.3558735753024642e-64,0.0,-0.0,-0.0,0.0,0.0,0.0,0.0,0.0,-0.0
-1.0,0.0,0.7,-0.8,-0.7,0.2,-0.24749,0.74749,0.67063,-0.74179,1.4619301113169888e-20,1.0,8.194012623990516e-40,2.2271034946706168e-20,1.3686992805975075e-63,0.0,-0.0,-0.0,0.0,0.0,0.0,0.0,0.0,-0.0
-1.0,0.0,0.7,-0.7,-0.675,0.175,-0.25062,0.75062,0.65199,-0.75823,2.4499912457739535e-19,1.0,1.2160992992528256e-37,3.7103149562606906e-19,1.2192985881084231e-62,0.0,-0.0,-0.0,0.0,0.0,0.0,0.0,0.0,-0.0
-1.0,0.0,0.7,-0.6,-0.65,0.15,-0.25498,0.75498,0.63323,-0.77396,4.636216632620013e-18,1.0,1.804851387845415e-35,6.990357321485875e-18,9.604922866495856e-62,0.0,-0.0,-0.0,0.0,0.0,0.0,0.0,0.0,-0.0
-1.0,0.0,0.7,-0.5,-0.625,0.125,-0.26051,0.76051,0.61447,-0.78894,9.848066505747508e-17,0.9999999999999998,2.6786369618080775e-33,1.4804727876906946e-16,6.730777554950599e-61,0.0,-0.0,-0.0,0.0,0.0,0.0,0.0,0.0,-0.0
-1.0,0.0,0.7,-0.4,-0.6,0.1,-0.2672,0.7672,0.59581,-0.80313,2.3461467714926395e-15,0.9999999999999966,3.975449735908634e-31,3.521110401762472e-15,4.200088429215255e-60,0.0,-0.0,-0.0,0.0,0.0,0.0,0.0,0.0,-0.0
-1.0,0.0,0.7,-0.3,-0.575,0.075,-0.275,0.775,0.57735,-0.8165,6.238374197229759e-14,0.9999999999999064,5.900090541596551e-29,9.357622968839364e-14,2.3455513385427114e-59,0.0,0.0,-0.0,0.0,0.0,0.0,0.0,0.0,-0.0
-1.0,0.0,0.7,-0.2,-0.55,0.05,-0.28385,0.78385,0.55918,-0.82905,1.840556885550168e-12,0.9999999999972378,8.756510762672333e-27,2.7621824663395265e-12,1.1793169248903242e-58,0.0,0.0,-0.0,0.0,0.0,0.0,0.0,0.0,-0.0
-1.0,0.0,0.7,-0.1,-0.525,0.025,-0.29371,0.79371,0.54138,-0.84078,6.002293062929878e-11,0.9999999999098007,1.2995814248902817e-24,9.019925033014889e-11,5.359846805251431e-58,0.0,0.0,-0.0,0.0,0.0,0.0,0.0,0.0,-0.0
-1.0,0.0,0.7,-0.0,-0.5,0.0,-0.30453,0.80453,0.52401,-0.85171,2.1530978601737525e-09,0.9999999967577556,1.9287498417104395e-22,3.2422444897050184e-09,2.2130027360430426e-57,0.0,0.0,-0.0,0.0,0.0,0.0,0.0,0.0,-0.0
-1.0,0.0,0.7,0.1,-0.475,-0.025,-0.31624,0.81624,0.50712,-0.86188,8.437080512642132e-08,0.9999998726084124,2.862518215888607e-20,1.2739158759924811e-07,8.359095046984485e-57,0.0,0.0,-0.0,0.0,0.0,0.0,0.0,0.0,-0.0
-1.0,0.0,0.7,0.2,-0.45,-0.05,-0.32879,0.82879,0.49075,-0.8713,3.594201458811182e-06,0.9999945560488368,4.248331127458499e-18,5.443951163233272e-06,2.9030437736744265e-56,0.0,0.0,-0.0,0.0,0.0,0.0,0.0,0.0,-0.0
-1.0,0.0,0.7,0.3,-0.425,-0.075,-0.34214,0.84214,0.47494,-0.88002,0.00016576155123978516,0.9997480429669541,6.303528141635095e-16,0.0002519570330451018,9.304640171374496e-56,0.0,0.0,-0.0,0.0,0.0,0.0,0.0,0.0,-0.0
-1.0,0.0,0.7,0.4,-0.4,-0.1,-0.35622,0.85622,0.4597,-0.88807,0.00812377090396475,0.9876051266392467,0.0,0.012394873360660984,-8.153602577389286e-30,0.0,0.0,9.81923869325771e-14,0.0,0.0,0.0,0.0,0.0,-0.0
-1.0,0.0,0.7,0.5,-0.375,-0.125,-0.37099,0.87099,0.44504,-0.89551,0.26181967830790326,0.5989278971247637,0.0,0.40107210286691847,-7.765805390596912e-29,0.0,0.0,8.837744327831515e-12,0.0,0.0,0.0,0.0,0.0,-0.0
-1.0,0.0,0.7,0.6,-0.35,-0.15,-0.3864,0.8864,0.43096,-0.90237,0.6334915991764396,0.0255807883106589,0.0,0.9744192116366152,3.984446842373429e-27,0.0,0.0,5.602130539705779e-11,0.0,0.0,0.0,0.0,0.0,-0.0
-1.0,0.0,0.7,0.7,-0.325,-0.175,-0.4024,0.9024,0.41747,-0.90869,0.6471351820506871,0.000434882370063139,0.0,0.9995651174969055,1.9671615967079092e-26,0.0,0.0,1.4134599653187597e-10,0.0,0.0,0.0,0.0,0.0,-0.0
-1.0,0.0,0.7,0.8,-0.3,-0.2,-0.41895,0.91895,0.40454,-0.91452,0.6447076134424486,6.824395278317111e-06,0.0,0.9999931752948945,9.792105477014198e-28,0.0,0.0,3.291912579512194e-10,0.0,0.0,0.0,0.0,0.0,-0.0
-1.0,0.0,0.7,0.9,-0.275,-0.225,-0.43602,0.93602,0.39217,-0.91989,0.642041608662952,1.0162257797697768e-07,0.0,0.9999998976926945,6.640934675621083e-27,0.0,0.0,7.275230158392624e-10,0.0,0.0,0.0,0.0,0.0,-0.0
-1.0,0.0,0.8,-1.0,-0.75,0.25,-0.31569,0.81569,-0.70711,0.70711,8.872483493305548e-20,1.0,3.720075976020836e-44,1.374536752234809e-19,1.0068094028673375e-68,0.0,-0.0,-0.0,0.0,0.0,0.0,0.0,0.0,-0.0
-1.0,0.0,0.8,-0.9,-0.725,0.225,-0.31624,0.81624,0.69132,-0.72255,1.1513943068741301e-18,1.0,5.521082277028533e-42,1.7692074428291494e-18,1.1609065756339248e-67,0.0,-0.0,-0.0,0.0,0.0,0.0,0.0,0.0,-0.0
-1.0,0.0,0.8,-0.8,-0.7,0.2,-0.31789,0.81789,0.67526,-0.73758,1.6657354319258898e-17,1.0,8.194012623990516e-40,2.5419883274971125e-17,1.1991537954752154e-66,0.0,-0.0,-0.0,0.0,0.0,0.0,0.0,0.0,-0.0
-1.0,0.0,0.8,-0.7,-0.675,0.175,-0.32064,0.82064,0.659,-0.75214,2.6866739646124636e-16,0.9999999999999997,1.2160992992528254e-37,4.077000261203672e-16,1.1096349025669522e-65,0.0,-0.0,-0.0,0.0,0.0,0.0,0.0,0.0,-0.0
-1.0,0.0,0.8,-0.6,-0.65,0.15,-0.32446,0.82446,0.64262,-0.76618,4.816927261801755e-15,0.9999999999999928,1.804851387845402e-35,7.277419935372487e-15,9.226050369275393e-65,0.0,-0.0,-0.0,0.0,0.0,0.0,0.0,0.0,-0.0
-1.0,0.0,0.8,-0.5,-0.625,0.125,-0.32933,0.82933,0.62619,-0.77967,9.581411278852389e-14,0.9999999999998558,2.678636961807692e-33,1.4428296337934637e-13,6.906382275987609e-64,0.0,-0.0,-0.0,0.0,0.0,0.0,0.0,0.0,-0.0
-1.0,0.0,0.8,-0.4,-0.6,0.1,-0.33523,0.83523,0.60979,-0.79256,2.110427766320348e-12,0.9999999999968291,3.975449735896041e-31,3.1709179367525046e-12,4.663941278620561e-63,0.0,-0.0,-0.0,0.0,0.0,0.0,0.0,0.0,-0.0
-1.0,0.0,0.8,-0.3,-0.575,0.075,-0.34214,0.84214,0.59349,-0.80484,5.137526467032472e-11,0.9999999999229062,5.900090541142243e-29,7.709366536050129e-11,2.8470283484542253e-62,0.0,-0.0,-0.0,0.0,0.0,0.0,0.0,0.0,-0.0
-1.0,0.0,0.8,-0.2,-0.55,0.05,-0.35,0.85,0.57735,-0.8165,1.374093355872761e-09,0.9999999979388464,8.756510744648005e-27,2.0611536181902033e-09,1.5804200570161245e-61,0.0,0.0,-0.0,0.0,0.0,0.0,0.0,0.0,-0.0
-1.0,0.0,0.8,-0.1,-0.525,0.025,-0.35879,0.85879,0.56143,-0.82752,4.0303552555723875e-08,0.9999999395228398,1.299581346412509e-24,6.047716020395758e-08,7.99399481885436e-61,0.0,0.0,-0.0,0.0,0.0,0.0,0.0,0.0,-0.0
-1.0,0.0,0.8,-0.0,-0.5,0.0,-0.36847,0.86847,0.54579,-0.83792,1.2912778074790506e-06,0.999998060347917,1.9287461068602578e-22,1.9396520829572674e-06,3.6991521324135494e-60,0.0,0.0,-0.0,0.0,0.0,0.0,0.0,0.0,-0.0
-1.0,0.0,0.8,0.1,-0.475,-0.025,-0.37899,0.87899,0.53047,-0.84771,4.4966615009817144e-05,0.9999323435360994,2.862324912664384e-20,6.765646390062704e-05,1.5737366570479908e-59,0.0,0.0,-0.0,0.0,0.0,0.0,0.0,0.0,-0.0
-1.0,0.0,0.8,0.2,-0.45,-0.05,-0.39031,0.89031,0.5155,-0.85689,0.001691421261496596,0.9974497236009296,4.2375197776994286e-18,0.0025502763990704197,6.165485920645485e-59,0.0,0.0,-0.0,0.0,0.0,0.0,0.0,0.0,-0.0
-1.0,0.0,0.8,0.3,-0.425,-0.075,-0.4024,0.9024,0.50092,-0.86549,0.0625109226557122,0.9055096310498405,5.709343951206866e-16,0.09449036895015879,2.0353708295307934e-58,0.0,0.0,-0.0,0.0,0.0,0.0,0.0,0.0,-0.0
-1.0,0.0,0.8,0.4,-0.4,-0.1,-0.41521,0.91521,0.48675,-0.87354,0.5413743802389411,0.17931431152292326,0.0,0.82068568847706,2.59090719061901e-30,0.0,0.0,1.7828279526579607e-14,0.0,0.0,0.0,0.0,0.0,-0.0
-1.0,0.0,0.8,0.5,-0.375,-0.125,-0.42869,0.92869,0.47301,-0.88106,0.6545426485277224,0.004637184112805438,0.0,0.9953628158871302,-1.4307461732330273e-30,0.0,0.0,6.842601219077898e-14,0.0,0.0,0.0,0.0,0.0,-0.0
-1.0,0.0,0.8,0.6,-0.35,-0.15,-0.44282,0.94282,0.4597,-0.88807,0.6553527848700161,9.307610366846646e-05,0.0,0.9999069238961397,-1.6925800485159197e-29,0.0,0.0,2.0383440750364687e-13,0.0,0.0,0.0,0.0,0.0,-0.0
-1.0,0.0,0.8,0.7,-0.325,-0.175,-0.45755,0.95755,0.44684,-0.89461,0.6531342484427648,1.751563480315263e-06,0.0,0.9999982484359838,8.088212985235108e-29,0.0,0.0,5.692952914556118e-13,0.0,0.0,0.0,0.0,0.0,-0.0
-1.0,0.0,0.8,0.8,-0.3,-0.2,-0.47284,0.97284,0.43443,-0.90071,0.650787640704231,3.116406928738204e-08,0.0,0.9999999688345159,1.950578668277047e-28,0.0,-0.0,1.5032744665578783e-12,0.0,0.0,0.0,0.0,0.0,-0.0
-1.0,0.0,0.8,0.9,-0.275,-0.225,-0.48866,0.98866,0.42246,-0.90638,0.6484334982497723,0.0,-1.0905213153775267e-26,0.9999999955863005,1.550963648536927e-25,-5.258526894315312e-10,-3.5846416551178105e-10,1.1593828951958807e-09,0.0,0.0,0.0,0.0,0.0,4.20682151545225e-09
-1.0,0.0,0.9,-1.0,-0.75,0.25,-0.3864,0.8864,-0.70711,0.70711,1.0445794592995764e-16,0.9999999999999998,3.7200759760208356e-44,1.618276166442214e-16,8.55167094117958e-72,0.0,-0.0,-0.0,0.0,0.0,0.0,0.0,0.0,-0.0
-1.0,0.0,0.9,-0.9,-0.725,0.225,-0.38689,0.88689,0.69309,-0.72085,1.3463242171310777e-15,0.9999999999999979,5.5210822770285216e-42,2.0704715741084854e-15,9.919887718937674e-71,0.0,-0.0,-0.0,0.0,0.0,0.0,0.0,0.0,-0.0
-1.0,0.0,0.9,-0.8,-0.7,0.2,-0.38836,0.88836,0.67885,-0.73428,1.9118828775188085e-14,0.9999999999999708,8.194012623990277e-40,2.9217749813190457e-14,1.0432818990035783e-69,0.0,-0.0,-0.0,0.0,0.0,0.0,0.0,0.0,-0.0
-1.0,0.0,0.9,-0.7,-0.675,0.175,-0.3908,0.8908,0.66444,-0.74734,2.9886147322493856e-13,0.9999999999995457,1.2160992992522733e-37,4.5430846011918773e-13,9.957951886731836e-69,0.0,-0.0,-0.0,0.0,0.0,0.0,0.0,0.0,-0.0
-1.0,0.0,0.9,-0.6,-0.65,0.15,-0.3942,0.8942,0.64991,-0.76001,5.137448452354191e-12,0.9999999999922241,1.804851387831381e-35,7.7758370848849e-12,8.634677160557512e-68,0.0,-0.0,-0.0,0.0,0.0,0.0,0.0,0.0,-0.0
-1.0,0.0,0.9,-0.5,-0.625,0.125,-0.39856,0.89856,0.63532,-0.77225,9.712156211532642e-11,0.9999999998535006,2.678636961415659e-33,1.4649936819446443e-10,6.801894868213236e-67,0.0,-0.0,-0.0,0.0,0.0,0.0,0.0,0.0,-0.0
-1.0,0.0,0.9,-0.4,-0.6,0.1,-0.40383,0.90383,0.62072,-0.78403,2.009244094260238e-09,0.9999999969769513,3.975449723890669e-31,3.0230487254877117e-09,4.892072973329509e-66,0.0,-0.0,-0.0,0.0,0.0,0.0,0.0,0.0,-0.0
-1.0,0.0,0.9,-0.3,-0.575,0.075,-0.41002,0.91002,0.60616,-0.79534,4.55356880813313e-08,0.9999999316073223,5.900090138074113e-29,6.839267775643796e-08,3.209229817852048e-65,0.0,-0.0,-0.0,0.0,0.0,0.0,0.0,0.0,-0.0
-1.0,0.0,0.9,-0.2,-0.55,0.05,-0.41708,0.91708,0.59169,-0.80617,1.1249276127425125e-06,0.999998312059967,8.756495982231454e-27,1.6879400329224019e-06,1.9298538288036178e-64,0.0,-0.0,-0.0,0.0,0.0,0.0,0.0,0.0,-0.0
-1.0,0.0,0.9,-0.1,-0.525,0.025,-0.425,0.925,0.57735,-0.8165,3.0265046333408494e-05,0.9999546021312975,1.2995224267806023e-24,4.539786870243439e-05,1.0648303170199046e-63,0.0,0.0,-0.0,0.0,0.0,0.0,0.0,0.0,-0.0
-1.0,0.0,0.9,-0.0,-0.5,0.0,-0.43374,0.93374,0.56319,-0.82633,0.0008822028232387817,0.9986763001898583,1.9261967621563573e-22,0.001323699810141626,5.406145067069354e-63,0.0,0.0,-0.0,0.0,0.0,0.0,0.0,0.0,-0.0
-1.0,0.0,0.9,0.1,-0.475,-0.025,-0.44327,0.94327,0.54924,-0.83566,0.02676636130540396,0.9598054811185632,2.7474610234150374e-20,0.040194518881436804,2.440617611504321e-62,0.0,0.0,-0.0,0.0,0.0,0.0,0.0,0.0,-0.0
-1.0,0.0,0.9,0.2,-0.45,-0.05,-0.45356,0.95356,0.53554,-0.84451,0.39109167644138365,0.4119281968435014,1.7500169079346805e-18,0.5880718031564985,4.560213950084073e-62,0.0,0.0,-0.0,0.0,0.0,0.0,0.0,0.0,-0.0
-1.0,0.0,0.9,0.3,-0.425,-0.075,-0.46458,0.96458,0.52211,-0.85288,0.6514481725624683,0.018743258468625866,1.1817843311029994e-17,0.981256741531374,8.397547669063818e-63,0.0,0.0,-0.0,0.0,0.0,0.0,0.0,0.0,-0.0
-1.0,0.0,0.9,0.4,-0.4,-0.1,-0.47629,0.97629,0.50897,-0.86078,0.6621997771588087,0.0004859105382752658,4.54696761376612e-17,0.9995140894617246,8.223204072715983e-64,0.0,0.0,-0.0,0.0,0.0,0.0,0.0,0.0,-0.0
-1.0,0.0,0.9,0.5,-0.375,-0.125,-0.48866,0.98866,0.49615,-0.86824,0.6609307993613035,1.1582542126166577e-05,1.6085769486178246e-16,0.9999884174578737,6.931106454517259e-65,0.0,0.0,-0.0,0.0,0.0,0.0,0.0,0.0,-0.0
-1.0,0.0,0.9,0.6,-0.35,-0.15,-0.50166,1.00166,0.48366,-0.87526,0.6592073142398804,2.591133414711299e-07,5.340724023953784e-16,0.999999740886658,5.148039067083509e-66,0.0,0.0,-0.0,0.0,0.0,0.0,0.0,0.0,-0.0
-1.0,0.0,0.9,0.7,-0.325,-0.175,-0.51526,1.01526,0.47151,-0.88186,0.6573601098976432,0.0,1.6699211156979781e-15,0.9999999574073483,8.271806125530277e-25,-5.459001139226733e-09,-2.662387072602622e-09,7.48210620589785e-09,0.0,0.0,0.0,0.0,0.0,4.3672009113813873e-08
-1.0,0.0,0.9,0.8,-0.3,-0.2,-0.52942,1.02942,0.4597,-0.88807,0.6554137876667645,0.0,4.937091510723123e-15,0.9999999991378247,-1.2924697071141057e-26,-1.0874667728705818e-10,-5.827677345297846e-11,1.6916563013371912e-10,0.0,0.0,0.0,0.0,0.0,8.699734182964657e-10
-1.0,0.0,0.9,0.9,-0.275,-0.225,-0.54412,1.04412,0.44825,-0.89391,0.6533831264339071,0.0,-2.3192510613497747e-28,0.9999999999834461,-4.0389678347315804e-28,-2.052423142666141e-12,-1.1938717986122816e-12,3.592156246708229e-12,0.0,0.0,0.0,0.0,0.0,1.641938514132913e-11
