j1,j4,j2,j3,Eigenvalue1,Eigenvalue2,e3,e4,First Eigenvector Comp 1,First Eigenvector Comp 2,concur_fin,density_fin_1,density_fin_2,density_fin_3,density_fin_4,density_fin_5,density_fin_6,density_fin_7,density_fin_8,density_fin_9,density_fin_10,density_fin_11,density_fin_12
1.0,0.0,-1.0,-1.0,-1.25,0.75,0.25,0.25,-0.0,1.0,0.6666666666666666,1.0,1.3838965267367376e-87,7.175095973164411e-66,7.175095973164411e-66,0.0,-0.0,-0.0,0.0,0.0,0.0,0.0,0.0
1.0,0.0,-1.0,-0.9,-1.20096,0.75096,0.225,0.225,0.02219,0.99975,0.6665832968808585,1.0,1.6950850295388813e-85,1.1785392709103389e-62,1.1785392709103389e-62,0.0,-0.0,-0.0,-0.0,0.0,0.0,0.0,0.0
1.0,0.0,-1.0,-0.8,-1.15394,0.75394,0.2,0.2,0.04544,0.99897,0.666322714884509,1.0,1.3861951871275664e-83,1.5817320592666314e-59,1.5817320592666314e-59,0.0,-0.0,-0.0,-0.0,0.0,0.0,0.0,0.0
1.0,0.0,-1.0,-0.7,-1.10908,0.75908,0.175,0.175,0.06971,0.99757,0.6658532275143525,1.0,7.359394243723658e-82,1.7104649047162247e-56,1.7104649047162247e-56,0.0,-0.0,-0.0,-0.0,0.0,0.0,0.0,0.0
1.0,0.0,-1.0,-0.6,-1.06652,0.76652,0.15,0.15,0.09492,0.99548,0.6651481167987624,1.0,2.466518000168336e-80,1.469628912850419e-53,1.469628912850419e-53,0.0,-0.0,-0.0,-0.0,0.0,0.0,0.0,0.0
1.0,0.0,-1.0,-0.5,-1.02639,0.77639,0.125,0.125,0.12098,0.99265,0.6641853017616678,1.0,5.084630420524174e-79,9.903019817479267e-51,9.903019817479267e-51,0.0,-0.0,-0.0,-0.0,0.0,0.0,0.0,0.0
1.0,0.0,-1.0,-0.4,-0.98882,0.78882,0.1,0.1,0.14778,0.98902,0.6629368328008263,1.0,6.281678699113817e-78,5.1659264833865326e-48,5.1659264833865326e-48,0.0,-0.0,-0.0,-0.0,0.0,0.0,0.0,0.0
1.0,0.0,-1.0,-0.3,-0.95392,0.80392,0.075,0.075,0.17514,0.98454,0.6613752823642564,1.0,4.549658433304213e-77,2.063346511273977e-45,2.063346511273977e-45,0.0,-0.0,-0.0,-0.0,0.0,0.0,0.0,0.0
1.0,0.0,-1.0,-0.2,-0.92178,0.82178,0.05,0.05,0.2029,0.9792,0.6594842915272897,1.0,1.8973668708709334e-76,6.253610636256894e-43,6.253610636256894e-43,0.0,-0.0,-0.0,-0.0,0.0,0.0,0.0,0.0
1.0,0.0,-1.0,-0.1,-0.89247,0.84247,0.025,0.025,0.23086,0.97299,0.6572450358180554,1.0,4.492759349950277e-76,1.428184018001496e-40,1.428184018001496e-40,0.0,-0.0,-0.0,-0.0,0.0,0.0,0.0,0.0
1.0,0.0,-1.0,-0.0,-0.86603,0.86603,0.0,0.0,0.25882,0.96593,0.6546474109465201,1.0,5.992250598664876e-76,2.447907391766461e-38,2.447907391766461e-38,0.0,-0.0,-0.0,-0.0,0.0,0.0,0.0,0.0
1.0,0.0,-1.0,0.1,-0.84247,0.89247,-0.025,-0.025,-0.28656,-0.95806,0.6516875698234187,1.0,4.492759349950278e-76,3.145784642119957e-36,3.145784642119957e-36,0.0,-0.0,-0.0,-0.0,0.0,0.0,0.0,0.0
1.0,0.0,-1.0,0.2,-0.82178,0.92178,-0.05,-0.05,-0.31388,-0.94946,0.6483769439290146,1.0,1.897366870870933e-76,3.034034226356319e-34,3.034034226356319e-34,0.0,-0.0,-0.0,-0.0,0.0,0.0,0.0,0.0
1.0,0.0,-1.0,0.3,-0.80392,0.95392,-0.075,-0.075,-0.3406,-0.94021,0.6447286505714575,1.0,4.549658433304214e-77,2.204990004560653e-32,2.204990004560653e-32,0.0,-0.0,-0.0,-0.0,0.0,0.0,0.0,0.0
1.0,0.0,-1.0,0.4,-0.78882,0.98882,-0.1,-0.1,-0.36653,-0.93041,0.6407662559130011,1.0,6.281678699113818e-78,1.2159829837523845e-30,1.2159829837523845e-30,0.0,-0.0,-0.0,-0.0,0.0,0.0,0.0,0.0
1.0,0.0,-1.0,0.5,-0.77639,1.02639,-0.125,-0.125,-0.39155,-0.92016,0.6365168805403857,1.0,5.084630420524173e-79,5.13442415973921e-29,5.13442415973921e-29,0.0,-0.0,-0.0,-0.0,0.0,0.0,0.0,0.0
1.0,0.0,-1.0,0.6,-0.76652,1.06652,-0.15,-0.15,-0.41554,-0.90958,0.6320201899532798,1.0,2.466518000168336e-80,1.678327078761945e-27,1.678327078761945e-27,0.0,-0.0,-0.0,-0.0,0.0,0.0,0.0,0.0
1.0,0.0,-1.0,0.7,-0.75908,1.10908,-0.175,-0.175,-0.43842,-0.89877,0.627312056440959,1.0,7.359394243723658e-82,4.30256956657326e-26,4.30256956657326e-26,0.0,-0.0,-0.0,-0.0,0.0,0.0,0.0,0.0
1.0,0.0,-1.0,0.8,-0.75394,1.15394,-0.2,-0.2,-0.46013,-0.88785,0.6224416540913243,1.0,1.3861951871275662e-83,8.763780053685416e-25,8.763780053685416e-25,0.0,-0.0,-0.0,-0.0,0.0,0.0,0.0,0.0
1.0,0.0,-1.0,0.9,-0.75096,1.20096,-0.225,-0.225,-0.48066,-0.87691,0.6174493803255396,1.0,1.6950850295388813e-85,1.4382932087019442e-23,1.4382932087019442e-23,0.0,-0.0,-0.0,-0.0,0.0,0.0,0.0,0.0
1.0,0.0,-0.9,-1.0,-1.20096,0.75096,0.225,0.225,-0.02219,0.99975,0.6665832968808585,1.0,1.6950850295388813e-85,1.1785392709103389e-62,1.1785392709103389e-62,0.0,-0.0,-0.0,-0.0,0.0,0.0,0.0,0.0
1.0,0.0,-0.9,-0.9,-1.15,0.75,0.2,0.2,-0.0,1.0,0.6666666666666666,1.0,3.0482349509719e-83,2.3455513385429475e-59,2.3455513385429475e-59,0.0,-0.0,-0.0,0.0,0.0,0.0,0.0,0.0
1.0,0.0,-0.9,-0.8,-1.10101,0.75101,0.175,0.175,0.02339,0.99973,0.6665766241490465,1.0,3.6965225727560936e-81,3.8334501021460507e-56,3.8334501021460507e-56,0.0,-0.0,-0.0,-0.0,0.0,0.0,0.0,0.0
1.0,0.0,-0.9,-0.7,-1.05416,0.75416,0.15,0.15,0.04795,0.99885,0.6662825624449187,1.0,2.9218656881006043e-79,5.05819615525205e-53,5.05819615525205e-53,0.0,-0.0,-0.0,-0.0,0.0,0.0,0.0,0.0
1.0,0.0,-0.9,-0.6,-1.00959,0.75959,0.125,0.125,0.07363,0.99729,0.6657590567258311,1.0,1.4638239572687225e-77,5.313520711381474e-50,5.313520711381474e-50,0.0,-0.0,-0.0,-0.0,0.0,0.0,0.0,0.0
1.0,0.0,-0.9,-0.5,-0.96747,0.76747,0.1,0.1,0.10034,0.99495,0.6649685050186166,1.0,4.492759349950278e-76,4.3688480521027893e-47,4.3688480521027893e-47,0.0,-0.0,-0.0,-0.0,0.0,0.0,0.0,0.0
1.0,0.0,-0.9,-0.4,-0.92794,0.77794,0.075,0.075,0.12797,0.99178,0.6638874589840768,1.0,8.214344658613322e-75,2.772485171311285e-44,2.772485171311285e-44,0.0,-0.0,-0.0,-0.0,0.0,0.0,0.0,0.0
1.0,0.0,-0.9,-0.3,-0.89113,0.79113,0.05,0.05,0.15636,0.9877,0.6624791066859452,1.0,8.717189505542383e-74,1.3404277946548282e-41,1.3404277946548282e-41,0.0,-0.0,-0.0,-0.0,0.0,0.0,0.0,0.0
1.0,0.0,-0.9,-0.2,-0.85717,0.80717,0.025,0.025,0.18533,0.98268,0.6607202712177458,1.0,5.231571906030181e-73,4.873530517819287e-39,4.873530517819287e-39,0.0,-0.0,-0.0,-0.0,0.0,0.0,0.0,0.0
1.0,0.0,-0.9,-0.1,-0.82614,0.82614,0.0,0.0,0.21466,0.97669,0.6585843907768157,1.0,1.7473960276216632e-72,1.321891080090059e-36,1.321891080090059e-36,0.0,-0.0,-0.0,-0.0,0.0,0.0,0.0,0.0
1.0,0.0,-0.9,-0.0,-0.7981,0.8481,-0.025,-0.025,-0.24412,-0.96975,0.6560597360544272,1.0,3.2095370179497236e-72,2.6588485730299595e-34,2.6588485730299595e-34,0.0,-0.0,-0.0,-0.0,0.0,0.0,0.0,0.0
1.0,0.0,-0.9,0.1,-0.7731,0.8731,-0.05,-0.05,-0.27346,-0.96188,0.6531326322907549,1.0,3.209537017949678e-72,3.9460811629875416e-32,3.9460811629875416e-32,0.0,-0.0,-0.0,-0.0,0.0,0.0,0.0,0.0
1.0,0.0,-0.9,0.2,-0.75114,0.90114,-0.075,-0.075,-0.30244,-0.95317,0.649814819050007,1.0,1.7473960276216135e-72,4.321284905330264e-30,4.321284905330264e-30,0.0,-0.0,-0.0,-0.0,0.0,0.0,0.0,0.0
1.0,0.0,-0.9,0.3,-0.73217,0.93217,-0.1,-0.1,-0.33084,-0.94369,0.6461117365085847,1.0,5.231571906030181e-73,3.509180743532558e-28,3.509180743532558e-28,0.0,-0.0,-0.0,-0.0,0.0,0.0,0.0,0.0
1.0,0.0,-0.9,0.4,-0.71613,0.96613,-0.125,-0.125,-0.35844,-0.93355,0.6420466168778058,1.0,8.717189505542383e-74,2.1259365141773826e-26,2.1259365141773826e-26,0.0,-0.0,-0.0,-0.0,0.0,0.0,0.0,0.0
1.0,0.0,-0.9,0.5,-0.70294,1.00294,-0.15,-0.15,-0.38506,-0.92289,0.6376590448785391,1.0,8.214344658613322e-75,9.685474847744643e-25,9.685474847744643e-25,0.0,-0.0,-0.0,-0.0,0.0,0.0,0.0,0.0
1.0,0.0,-0.9,0.6,-0.69247,1.04247,-0.175,-0.175,-0.41058,-0.91182,0.6329814900531189,1.0,4.492759349950277e-76,3.3617347616964946e-23,3.3617347616964946e-23,0.0,-0.0,-0.0,-0.0,0.0,0.0,0.0,0.0
1.0,0.0,-0.9,0.7,-0.68459,1.08459,-0.2,-0.2,-0.43488,-0.90049,0.6280687706489908,1.0,1.4638239572687432e-77,9.005829103672005e-22,9.005829103672005e-22,0.0,-0.0,-0.0,-0.0,0.0,0.0,0.0,0.0
1.0,0.0,-0.9,0.8,-0.67916,1.12916,-0.225,-0.225,-0.4579,-0.889,0.6229599089934369,1.0,2.921865688100604e-79,1.8883470314834192e-20,1.8883470314834192e-20,0.0,-0.0,-0.0,-0.0,0.0,0.0,0.0,0.0
1.0,0.0,-0.9,0.9,-0.67601,1.17601,-0.25,-0.25,-0.47961,-0.87748,0.6177122449007935,1.0,3.6965225727560936e-81,3.1522508930819483e-19,3.1522508930819483e-19,0.0,-0.0,-0.0,-0.0,0.0,0.0,0.0,0.0
1.0,0.0,-0.8,-1.0,-1.15394,0.75394,0.2,0.2,-0.04544,0.99897,0.666322714884509,1.0,1.3861951871275664e-83,1.5817320592666314e-59,1.5817320592666314e-59,0.0,-0.0,-0.0,-0.0,0.0,0.0,0.0,0.0
1.0,0.0,-0.8,-0.9,-1.10101,0.75101,0.175,0.175,-0.02339,0.99973,0.6665766241490465,1.0,3.6965225727560936e-81,3.8334501021460507e-56,3.8334501021460507e-56,0.0,-0.0,-0.0,-0.0,0.0,0.0,0.0,0.0
1.0,0.0,-0.8,-0.8,-1.05,0.75,0.15,0.15,-0.0,1.0,0.6666666666666666,1.0,6.714184288211592e-79,7.667648073722e-53,7.667648073722e-53,0.0,-0.0,-0.0,0.0,0.0,0.0,0.0,0.0
1.0,0.0,-0.8,-0.7,-1.00107,0.75107,0.125,0.125,0.02472,0.99969,0.6665632772861695,1.0,8.04501110288953e-77,1.2456650409145482e-49,1.2456650409145482e-49,0.0,-0.0,-0.0,-0.0,0.0,0.0,0.0,0.0
1.0,0.0,-0.8,-0.6,-0.9544,0.7544,0.1,0.1,0.05075,0.99871,0.6662356967460268,1.0,6.134214134693227e-75,1.6143207463820127e-46,1.6143207463820127e-46,0.0,-0.0,-0.0,-0.0,0.0,0.0,0.0,0.0
1.0,0.0,-0.8,-0.5,-0.91016,0.76016,0.075,0.075,0.07801,0.99695,0.6656445841611746,1.0,2.876895578291382e-73,1.6407590969540338e-43,1.6407590969540338e-43,0.0,-0.0,-0.0,-0.0,0.0,0.0,0.0,0.0
1.0,0.0,-0.8,-0.4,-0.86854,0.76854,0.05,0.05,0.10641,0.99432,0.6647545820762001,1.0,7.98948814338295e-72,1.2832600059287936e-40,1.2832600059287936e-40,0.0,-0.0,-0.0,-0.0,0.0,0.0,0.0,0.0
1.0,0.0,-0.8,-0.3,-0.82967,0.77967,0.025,0.025,0.13579,0.99074,0.6635302766161638,1.0,1.2801234384657353e-70,7.623484386660406e-38,7.623484386660406e-38,0.0,-0.0,-0.0,-0.0,0.0,0.0,0.0,0.0
1.0,0.0,-0.8,-0.2,-0.79373,0.79373,0.0,0.0,0.16597,0.98613,0.6619321055082346,1.0,1.1415322245448728e-69,3.3786568700370757e-35,3.3786568700370757e-35,0.0,-0.0,-0.0,-0.0,0.0,0.0,0.0,0.0
1.0,0.0,-0.8,-0.1,-0.76081,0.81081,-0.025,-0.025,-0.19671,-0.98046,0.6599333740469662,1.0,5.564301257180851e-69,1.1070767422057696e-32,1.1070767422057696e-32,0.0,-0.0,-0.0,-0.0,0.0,0.0,0.0,0.0
1.0,0.0,-0.8,-0.0,-0.73102,0.83102,-0.05,-0.05,-0.22775,-0.97372,0.6575104912939427,1.0,1.4503230483667614e-68,2.6526331543735416e-30,2.6526331543735416e-30,0.0,-0.0,-0.0,-0.0,0.0,0.0,0.0,0.0
1.0,0.0,-0.8,0.1,-0.70442,0.85442,-0.075,-0.075,-0.25882,-0.96593,0.6546474109465201,1.0,1.9972801371622148e-68,4.619944092515341e-28,4.619944092515341e-28,0.0,-0.0,-0.0,-0.0,0.0,0.0,0.0,0.0
1.0,0.0,-0.8,0.2,-0.68102,0.88102,-0.1,-0.1,-0.28962,-0.95714,0.6513371918153494,1.0,1.4503230483667614e-68,5.842813344097989e-26,5.842813344097989e-26,0.0,-0.0,-0.0,-0.0,0.0,0.0,0.0,0.0
1.0,0.0,-0.8,0.3,-0.66081,0.91081,-0.125,-0.125,-0.31988,-0.94746,0.6475957520990355,1.0,5.56430125718085e-69,5.371151039658963e-24,5.371151039658963e-24,0.0,-0.0,-0.0,-0.0,0.0,0.0,0.0,0.0
1.0,0.0,-0.8,0.4,-0.64373,0.94373,-0.15,-0.15,-0.34934,-0.937,0.6434416894998679,1.0,1.1415322245448891e-69,3.6105930761344206e-22,3.6105930761344206e-22,0.0,-0.0,-0.0,-0.0,0.0,0.0,0.0,0.0
1.0,0.0,-0.8,0.5,-0.62967,0.97967,-0.175,-0.175,-0.37777,-0.9259,0.6389096436011632,1.0,1.2801234384657445e-70,1.794455906581928e-20,1.794455906581928e-20,0.0,-0.0,-0.0,-0.0,0.0,0.0,0.0,0.0
1.0,0.0,-0.8,0.6,-0.61854,1.01854,-0.2,-0.2,-0.40501,-0.91431,0.6340442615596382,1.0,7.98948814338295e-72,6.653325247353696e-19,6.653325247353696e-19,0.0,-0.0,-0.0,-0.0,0.0,0.0,0.0,0.0
1.0,0.0,-0.8,0.7,-0.61016,1.06016,-0.225,-0.225,-0.43092,-0.90239,0.6289013500302578,1.0,2.876895578291341e-73,1.8737590136287887e-17,1.8737590136287887e-17,0.0,-0.0,-0.0,-0.0,0.0,0.0,0.0,0.0
1.0,0.0,-0.8,0.8,-0.6044,1.1044,-0.25,-0.25,-0.45541,-0.89028,0.6235352769558795,0.9999999999999992,6.134214134693179e-75,4.060724832716376e-16,4.060724832716376e-16,0.0,-0.0,-0.0,-0.0,0.0,0.0,0.0,0.0
1.0,0.0,-0.8,0.9,-0.60107,1.15107,-0.275,-0.275,-0.47844,-0.87812,0.6180070322830021,0.9999999999999862,8.045011102889304e-77,6.90175960914741e-15,6.90175960914741e-15,0.0,-0.0,-0.0,-0.0,0.0,0.0,0.0,0.0
1.0,0.0,-0.7,-1.0,-1.10908,0.75908,0.175,0.175,-0.06971,0.99757,0.6658532275143525,1.0,7.359394243723658e-82,1.7104649047162247e-56,1.7104649047162247e-56,0.0,-0.0,-0.0,-0.0,0.0,0.0,0.0,0.0
1.0,0.0,-0.7,-0.9,-1.05416,0.75416,0.15,0.15,-0.04795,0.99885,0.6662825624449187,1.0,2.9218656881006043e-79,5.05819615525205e-53,5.05819615525205e-53,0.0,-0.0,-0.0,-0.0,0.0,0.0,0.0,0.0
1.0,0.0,-0.7,-0.8,-1.00107,0.75107,0.125,0.125,-0.02472,0.99969,0.6665632772861695,1.0,8.04501110288953e-77,1.2456650409145482e-49,1.2456650409145482e-49,0.0,-0.0,-0.0,-0.0,0.0,0.0,0.0,0.0
1.0,0.0,-0.7,-0.7,-0.95,0.75,0.1,0.1,-0.0,1.0,0.6666666666666666,1.0,1.4788975056432133e-74,2.506567475899953e-46,2.506567475899953e-46,0.0,-0.0,-0.0,0.0,0.0,0.0,0.0,0.0
1.0,0.0,-0.7,-0.6,-0.90114,0.75114,0.075,0.075,0.02622,0.99966,0.6665532659147357,1.0,1.7473960276216135e-72,4.043695488502082e-43,4.043695488502082e-43,0.0,-0.0,-0.0,-0.0,0.0,0.0,0.0,0.0
1.0,0.0,-0.7,-0.5,-0.85467,0.75467,0.05,0.05,0.05389,0.99855,0.6661821080171997,1.0,1.2801234384657353e-70,5.136663374567339e-40,5.136663374567339e-40,0.0,-0.0,-0.0,-0.0,0.0,0.0,0.0,0.0
1.0,0.0,-0.7,-0.4,-0.81081,0.76081,0.025,0.025,0.08294,0.99655,0.665509738907425,1.0,5.56430125718085e-69,5.0261206337822495e-37,5.0261206337822495e-37,0.0,-0.0,-0.0,-0.0,0.0,0.0,0.0,0.0
1.0,0.0,-0.7,-0.3,-0.76974,0.76974,0.0,0.0,0.11324,0.99357,0.6644993147695535,1.0,1.3843091833237363e-67,3.7206305693037256e-34,3.7206305693037256e-34,0.0,-0.0,-0.0,-0.0,0.0,0.0,0.0,0.0
1.0,0.0,-0.7,-0.2,-0.73164,0.78164,-0.025,-0.025,-0.14459,-0.98949,0.6630993307929346,1.0,1.901448829841962e-66,2.0465140510411805e-31,2.0465140510411805e-31,0.0,-0.0,-0.0,-0.0,0.0,0.0,0.0,0.0
1.0,0.0,-0.7,-0.1,-0.69666,0.79666,-0.05,-0.05,-0.17676,-0.98425,0.6612734144398965,1.0,1.3993824674237038e-65,8.239730992336192e-29,8.239730992336192e-29,0.0,-0.0,-0.0,-0.0,0.0,0.0,0.0,0.0
1.0,0.0,-0.7,-0.0,-0.66493,0.81493,-0.075,-0.075,-0.20947,-0.97782,0.6589903972997488,1.0,5.376464729009642e-65,2.396986726392642e-26,2.396986726392642e-26,0.0,-0.0,-0.0,-0.0,0.0,0.0,0.0,0.0
1.0,0.0,-0.7,0.1,-0.63655,0.83655,-0.1,-0.1,-0.24239,-0.97018,0.6562177111136229,1.0,1.0570118857473112e-64,4.988035933877525e-24,4.988035933877525e-24,0.0,-0.0,-0.0,-0.0,0.0,0.0,0.0,0.0
1.0,0.0,-0.7,0.2,-0.61155,0.86155,-0.125,-0.125,-0.27518,-0.96139,0.6529481534774632,1.0,1.0570118857473037e-64,7.402901706639292e-22,7.402901706639292e-22,0.0,-0.0,-0.0,-0.0,0.0,0.0,0.0,0.0
1.0,0.0,-0.7,0.3,-0.58993,0.88993,-0.15,-0.15,-0.3075,-0.95155,0.6491887602241231,1.0,5.376464729009719e-65,7.835791250162602e-20,7.835791250162602e-20,0.0,-0.0,-0.0,-0.0,0.0,0.0,0.0,0.0
1.0,0.0,-0.7,0.4,-0.57166,0.92166,-0.175,-0.175,-0.33905,-0.94077,0.6449520696996612,1.0,1.399382467423704e-65,5.933010006703062e-18,5.933010006703062e-18,0.0,-0.0,-0.0,-0.0,0.0,0.0,0.0,0.0
1.0,0.0,-0.7,0.5,-0.55664,0.95664,-0.2,-0.2,-0.36953,-0.92922,0.6402783862550212,0.9999999999999993,1.9014488298419337e-66,3.2457988152997183e-16,3.2457988152997183e-16,0.0,-0.0,-0.0,-0.0,0.0,0.0,0.0,0.0
1.0,0.0,-0.7,0.6,-0.54474,0.99474,-0.225,-0.225,-0.39872,-0.91707,0.6352150839581766,0.999999999999974,1.3843091833236905e-67,1.2997751681281712e-14,1.2997751681281712e-14,0.0,-0.0,-0.0,-0.0,0.0,0.0,0.0,0.0
1.0,0.0,-0.7,0.7,-0.53581,1.03581,-0.25,-0.25,-0.42645,-0.90451,0.6298261976751278,0.9999999999978081,-2.524354896707238e-29,0.0,1.0097419586828951e-28,0.0,1.1600928701327453e-12,1.1476438932776195e-12,-1.1585579683117298e-13,0.0,0.0,0.0,0.0
1.0,0.0,-0.7,0.8,-0.52967,1.07967,-0.275,-0.275,-0.4526,-0.89171,0.6241762320981381,0.9999999999344026,2.4233807008389483e-27,4.8467614016778965e-27,1.6155871338926322e-27,-8.077935669463161e-28,2.6114744086475018e-11,4.219675805411412e-11,-2.7142688446321573e-12,0.0,0.0,0.0,0.0
1.0,0.0,-0.7,0.9,-0.52614,1.12614,-0.3,-0.3,-0.47712,-0.87884,0.6183382126189123,0.9999999980107048,1.2924697071141057e-26,0.0,0.0,1.2924697071141057e-26,4.5282243008628224e-10,1.5852314805121798e-09,-4.875322061530124e-11,0.0,0.0,0.0,0.0
1.0,0.0,-0.6,-1.0,-1.06652,0.76652,0.15,0.15,-0.09492,0.99548,0.6651481167987624,1.0,2.466518000168336e-80,1.469628912850419e-53,1.469628912850419e-53,0.0,-0.0,-0.0,-0.0,0.0,0.0,0.0,0.0
1.0,0.0,-0.6,-0.9,-1.00959,0.75959,0.125,0.125,-0.07363,0.99729,0.6657590567258311,1.0,1.4638239572687225e-77,5.313520711381474e-50,5.313520711381474e-50,0.0,-0.0,-0.0,-0.0,0.0,0.0,0.0,0.0
1.0,0.0,-0.6,-0.8,-0.9544,0.7544,0.1,0.1,-0.05075,0.99871,0.6662356967460268,1.0,6.134214134693227e-75,1.6143207463820127e-46,1.6143207463820127e-46,0.0,-0.0,-0.0,-0.0,0.0,0.0,0.0,0.0
1.0,0.0,-0.6,-0.7,-0.90114,0.75114,0.075,0.075,-0.02622,0.99966,0.6665532659147357,1.0,1.7473960276216135e-72,4.043695488502082e-43,4.043695488502082e-43,0.0,-0.0,-0.0,-0.0,0.0,0.0,0.0,0.0
1.0,0.0,-0.6,-0.6,-0.85,0.75,0.05,0.05,-0.0,1.0,0.6666666666666666,1.0,3.257488532207521e-70,8.194012623990516e-40,8.194012623990516e-40,0.0,-0.0,-0.0,0.0,0.0,0.0,0.0,0.0
1.0,0.0,-0.6,-0.5,-0.80121,0.75121,0.025,0.025,0.0279,0.99961,0.6665365779639059,1.0,3.795386778585296e-68,1.3126701534248372e-36,1.3126701534248372e-36,0.0,-0.0,-0.0,-0.0,0.0,0.0,0.0,0.0
1.0,0.0,-0.6,-0.4,-0.75498,0.75498,0.0,0.0,0.05745,0.99835,0.666115080224479,1.0,2.650149722893047e-66,1.6279280459814698e-33,1.6279280459814698e-33,0.0,-0.0,-0.0,-0.0,0.0,0.0,0.0,0.0
1.0,0.0,-0.6,-0.3,-0.71155,0.76155,-0.025,-0.025,-0.08853,-0.99607,0.6653476798478761,1.0,1.0570118857473187e-64,1.5258517669196156e-30,1.5258517669196156e-30,0.0,-0.0,-0.0,-0.0,0.0,0.0,0.0,0.0
1.0,0.0,-0.6,-0.2,-0.67111,0.77111,-0.05,-0.05,-0.12098,-0.99265,0.6641853017616678,1.0,2.3183618998216362e-63,1.0605604669973216e-27,1.0605604669973216e-27,0.0,-0.0,-0.0,-0.0,0.0,0.0,0.0,0.0
1.0,0.0,-0.6,-0.1,-0.63387,0.78387,-0.075,-0.075,-0.15457,-0.98798,0.6625763661719046,1.0,2.6812303248898085e-62,5.352840340804825e-25,5.352840340804825e-25,0.0,-0.0,-0.0,-0.0,0.0,0.0,0.0,0.0
1.0,0.0,-0.6,-0.0,-0.6,0.8,-0.1,-0.1,-0.18898,-0.98198,0.6604727497453949,1.0,1.580420060273613e-61,1.928749847963918e-22,1.928749847963918e-22,0.0,-0.0,-0.0,-0.0,0.0,0.0,0.0,0.0
1.0,0.0,-0.6,0.1,-0.56962,0.81962,-0.125,-0.125,-0.22386,-0.97462,0.6578369513315726,1.0,4.635252492100904e-61,4.9022871419565546e-20,4.9022871419565546e-20,0.0,-0.0,-0.0,-0.0,0.0,0.0,0.0,0.0
1.0,0.0,-0.6,0.2,-0.54282,0.84282,-0.15,-0.15,-0.25882,-0.96593,0.6546474109465201,1.0,6.643843740842437e-61,8.710521596794732e-18,8.710521596794732e-18,0.0,-0.0,-0.0,-0.0,0.0,0.0,0.0,0.0
1.0,0.0,-0.6,0.3,-0.51962,0.86962,-0.175,-0.175,-0.29344,-0.95598,0.650894114060867,0.999999999999998,4.635252492100994e-61,1.0798006004862738e-15,1.0798006004862738e-15,0.0,-0.0,-0.0,-0.0,0.0,0.0,0.0,0.0
1.0,0.0,-0.6,0.4,-0.5,0.9,-0.2,-0.2,-0.32733,-0.94491,0.6465936105435506,0.9999999999997542,2.338502280214427e-14,-1.262177448353619e-29,-1.262177448353619e-29,-1.7566767614897627e-29,2.806912585732774e-13,-0.0,-5.846230808088617e-14,0.0,0.0,0.0,0.0
1.0,0.0,-0.6,0.5,-0.48387,0.93387,-0.225,-0.225,-0.36013,-0.9329,0.6417824042914883,0.9999999999766771,4.0389678347315804e-28,8.077935669463161e-27,8.077935669463161e-27,-4.0389678347315804e-28,1.7158609552404885e-11,7.691717376592457e-12,-1.527491960963079e-12,0.0,0.0,0.0,0.0
1.0,0.0,-0.6,0.6,-0.47111,0.97111,-0.25,-0.25,-0.39155,-0.92016,0.6365168798118999,0.9999999988555123,5.169878828456423e-26,-5.169878828456423e-26,-5.169878828456423e-26,0.0,7.48821069065592e-10,4.662578398217424e-10,-7.058739670952143e-11,0.0,0.0,0.0,0.0
1.0,0.0,-0.6,0.7,-0.46155,1.01155,-0.275,-0.275,-0.42137,-0.90689,0.6308592249599798,0.9999999568894757,-1.6543612251060553e-24,-3.308722450212111e-24,-1.6543612251060553e-24,-8.271806125530277e-25,2.373011146295855e-08,2.173129577759554e-08,-2.350824154787589e-09,0.0,0.0,0.0,0.0
1.0,0.0,-0.6,0.8,-0.45498,1.05498,-0.3,-0.3,-0.44942,-0.89332,0.6248955540770618,0.9999996281789665,2.650148737511582e-66,1.859105167344371e-07,1.859105167344371e-07,0.0,-0.0,-0.0,-0.0,0.0,0.0,0.0,0.0
1.0,0.0,-0.6,0.9,-0.45121,1.10121,-0.325,-0.325,-0.47564,-0.87964,0.6187059452542066,0.9999933961610787,3.795361714462392e-68,3.3019194605979582e-06,3.3019194605979582e-06,0.0,-0.0,-0.0,0.0,0.0,0.0,0.0,0.0
1.0,0.0,-0.5,-1.0,-1.02639,0.77639,0.125,0.125,-0.12098,0.99265,0.6641853017616678,1.0,5.084630420524174e-79,9.903019817479267e-51,9.903019817479267e-51,0.0,-0.0,-0.0,-0.0,0.0,0.0,0.0,0.0
1.0,0.0,-0.5,-0.9,-0.96747,0.76747,0.1,0.1,-0.10034,0.99495,0.6649685050186166,1.0,4.492759349950278e-76,4.3688480521027893e-47,4.3688480521027893e-47,0.0,-0.0,-0.0,-0.0,0.0,0.0,0.0,0.0
1.0,0.0,-0.5,-0.8,-0.91016,0.76016,0.075,0.075,-0.07801,0.99695,0.6656445841611746,1.0,2.876895578291382e-73,1.6407590969540338e-43,1.6407590969540338e-43,0.0,-0.0,-0.0,-0.0,0.0,0.0,0.0,0.0
1.0,0.0,-0.5,-0.7,-0.85467,0.75467,0.05,0.05,-0.05389,0.99855,0.6661821080171997,1.0,1.2801234384657353e-70,5.136663374567339e-40,5.136663374567339e-40,0.0,-0.0,-0.0,-0.0,0.0,0.0,0.0,0.0
1.0,0.0,-0.5,-0.6,-0.80121,0.75121,0.025,0.025,-0.0279,0.99961,0.6665365779639059,1.0,3.795386778585296e-68,1.3126701534248372e-36,1.3126701534248372e-36,0.0,-0.0,-0.0,-0.0,0.0,0.0,0.0,0.0
1.0,0.0,-0.5,-0.5,-0.75,0.75,0.0,0.0,-0.0,1.0,0.6666666666666666,1.0,7.175095973164411e-66,2.678636961808078e-33,2.678636961808078e-33,0.0,-0.0,-0.0,0.0,0.0,0.0,0.0,0.0
1.0,0.0,-0.5,-0.4,-0.70129,0.75129,-0.025,-0.025,-0.02982,-0.99956,0.6665198870986018,1.0,8.227201756750048e-64,4.256949354667392e-30,4.256949354667392e-30,0.0,-0.0,-0.0,-0.0,0.0,0.0,0.0,0.0
1.0,0.0,-0.5,-0.3,-0.65534,0.75534,-0.05,-0.05,-0.06151,-0.99811,0.6660345854704071,1.0,5.431828217750168e-62,5.133550427040892e-27,5.133550427040892e-27,0.0,-0.0,-0.0,-0.0,0.0,0.0,0.0,0.0
1.0,0.0,-0.5,-0.2,-0.61239,0.76239,-0.075,-0.075,-0.09492,-0.99548,0.6651481167987624,1.0,1.96817276061539e-60,4.5861561441326155e-24,4.5861561441326155e-24,0.0,-0.0,-0.0,-0.0,0.0,0.0,0.0,0.0
1.0,0.0,-0.5,-0.1,-0.57268,0.77268,-0.1,-0.1,-0.12984,-0.99153,0.6638017111448828,1.0,3.730418727165053e-59,2.9632509301568925e-21,2.9632509301568925e-21,0.0,-0.0,-0.0,-0.0,0.0,0.0,0.0,0.0
1.0,0.0,-0.5,-0.0,-0.53644,0.78644,-0.125,-0.125,-0.16597,-0.98613,0.6619321055082346,1.0,3.5322511726749294e-58,1.3532805394051158e-18,1.3532805394051158e-18,0.0,-0.0,-0.0,-0.0,0.0,0.0,0.0,0.0
1.0,0.0,-0.5,0.1,-0.50383,0.80383,-0.15,-0.15,-0.2029,-0.9792,0.6594842915272898,0.9999999999999992,1.6182580624929316e-57,4.298909938572526e-16,4.298909938572526e-16,0.0,-0.0,-0.0,-0.0,0.0,0.0,0.0,0.0
1.0,0.0,-0.5,0.2,-0.475,0.825,-0.175,-0.175,-0.24019,-0.97073,0.6564194752334157,0.9999999999997472,1.5589419470741887e-14,0.0,1.262177448353619e-29,5.053262156667556e-30,2.806912585732772e-13,-0.0,-4.36509068036401e-14,0.0,0.0,0.0,0.0
1.0,0.0,-0.5,0.3,-0.45,0.85,-0.2,-0.2,-0.27735,-0.96077,0.6527143583840793,0.9999999999521717,8.077935669463161e-28,-1.6155871338926322e-27,-3.2311742677852644e-27,0.0,4.165827641618898e-11,9.254898491179071e-12,-3.0849722304261768e-12,0.0,0.0,0.0,0.0
1.0,0.0,-0.5,0.4,-0.42883,0.87883,-0.225,-0.225,-0.31388,-0.94946,0.6483769406034493,0.9999999948709383,1.0339757656912846e-25,-2.0679515313825692e-25,2.0679515313825692e-25,-1.0339757656912846e-25,4.215401241267124e-09,1.2546385436100334e-09,-3.4098969407162347e-10,0.0,0.0,0.0,0.0
1.0,0.0,-0.5,0.5,-0.41144,0.91144,-0.25,-0.25,-0.34934,-0.937,0.6434414416578016,0.9999996148181407,-1.9852334701272664e-23,2.6469779601696886e-23,3.970466940254533e-23,1.9852334701272664e-23,2.922894529506974e-07,1.1837317107367091e-07,-2.547934968222061e-08,0.0,0.0,0.0,0.0
1.0,0.0,-0.5,0.6,-0.39768,0.94768,-0.275,-0.275,-0.38332,-0.92362,0.6379634569667243,0.9999906005766743,3.730383663380254e-59,4.69971166281447e-06,4.69971166281447e-06,0.0,-0.0,-0.0,0.0,0.0,0.0,0.0,0.0
1.0,0.0,-0.5,0.7,-0.38739,0.98739,-0.3,-0.3,-0.41554,-0.90958,0.6320312880998767,0.9996796745975398,1.9675423048837626e-60,0.00016016270123005028,0.00016016270123005028,0.0,-0.0,-0.0,0.0,0.0,0.0,0.0,0.0
1.0,0.0,-0.5,0.8,-0.38034,1.03034,-0.325,-0.325,-0.44579,-0.89514,0.6260267567897265,0.9921616120861545,5.389251441098109e-62,0.003919193956922775,0.003919193956922775,0.0,-0.0,-0.0,0.0,0.0,0.0,0.0,0.0
1.0,0.0,-0.5,0.9,-0.37629,1.07629,-0.35,-0.35,-0.47395,-0.88055,0.6251183140330165,0.8738958244841649,7.189717262412704e-64,0.06305208775791747,0.06305208775791747,0.0,-0.0,-0.0,0.0,0.0,0.0,0.0,0.0
1.0,0.0,-0.4,-1.0,-0.98882,0.78882,0.1,0.1,-0.14778,0.98902,0.6629368328008263,1.0,6.281678699113817e-78,5.1659264833865326e-48,5.1659264833865326e-48,0.0,-0.0,-0.0,-0.0,0.0,0.0,0.0,0.0
1.0,0.0,-0.4,-0.9,-0.92794,0.77794,0.075,0.075,-0.12797,0.99178,0.6638874589840768,1.0,8.214344658613322e-75,2.772485171311285e-44,2.772485171311285e-44,0.0,-0.0,-0.0,-0.0,0.0,0.0,0.0,0.0
1.0,0.0,-0.4,-0.8,-0.86854,0.76854,0.05,0.05,-0.10641,0.99432,0.6647545820762001,1.0,7.98948814338295e-72,1.2832600059287936e-40,1.2832600059287936e-40,0.0,-0.0,-0.0,-0.0,0.0,0.0,0.0,0.0
1.0,0.0,-0.4,-0.7,-0.81081,0.76081,0.025,0.025,-0.08294,0.99655,0.665509738907425,1.0,5.56430125718085e-69,5.0261206337822495e-37,5.0261206337822495e-37,0.0,-0.0,-0.0,-0.0,0.0,0.0,0.0,0.0
1.0,0.0,-0.4,-0.6,-0.75498,0.75498,0.0,0.0,-0.05745,0.99835,0.666115080224479,1.0,2.650149722893047e-66,1.6279280459814698e-33,1.6279280459814698e-33,0.0,-0.0,-0.0,-0.0,0.0,0.0,0.0,0.0
1.0,0.0,-0.4,-0.5,-0.70129,0.75129,-0.025,-0.025,0.02982,-0.99956,0.6665198870986018,1.0,8.227201756750048e-64,4.256949354667392e-30,4.256949354667392e-30,0.0,-0.0,-0.0,-0.0,0.0,0.0,0.0,0.0
1.0,0.0,-0.4,-0.4,-0.65,0.75,-0.05,-0.05,0.0,-1.0,0.6666666666666666,1.0,1.5804200602736127e-61,8.75651076269652e-27,8.75651076269652e-27,0.0,-0.0,-0.0,0.0,0.0,0.0,0.0,0.0
1.0,0.0,-0.4,-0.3,-0.60139,0.75139,-0.075,-0.075,-0.03203,-0.99949,0.666496514991395,1.0,1.776278573377259e-59,1.3777574468716403e-23,1.3777574468716403e-23,0.0,-0.0,-0.0,-0.0,0.0,0.0,0.0,0.0
1.0,0.0,-0.4,-0.2,-0.55574,0.75574,-0.1,-0.1,-0.06618,-0.99781,0.6659338728750831,1.0,1.1044531224611757e-57,1.6123647011129453e-20,1.6123647011129453e-20,0.0,-0.0,-0.0,-0.0,0.0,0.0,0.0,0.0
1.0,0.0,-0.4,-0.1,-0.51336,0.76336,-0.125,-0.125,-0.10228,-0.99476,0.6649040368449799,1.0,3.5707126855216533e-56,1.3606283034546936e-17,1.3606283034546936e-17,0.0,-0.0,-0.0,-0.0,0.0,0.0,0.0,0.0
1.0,0.0,-0.4,-0.0,-0.4745,0.7745,-0.15,-0.15,-0.14006,-0.99014,0.6633236458403784,0.9999999999999838,5.709777833958384e-55,8.075028470900962e-15,8.075028470900962e-15,0.0,-0.0,-0.0,-0.0,0.0,0.0,0.0,0.0
1.0,0.0,-0.4,0.1,-0.43941,0.78941,-0.175,-0.175,-0.17909,-0.98383,0.6611257128231742,0.9999999999896562,-2.0194839173657902e-28,0.0,8.077935669463161e-28,2.0194839173657902e-28,9.86013699335156e-12,1.0086967224173144e-12,-5.25103082412949e-13,0.0,0.0,0.0,0.0
1.0,0.0,-0.4,0.2,-0.40828,0.80828,-0.2,-0.2,-0.21887,-0.97575,0.6582455633270385,0.9999999970852769,1.4637621359335015e-53,-1.0339757656912846e-25,-2.0679515313825692e-25,-1.0339757656912846e-25,2.701331451347775e-09,3.8130486168057055e-10,-1.679218089914518e-10,0.0,0.0,0.0,0.0
1.0,0.0,-0.4,0.3,-0.38122,0.83122,-0.225,-0.225,-0.25882,-0.96593,0.6546470491168167,0.9999994472907137,-5.293955920339377e-23,-2.6469779601696886e-23,-5.293955920339377e-23,3.970466940254533e-23,4.926231375938531e-07,9.477997054207429e-08,-3.4691902905702895e-08,0.0,0.0,0.0,0.0
1.0,0.0,-0.4,0.4,-0.35828,0.85828,-0.25,-0.25,-0.29833,-0.95446,0.6503119937974156,0.999960329094232,1.4637040698000582e-53,1.9835452883945913e-05,1.9835452883945913e-05,0.0,-0.0,-0.0,0.0,0.0,0.0,0.0,0.0
1.0,0.0,-0.4,0.5,-0.33941,0.88941,-0.275,-0.275,-0.33682,-0.94157,0.645338700851887,0.9968205191986317,4.281958402374853e-54,0.001589740400684165,0.001589740400684165,0.0,-0.0,-0.0,0.0,0.0,0.0,0.0,0.0
1.0,0.0,-0.4,0.6,-0.3245,0.9245,-0.3,-0.3,-0.37378,-0.92752,0.6435658321334029,0.8528150597474377,4.869384524611789e-55,0.07359247012628113,0.07359247012628113,0.0,-0.0,-0.0,0.0,0.0,0.0,0.0,0.0
1.0,0.0,-0.4,0.7,-0.31336,0.96336,-0.325,-0.325,-0.4088,-0.91263,0.6621647335763593,0.1350359179416205,4.821744651952071e-57,0.43248204102918975,0.43248204102918975,0.0,-0.0,-0.0,0.0,0.0,0.0,0.0,0.0
1.0,0.0,-0.4,0.8,-0.30574,1.00574,-0.35,-0.35,-0.44159,-0.89722,0.6664286125160707,0.00594556041784014,6.566592768264999e-60,0.49702721979108,0.49702721979108,0.0,-0.0,-0.0,0.0,0.0,0.0,0.0,0.0
1.0,0.0,-0.4,0.9,-0.30139,1.05139,-0.375,-0.375,-0.47201,-0.88159,0.6666517141009342,0.00031768033666904787,5.642887752085018e-63,0.4998411598316655,0.4998411598316655,0.0,-0.0,-0.0,0.0,0.0,0.0,0.0,0.0
1.0,0.0,-0.3,-1.0,-0.95392,0.80392,0.075,0.075,-0.17514,0.98454,0.6613752823642564,1.0,4.549658433304213e-77,2.063346511273977e-45,2.063346511273977e-45,0.0,-0.0,-0.0,-0.0,0.0,0.0,0.0,0.0
1.0,0.0,-0.3,-0.9,-0.89113,0.79113,0.05,0.05,-0.15636,0.9877,0.6624791066859452,1.0,8.717189505542383e-74,1.3404277946548282e-41,1.3404277946548282e-41,0.0,-0.0,-0.0,-0.0,0.0,0.0,0.0,0.0
1.0,0.0,-0.3,-0.8,-0.82967,0.77967,0.025,0.025,-0.13579,0.99074,0.6635302766161638,1.0,1.2801234384657353e-70,7.623484386660406e-38,7.623484386660406e-38,0.0,-0.0,-0.0,-0.0,0.0,0.0,0.0,0.0
1.0,0.0,-0.3,-0.7,-0.76974,0.76974,0.0,0.0,-0.11324,0.99357,0.6644993147695535,1.0,1.3843091833237363e-67,3.7206305693037256e-34,3.7206305693037256e-34,0.0,-0.0,-0.0,-0.0,0.0,0.0,0.0,0.0
1.0,0.0,-0.3,-0.6,-0.71155,0.76155,-0.025,-0.025,0.08853,-0.99607,0.6653476798478761,1.0,1.0570118857473187e-64,1.5258517669196156e-30,1.5258517669196156e-30,0.0,-0.0,-0.0,-0.0,0.0,0.0,0.0,0.0
1.0,0.0,-0.3,-0.5,-0.65534,0.75534,-0.05,-0.05,0.06151,-0.99811,0.6660345854704071,1.0,5.431828217750168e-62,5.133550427040892e-27,5.133550427040892e-27,0.0,-0.0,-0.0,-0.0,0.0,0.0,0.0,0.0
1.0,0.0,-0.3,-0.4,-0.60139,0.75139,-0.075,-0.075,0.03203,-0.99949,0.666496514991395,1.0,1.776278573377259e-59,1.3777574468716403e-23,1.3777574468716403e-23,0.0,-0.0,-0.0,-0.0,0.0,0.0,0.0,0.0
1.0,0.0,-0.3,-0.3,-0.55,0.75,-0.1,-0.1,0.0,-1.0,0.6666666666666666,1.0,3.4811068399043105e-57,2.8625185805493937e-20,2.8625185805493937e-20,0.0,-0.0,-0.0,0.0,0.0,0.0,0.0,0.0
1.0,0.0,-0.3,-0.2,-0.5015,0.7515,-0.125,-0.125,-0.03458,-0.9994,0.6664664567476363,1.0,3.8273785405123244e-55,4.454641475920343e-17,4.454641475920343e-17,0.0,-0.0,-0.0,-0.0,0.0,0.0,0.0,0.0
1.0,0.0,-0.3,-0.1,-0.45622,0.75622,-0.15,-0.15,-0.07161,-0.99743,0.6658061534969382,0.9999999999998995,2.2100384834068556e-53,5.0238235237988037e-14,5.0238235237988037e-14,0.0,-0.0,-0.0,-0.0,0.0,0.0,0.0,0.0
1.0,0.0,-0.3,-0.0,-0.41449,0.76449,-0.175,-0.175,-0.11087,-0.99384,0.6645912856381668,0.999999999878783,-3.2311742677852644e-27,0.0,0.0,3.2311742677852644e-27,1.1916392453358117e-10,6.340463215041444e-12,-4.286996490653034e-12,0.0,0.0,0.0,0.0
1.0,0.0,-0.3,0.1,-0.37663,0.77663,-0.2,-0.2,-0.15195,-0.98839,0.6627185767323749,0.9999999338391035,1.6543612251060553e-24,6.617444900424222e-24,3.308722450212111e-24,0.0,6.399114668379394e-08,5.159316255558772e-09,-2.9894820250841707e-09,0.0,0.0,0.0,0.0
1.0,0.0,-0.3,0.2,-0.34289,0.79289,-0.225,-0.225,-0.19433,-0.98094,0.660104083646891,0.9999848251027865,4.717313551240122e-50,7.587448606745929e-06,7.587448606745929e-06,0.0,-0.0,-0.0,0.0,0.0,0.0,0.0,0.0
1.0,0.0,-0.3,0.3,-0.31347,0.81347,-0.25,-0.25,-0.23732,-0.97143,0.6567106689931689,0.996508244585974,1.1378854719627772e-49,0.0017458777070130612,0.0017458777070130612,0.0,-0.0,-0.0,0.0,0.0,0.0,0.0,0.0
1.0,0.0,-0.3,0.4,-0.28847,0.83847,-0.275,-0.275,-0.28019,-0.95994,0.65728141415078,0.6578781607565942,7.512130536938328e-50,0.17106091962170294,0.17106091962170294,0.0,-0.0,-0.0,0.0,0.0,0.0,0.0,0.0
1.0,0.0,-0.3,0.5,-0.26789,0.86789,-0.3,-0.3,-0.32218,-0.94668,0.6662837861252502,0.019759817283315148,9.321466836362187e-52,0.4901200913583425,0.4901200913583425,0.0,-0.0,-0.0,0.0,0.0,0.0,0.0,0.0
1.0,0.0,-0.3,0.6,-0.25163,0.90163,-0.325,-0.325,-0.3626,-0.93195,0.6666584435602496,0.0003253943821102485,2.672788725415061e-54,0.49983730280894484,0.49983730280894484,0.0,-0.0,-0.0,0.0,0.0,0.0,0.0,0.0
1.0,0.0,-0.3,0.7,-0.23949,0.93949,-0.35,-0.35,-0.4009,-0.91612,0.6666664138891155,7.935572037489234e-06,4.978831298589959e-57,0.49999603221398126,0.49999603221398126,0.0,-0.0,-0.0,0.0,0.0,0.0,0.0,0.0
1.0,0.0,-0.3,0.8,-0.23122,0.98122,-0.375,-0.375,-0.4367,-0.89961,0.6666664689419596,0.0,6.296274530934739e-60,0.49999985170646977,0.49999985170646977,3.308722450212111e-24,7.926324339463235e-08,2.7905175340753567e-07,0.0,-6.172649986178474e-08,0.0,0.0,0.0
1.0,0.0,-0.3,0.9,-0.2265,1.0265,-0.4,-0.4,-0.46975,-0.8828,0.6666666374852188,0.0,2.895132143935597e-23,0.4999999781139141,0.4999999781139141,1.6543612251060553e-24,3.089697549156927e-08,0.0,0.0,2.7392257759787674e-08,-1.451704821755284e-08,0.0,0.0
1.0,0.0,-0.2,-1.0,-0.92178,0.82178,0.05,0.05,-0.2029,0.9792,0.6594842915272897,1.0,1.8973668708709334e-76,6.253610636256894e-43,6.253610636256894e-43,0.0,-0.0,-0.0,-0.0,0.0,0.0,0.0,0.0
1.0,0.0,-0.2,-0.9,-0.85717,0.80717,0.025,0.025,-0.18533,0.98268,0.6607202712177458,1.0,5.231571906030181e-73,4.873530517819287e-39,4.873530517819287e-39,0.0,-0.0,-0.0,-0.0,0.0,0.0,0.0,0.0
1.0,0.0,-0.2,-0.8,-0.79373,0.79373,0.0,0.0,-0.16597,0.98613,0.6619321055082346,1.0,1.1415322245448728e-69,3.3786568700370757e-35,3.3786568700370757e-35,0.0,-0.0,-0.0,-0.0,0.0,0.0,0.0,0.0
1.0,0.0,-0.2,-0.7,-0.73164,0.78164,-0.025,-0.025,0.14459,-0.98949,0.6630993307929346,1.0,1.901448829841962e-66,2.0465140510411805e-31,2.0465140510411805e-31,0.0,-0.0,-0.0,-0.0,0.0,0.0,0.0,0.0
1.0,0.0,-0.2,-0.6,-0.67111,0.77111,-0.05,-0.05,0.12098,-0.99265,0.6641853017616678,1.0,2.3183618998216362e-63,1.0605604669973216e-27,1.0605604669973216e-27,0.0,-0.0,-0.0,-0.0,0.0,0.0,0.0,0.0
1.0,0.0,-0.2,-0.5,-0.61239,0.76239,-0.075,-0.075,0.09492,-0.99548,0.6651481167987624,1.0,1.96817276061539e-60,4.5861561441326155e-24,4.5861561441326155e-24,0.0,-0.0,-0.0,-0.0,0.0,0.0,0.0,0.0
1.0,0.0,-0.2,-0.4,-0.55574,0.75574,-0.1,-0.1,0.06618,-0.99781,0.6659338728750831,1.0,1.1044531224611757e-57,1.6123647011129453e-20,1.6123647011129453e-20,0.0,-0.0,-0.0,-0.0,0.0,0.0,0.0,0.0
1.0,0.0,-0.2,-0.3,-0.5015,0.7515,-0.125,-0.125,0.03458,-0.9994,0.6664664567476363,1.0,3.8273785405123244e-55,4.454641475920343e-17,4.454641475920343e-17,0.0,-0.0,-0.0,-0.0,0.0,0.0,0.0,0.0
1.0,0.0,-0.2,-0.2,-0.45,0.75,-0.15,-0.15,0.0,-1.0,0.6666666666664796,0.9999999999997192,-3.073898379496209e-29,0.0,0.0,-3.073898379496208e-29,2.806912585732775e-13,-0.0,0.0,0.0,0.0,0.0,0.0
1.0,0.0,-0.2,-0.1,-0.40163,0.75163,-0.175,-0.175,-0.03757,-0.99929,0.6664297057879354,0.9999999995680139,8.213997756547327e-51,0.0,2.5849394142282115e-26,-1.2924697071141057e-26,4.3116897303860676e-10,6.67226475291826e-12,-5.8564054706006624e-12,0.0,0.0,0.0,0.0
1.0,0.0,-0.2,-0.0,-0.35678,0.75678,-0.2,-0.2,-0.07801,-0.99695,0.6656442715291746,0.9999995303319408,-1.3234889800848443e-23,2.6469779601696886e-23,0.0,1.3234889800848443e-23,4.6579446417232074e-07,1.6223848976741966e-08,-1.2351071389084442e-08,0.0,0.0,0.0,0.0
1.0,0.0,-0.2,0.1,-0.31583,0.76583,-0.225,-0.225,-0.12098,-0.99265,0.6641858653022659,0.9997728908807298,1.0568282820179962e-47,0.00011355455963504848,0.00011355455963504848,0.0,-0.0,-0.0,0.0,0.0,0.0,0.0,0.0
1.0,0.0,-0.2,0.2,-0.27915,0.77915,-0.25,-0.25,-0.16597,-0.98613,0.6623951701659939,0.9021948091356473,9.860871608473665e-47,0.048902595432176246,0.048902595432176246,0.0,-0.0,-0.0,0.0,0.0,0.0,0.0,0.0
1.0,0.0,-0.2,0.3,-0.24702,0.79702,-0.275,-0.275,-0.21221,-0.97722,0.6664333480673953,0.029565172569077,1.3449289117398038e-47,0.48521741371546157,0.48521741371546157,0.0,-0.0,-0.0,0.0,0.0,0.0,0.0,0.0
1.0,0.0,-0.2,0.4,-0.21962,0.81962,-0.3,-0.3,-0.25882,-0.96593,0.6666647261453801,0.00016145103588743667,1.1869190451471823e-49,0.4999192744820563,0.4999192744820563,0.0,-0.0,-0.0,0.0,0.0,0.0,0.0,0.0
1.0,0.0,-0.2,0.5,-0.19702,0.84702,-0.325,-0.325,-0.30483,-0.95241,0.6666666429523108,1.383147908103861e-06,6.291982928477752e-52,0.49999930842604595,0.49999930842604595,0.0,-0.0,-0.0,0.0,0.0,0.0,0.0,0.0
1.0,0.0,-0.2,0.6,-0.17915,0.87915,-0.35,-0.35,-0.34934,-0.937,0.6666665648564126,0.0,-2.6469779601696886e-23,0.49999992364230944,0.49999992364230944,-4.781143176397804e-08,0.0,0.0,0.0,1.2182241201333786e-07,7.870454206711616e-08,0.0,0.0
1.0,0.0,-0.2,0.7,-0.16583,0.91583,-0.375,-0.375,-0.39155,-0.92016,0.6666666555192116,0.0,-7.973339229126899e-09,0.4999999935017208,0.4999999935017208,2.0955334747043077e-09,0.0,0.0,0.0,0.0,1.8874413059580208e-08,0.0,0.0
1.0,0.0,-0.2,0.8,-0.15678,0.95678,-0.4,-0.4,-0.43092,-0.90239,0.6666666661073904,0.0,-3.6828522082946196e-10,0.49999999967467146,0.49999999967467146,6.360275701517259e-11,0.0,0.0,0.0,0.0,9.553394034428779e-10,0.0,0.0
1.0,0.0,-0.2,0.9,-0.15163,1.00163,-0.425,-0.425,-0.46711,-0.8842,0.6666666666110136,0.0,-3.419899825101924e-11,0.49999999996768024,0.49999999996768024,2.898524656649041e-12,0.0,0.0,0.0,0.0,9.59398721433148e-11,0.0,0.0
1.0,0.0,-0.1,-1.0,-0.89247,0.84247,0.025,0.025,-0.23086,0.97299,0.6572450358180554,1.0,4.492759349950277e-76,1.428184018001496e-40,1.428184018001496e-40,0.0,-0.0,-0.0,-0.0,0.0,0.0,0.0,0.0
1.0,0.0,-0.1,-0.9,-0.82614,0.82614,0.0,0.0,-0.21466,0.97669,0.6585843907768157,1.0,1.7473960276216632e-72,1.321891080090059e-36,1.321891080090059e-36,0.0,-0.0,-0.0,-0.0,0.0,0.0,0.0,0.0
1.0,0.0,-0.1,-0.8,-0.76081,0.81081,-0.025,-0.025,0.19671,-0.98046,0.6599333740469662,1.0,5.564301257180851e-69,1.1070767422057696e-32,1.1070767422057696e-32,0.0,-0.0,-0.0,-0.0,0.0,0.0,0.0,0.0
1.0,0.0,-0.1,-0.7,-0.69666,0.79666,-0.05,-0.05,0.17676,-0.98425,0.6612734144398965,1.0,1.3993824674237038e-65,8.239730992336192e-29,8.239730992336192e-29,0.0,-0.0,-0.0,-0.0,0.0,0.0,0.0,0.0
1.0,0.0,-0.1,-0.6,-0.63387,0.78387,-0.075,-0.075,0.15457,-0.98798,0.6625763661719046,1.0,2.6812303248898085e-62,5.352840340804825e-25,5.352840340804825e-25,0.0,-0.0,-0.0,-0.0,0.0,0.0,0.0,0.0
1.0,0.0,-0.1,-0.5,-0.57268,0.77268,-0.1,-0.1,0.12984,-0.99153,0.6638017111448828,1.0,3.730418727165053e-59,2.9632509301568925e-21,2.9632509301568925e-21,0.0,-0.0,-0.0,-0.0,0.0,0.0,0.0,0.0
1.0,0.0,-0.1,-0.4,-0.51336,0.76336,-0.125,-0.125,0.10228,-0.99476,0.6649040368449799,1.0,3.5707126855216533e-56,1.3606283034546936e-17,1.3606283034546936e-17,0.0,-0.0,-0.0,-0.0,0.0,0.0,0.0,0.0
1.0,0.0,-0.1,-0.3,-0.45622,0.75622,-0.15,-0.15,0.07161,-0.99743,0.6658061534969382,0.9999999999998995,2.2100384834068556e-53,5.0238235237988037e-14,5.0238235237988037e-14,0.0,-0.0,-0.0,-0.0,0.0,0.0,0.0,0.0
1.0,0.0,-0.1,-0.2,-0.40163,0.75163,-0.175,-0.175,0.03757,-0.99929,0.6664297057879354,0.9999999995680139,8.213997756547327e-51,0.0,2.5849394142282115e-26,-1.2924697071141057e-26,4.3116897303860676e-10,-5.8564054706006535e-12,6.67226475291827e-12,0.0,0.0,0.0,0.0
1.0,0.0,-0.1,-0.1,-0.35,0.75,-0.2,-0.2,0.0,-1.0,0.6666660549439737,0.9999990824159607,-1.0048621055995857e-22,0.0,0.0,-1.0048621055995854e-22,9.175840391951033e-07,-0.0,0.0,0.0,0.0,0.0,0.0
1.0,0.0,-0.1,-0.0,-0.30178,0.75178,-0.225,-0.225,-0.04113,-0.99915,0.6663831745620364,0.999075056765736,1.7541578890622965e-46,0.00046247161713197486,0.00046247161713197486,0.0,-0.0,-0.0,0.0,0.0,0.0,0.0,0.0
1.0,0.0,-0.1,0.1,-0.25744,0.75744,-0.25,-0.25,-0.08565,-0.99633,0.6660354320520989,0.5127104658628768,4.307187752635182e-45,0.24364476706856164,0.24364476706856164,0.0,-0.0,-0.0,0.0,0.0,0.0,0.0,0.0
1.0,0.0,-0.1,0.2,-0.21744,0.76744,-0.275,-0.275,-0.13308,-0.99111,0.6666619140616561,0.0015793722810414164,2.664953146365019e-46,0.49921031385947934,0.49921031385947934,0.0,-0.0,-0.0,0.0,0.0,0.0,0.0,0.0
1.0,0.0,-0.1,0.3,-0.18218,0.78218,-0.3,-0.3,-0.18268,-0.98317,0.6666666446096446,3.820416916010948e-06,5.0175083342835203e-48,0.499998089791542,0.499998089791542,0.0,-0.0,-0.0,0.0,0.0,0.0,0.0,0.0
1.0,0.0,-0.1,0.4,-0.15197,0.80197,-0.325,-0.325,-0.23341,-0.97238,0.6666665792834832,0.0,-1.9852334701272664e-23,0.4999999344626124,0.4999999344626124,-4.2581026475627566e-08,0.0,0.0,0.0,9.884831768896099e-08,7.480753115173866e-08,0.0,0.0
1.0,0.0,-0.1,0.5,-0.12697,0.82697,-0.35,-0.35,-0.28405,-0.95881,0.6666666651348145,0.0,-1.451570158043722e-09,0.4999999991001849,0.4999999991001849,7.066183928083198e-10,0.0,0.0,0.0,0.0,2.5445834841695004e-09,0.0,0.0
1.0,0.0,-0.1,0.6,-0.10718,0.85718,-0.375,-0.375,-0.33338,-0.94279,0.6666666666449937,0.0,-1.7833156139801715e-11,0.499999999987318,0.499999999987318,6.908864431065244e-12,0.0,0.0,0.0,0.0,3.628831675341698e-11,0.0,0.0
1.0,0.0,-0.1,0.7,-0.09244,0.89244,-0.4,-0.4,-0.3803,-0.92486,0.6666666666661224,0.0,-3.992882309393769e-13,0.49999999999968253,0.49999999999968253,1.1485037469840093e-13,0.0,0.0,0.0,0.0,9.194581382399726e-13,0.0,0.0
1.0,0.0,-0.1,0.8,-0.08244,0.93244,-0.425,-0.425,-0.42399,-0.90567,0.6666666666666666,6.634042237617835e-16,5.573138716457195e-60,0.49999999999999967,0.49999999999999967,0.0,0.0,0.0,0.0,0.0,-0.0,0.0,0.0
1.0,0.0,-0.1,0.9,-0.07678,0.97678,-0.45,-0.45,-0.46395,-0.88586,0.6666666666666666,3.091942086187799e-17,5.428775912560708e-63,0.5,0.5,0.0,0.0,0.0,0.0,0.0,-0.0,0.0,0.0
1.0,0.0,-0.0,-1.0,-0.86603,0.86603,0.0,0.0,-0.25882,0.96593,0.6546474109465201,1.0,5.992250598664876e-76,2.447907391766461e-38,2.447907391766461e-38,0.0,-0.0,-0.0,-0.0,0.0,0.0,0.0,0.0
1.0,0.0,-0.0,-0.9,-0.7981,0.8481,-0.025,-0.025,0.24412,-0.96975,0.6560597360544272,1.0,3.2095370179497236e-72,2.6588485730299595e-34,2.6588485730299595e-34,0.0,-0.0,-0.0,-0.0,0.0,0.0,0.0,0.0
1.0,0.0,-0.0,-0.8,-0.73102,0.83102,-0.05,-0.05,0.22775,-0.97372,0.6575104912939427,1.0,1.4503230483667614e-68,2.6526331543735416e-30,2.6526331543735416e-30,0.0,-0.0,-0.0,-0.0,0.0,0.0,0.0,0.0
1.0,0.0,-0.0,-0.7,-0.66493,0.81493,-0.075,-0.075,0.20947,-0.97782,0.6589903972997488,1.0,5.376464729009642e-65,2.396986726392642e-26,2.396986726392642e-26,0.0,-0.0,-0.0,-0.0,0.0,0.0,0.0,0.0
1.0,0.0,-0.0,-0.6,-0.6,0.8,-0.1,-0.1,0.18898,-0.98198,0.6604727497453949,1.0,1.580420060273613e-61,1.928749847963918e-22,1.928749847963918e-22,0.0,-0.0,-0.0,-0.0,0.0,0.0,0.0,0.0
1.0,0.0,-0.0,-0.5,-0.53644,0.78644,-0.125,-0.125,0.16597,-0.98613,0.6619321055082346,1.0,3.5322511726749294e-58,1.3532805394051158e-18,1.3532805394051158e-18,0.0,-0.0,-0.0,-0.0,0.0,0.0,0.0,0.0
1.0,0.0,-0.0,-0.4,-0.4745,0.7745,-0.15,-0.15,0.14006,-0.99014,0.6633236458403784,0.9999999999999838,5.709777833958384e-55,8.075028470900962e-15,8.075028470900962e-15,0.0,-0.0,-0.0,-0.0,0.0,0.0,0.0,0.0
1.0,0.0,-0.0,-0.3,-0.41449,0.76449,-0.175,-0.175,0.11087,-0.99384,0.6645912856381668,0.999999999878783,-6.462348535570529e-27,-6.462348535570529e-27,-6.462348535570529e-27,3.2311742677852644e-27,1.1916392453358117e-10,-4.286996490653025e-12,6.340463215041456e-12,0.0,0.0,0.0,0.0
1.0,0.0,-0.0,-0.2,-0.35678,0.75678,-0.2,-0.2,0.07801,-0.99695,0.6656442715291746,0.9999995303319408,-3.970466940254533e-23,2.6469779601696886e-23,0.0,2.6469779601696886e-23,4.6579446417232074e-07,-1.2351071389084437e-08,1.622384897674197e-08,0.0,0.0,0.0,0.0
1.0,0.0,-0.0,-0.1,-0.30178,0.75178,-0.225,-0.225,0.04113,-0.99915,0.6663831745620364,0.999075056765736,1.7541578890622965e-46,0.00046247161713197486,0.00046247161713197486,0.0,-0.0,0.0,-0.0,0.0,0.0,0.0,0.0
1.0,0.0,-0.0,-0.0,-0.25,0.75,-0.25,-0.25,0.0,-1.0,8.888888888869406e-05,0.00013333333333287456,-1.0949712299560538e-16,0.0,0.0,-1.0949712299560534e-16,0.999866666666667,-0.0,0.0,0.0,0.0,0.0,0.0
1.0,0.0,-0.0,0.1,-0.20197,0.75197,-0.275,-0.275,-0.04544,-0.99897,0.6666665508772835,0.0003366442303751918,1.2533817562138059e-45,0.49983167788481236,0.49983167788481236,0.0,-0.0,-0.0,0.0,0.0,0.0,0.0,0.0
1.0,0.0,-0.0,0.2,-0.15826,0.75826,-0.3,-0.3,-0.09492,-0.99548,0.6666661118931043,5.293955920339377e-23,5.293955920339377e-23,0.49999958391982835,0.49999958391982835,0.0,8.195660746189929e-07,1.080610455822173e-07,0.0,-9.547018785603458e-08,0.0,0.0,0.0
1.0,0.0,-0.0,0.3,-0.11941,0.76941,-0.325,-0.325,-0.14778,-0.98902,0.6666666608219184,0.0,-1.0024265147485494e-08,0.49999999652029076,0.49999999652029076,7.429720234656196e-09,0.0,0.0,0.0,0.0,9.553957876816161e-09,0.0,0.0
1.0,0.0,-0.0,0.4,-0.08589,0.78589,-0.35,-0.35,-0.2029,-0.9792,0.6666666666473487,-2.0194839173657902e-28,-2.4762288694998294e-11,0.4999999999885671,0.4999999999885671,1.5874151592034792e-11,0.0,0.0,0.0,0.0,3.1753852355148317e-11,0.0,0.0
1.0,0.0,-0.0,0.5,-0.05801,0.80801,-0.375,-0.375,-0.25882,-0.96593,0.6666666666666666,8.55596939635991e-15,2.0965175425407903e-52,0.4999999999999958,0.4999999999999958,0.0,0.0,0.0,0.0,0.0,-0.0,0.0,0.0
1.0,0.0,-0.0,0.6,-0.03589,0.83589,-0.4,-0.4,-0.31388,-0.94946,0.6666666666666666,7.689066620005092e-17,1.0591300261764955e-54,0.49999999999999994,0.49999999999999994,0.0,0.0,0.0,0.0,0.0,-0.0,0.0,0.0
1.0,0.0,-0.0,0.7,-0.01941,0.86941,-0.425,-0.425,-0.36653,-0.93041,0.6666666666666666,1.2145631846370403e-18,3.044093391660729e-57,0.5,0.5,0.0,0.0,0.0,0.0,0.0,-0.0,0.0,0.0
1.0,0.0,-0.0,0.8,-0.00826,0.90826,-0.45,-0.45,-0.41554,-0.90958,0.6666666666666666,3.269230641247363e-20,5.134376421397011e-60,0.5,0.5,0.0,0.0,0.0,0.0,0.0,-0.0,0.0,0.0
1.0,0.0,-0.0,0.9,-0.00197,0.95197,-0.475,-0.475,-0.46013,-0.88785,0.6666666666666666,1.4306655739448742e-21,5.326602887645393e-63,0.5,0.5,0.0,0.0,0.0,0.0,0.0,-0.0,0.0,0.0
1.0,0.0,0.1,-1.0,-0.84247,0.89247,-0.025,-0.025,0.28656,-0.95806,0.6516875698234187,1.0,4.492759349950278e-76,3.145784642119957e-36,3.145784642119957e-36,0.0,-0.0,-0.0,-0.0,0.0,0.0,0.0,0.0
1.0,0.0,0.1,-0.9,-0.7731,0.8731,-0.05,-0.05,0.27346,-0.96188,0.6531326322907549,1.0,3.209537017949678e-72,3.9460811629875416e-32,3.9460811629875416e-32,0.0,-0.0,-0.0,-0.0,0.0,0.0,0.0,0.0
1.0,0.0,0.1,-0.8,-0.70442,0.85442,-0.075,-0.075,0.25882,-0.96593,0.6546474109465201,1.0,1.9972801371622148e-68,4.619944092515341e-28,4.619944092515341e-28,0.0,-0.0,-0.0,-0.0,0.0,0.0,0.0,0.0
1.0,0.0,0.1,-0.7,-0.63655,0.83655,-0.1,-0.1,0.24239,-0.97018,0.6562177111136229,1.0,1.0570118857473112e-64,4.988035933877525e-24,4.988035933877525e-24,0.0,-0.0,-0.0,-0.0,0.0,0.0,0.0,0.0
1.0,0.0,0.1,-0.6,-0.56962,0.81962,-0.125,-0.125,0.22386,-0.97462,0.6578369513315726,1.0,4.635252492100904e-61,4.9022871419565546e-20,4.9022871419565546e-20,0.0,-0.0,-0.0,-0.0,0.0,0.0,0.0,0.0
1.0,0.0,0.1,-0.5,-0.50383,0.80383,-0.15,-0.15,0.2029,-0.9792,0.6594842915272898,0.9999999999999992,1.6182580624929316e-57,4.298909938572526e-16,4.298909938572526e-16,0.0,-0.0,-0.0,-0.0,0.0,0.0,0.0,0.0
1.0,0.0,0.1,-0.4,-0.43941,0.78941,-0.175,-0.175,0.17909,-0.98383,0.6611257128231742,0.9999999999896562,4.295616231685422e-54,0.0,8.077935669463161e-28,2.0194839173657902e-28,9.86013699335156e-12,-5.251030824129497e-13,1.0086967224173132e-12,0.0,0.0,0.0,0.0
1.0,0.0,0.1,-0.3,-0.37663,0.77663,-0.2,-0.2,0.15195,-0.98839,0.6627185767323749,0.9999999338391035,4.963083675318166e-24,6.617444900424222e-24,3.308722450212111e-24,0.0,6.399114668379394e-08,-2.9894820250841744e-09,5.159316255558767e-09,0.0,0.0,0.0,0.0
1.0,0.0,0.1,-0.2,-0.31583,0.76583,-0.225,-0.225,0.12098,-0.99265,0.6641858653022659,0.9997728908807298,1.0568282820179962e-47,0.00011355455963504848,0.00011355455963504848,0.0,-0.0,0.0,-0.0,0.0,0.0,0.0,0.0
1.0,0.0,0.1,-0.1,-0.25744,0.75744,-0.25,-0.25,0.08565,-0.99633,0.6660354320520989,0.5127104658628768,4.307187752635182e-45,0.24364476706856164,0.24364476706856164,0.0,-0.0,0.0,-0.0,0.0,0.0,0.0,0.0
1.0,0.0,0.1,-0.0,-0.20197,0.75197,-0.275,-0.275,0.04544,-0.99897,0.6666665508772835,0.0003366442303751918,1.2533817562138059e-45,0.49983167788481236,0.49983167788481236,0.0,-0.0,0.0,-0.0,0.0,0.0,0.0,0.0
1.0,0.0,0.1,0.1,-0.15,0.75,-0.3,-0.3,0.0,-1.0,0.6666663606827864,0.0,-5.02632336276505e-23,0.4999997705120898,0.4999997705120898,-5.0263233627650476e-23,4.589758204440116e-07,0.0,0.0,-0.0,0.0,0.0,0.0
1.0,0.0,0.1,0.2,-0.1022,0.7522,-0.325,-0.325,-0.05075,-0.99871,0.6666666658109767,0.0,-4.059930185521448e-09,0.49999999948435236,0.49999999948435236,3.702573816884233e-09,0.0,0.0,0.0,0.0,1.388639997565271e-09,0.0,0.0
1.0,0.0,0.1,0.3,-0.05927,0.75927,-0.35,-0.35,-0.10641,-0.99432,0.6666666666655962,0.0,-2.4971510783082975e-12,0.4999999999993595,0.4999999999993595,2.0342400273845263e-12,0.0,0.0,0.0,0.0,1.7438508155951632e-12,0.0,0.0
1.0,0.0,0.1,0.4,-0.02186,0.77186,-0.375,-0.375,-0.16597,-0.98613,0.6666666666666666,2.30300388402714e-16,7.788844846212062e-51,0.4999999999999999,0.4999999999999999,0.0,0.0,0.0,0.0,0.0,-0.0,0.0,0.0
1.0,0.0,0.1,0.5,0.00949,0.79051,-0.4,-0.4,-0.22775,-0.97372,0.6666666666666666,8.223283536708918e-19,9.903247643310652e-53,0.5,0.5,0.0,0.0,0.0,0.0,0.0,-0.0,0.0,0.0
1.0,0.0,0.1,0.6,0.03449,0.81551,-0.425,-0.425,-0.28962,-0.95714,0.6666666666666666,5.540804862879679e-21,6.672755773944618e-55,0.5,0.5,0.0,0.0,0.0,0.0,0.0,-0.0,0.0,0.0
1.0,0.0,0.1,0.7,0.05314,0.84686,-0.45,-0.45,-0.34934,-0.937,0.6666666666666666,7.044942322486198e-23,2.3826257124849568e-57,0.5,0.5,0.0,0.0,0.0,0.0,0.0,-0.0,0.0,0.0
1.0,0.0,0.1,0.8,0.06573,0.88427,-0.475,-0.475,-0.40501,-0.91431,0.6666666666666666,1.6419672264453513e-24,4.641132450571074e-60,0.5,0.5,0.0,0.0,0.0,0.0,0.0,-0.0,0.0,0.0
1.0,0.0,0.1,0.9,0.0728,0.9272,-0.5,-0.5,-0.45541,-0.89028,0.6666666666666666,6.646332755957009e-26,5.205489168054268e-63,0.5,0.5,0.0,0.0,0.0,0.0,0.0,-0.0,0.0,0.0
1.0,0.0,0.2,-1.0,-0.82178,0.92178,-0.05,-0.05,0.31388,-0.94946,0.6483769439290146,1.0,1.897366870870933e-76,3.034034226356319e-34,3.034034226356319e-34,0.0,-0.0,-0.0,-0.0,0.0,0.0,0.0,0.0
1.0,0.0,0.2,-0.9,-0.75114,0.90114,-0.075,-0.075,0.30244,-0.95317,0.649814819050007,1.0,1.7473960276216135e-72,4.321284905330264e-30,4.321284905330264e-30,0.0,-0.0,-0.0,-0.0,0.0,0.0,0.0,0.0
1.0,0.0,0.2,-0.8,-0.68102,0.88102,-0.1,-0.1,0.28962,-0.95714,0.6513371918153494,1.0,1.4503230483667614e-68,5.842813344097989e-26,5.842813344097989e-26,0.0,-0.0,-0.0,-0.0,0.0,0.0,0.0,0.0
1.0,0.0,0.2,-0.7,-0.61155,0.86155,-0.125,-0.125,0.27518,-0.96139,0.6529481534774632,1.0,1.0570118857473037e-64,7.402901706639292e-22,7.402901706639292e-22,0.0,-0.0,-0.0,-0.0,0.0,0.0,0.0,0.0
1.0,0.0,0.2,-0.6,-0.54282,0.84282,-0.15,-0.15,0.25882,-0.96593,0.6546474109465201,1.0,6.643843740842437e-61,8.710521596794732e-18,8.710521596794732e-18,0.0,-0.0,-0.0,-0.0,0.0,0.0,0.0,0.0
1.0,0.0,0.2,-0.5,-0.475,0.825,-0.175,-0.175,0.24019,-0.97073,0.656419475233346,0.9999999999996491,-1.1692112632692925e-14,1.262177448353619e-29,1.262177448353619e-29,5.053262156667556e-30,2.806912585732772e-13,-0.0,8.18445761167268e-14,0.0,0.0,0.0,0.0
1.0,0.0,0.2,-0.4,-0.40828,0.80828,-0.2,-0.2,0.21887,-0.97575,0.6582455633270385,0.9999999970852769,1.0339757656912846e-25,-1.0339757656912846e-25,-2.0679515313825692e-25,0.0,2.701331451347775e-09,-1.679218089914519e-10,3.8130486168057034e-10,0.0,0.0,0.0,0.0
1.0,0.0,0.2,-0.3,-0.34289,0.79289,-0.225,-0.225,0.19433,-0.98094,0.660104083646891,0.9999848251027865,4.717313551240122e-50,7.587448606745929e-06,7.587448606745929e-06,0.0,-0.0,0.0,-0.0,0.0,0.0,0.0,0.0
1.0,0.0,0.2,-0.2,-0.27915,0.77915,-0.25,-0.25,0.16597,-0.98613,0.6623951701659939,0.9021948091356473,9.860871608473665e-47,0.048902595432176246,0.048902595432176246,0.0,-0.0,0.0,-0.0,0.0,0.0,0.0,0.0
1.0,0.0,0.2,-0.1,-0.21744,0.76744,-0.275,-0.275,0.13308,-0.99111,0.6666619140616561,0.0015793722810414164,2.664953146365019e-46,0.49921031385947934,0.49921031385947934,0.0,-0.0,0.0,-0.0,0.0,0.0,0.0,0.0
1.0,0.0,0.2,-0.0,-0.15826,0.75826,-0.3,-0.3,0.09492,-0.99548,0.6666661118931043,5.293955920339377e-23,4.971908496336778e-23,0.49999958391982835,0.49999958391982835,-2.83878370424155e-24,8.195660746189929e-07,0.0,1.080610455822173e-07,0.0,-9.547018785603458e-08,0.0,0.0
1.0,0.0,0.2,0.1,-0.1022,0.7522,-0.325,-0.325,0.05075,-0.99871,0.6666666658109767,0.0,-4.059930185521448e-09,0.49999999948435236,0.49999999948435236,3.702573816884233e-09,0.0,0.0,0.0,1.388639997565271e-09,0.0,0.0,0.0
1.0,0.0,0.2,0.2,-0.05,0.75,-0.35,-0.35,0.0,-1.0,0.6666666666663856,0.0,-7.0257123191159e-14,0.4999999999997892,0.4999999999997892,-7.025712319115897e-14,0.0,0.0,0.0,5.620569855292719e-13,0.0,0.0,0.0
1.0,0.0,0.2,0.3,-0.00249,0.75249,-0.375,-0.375,-0.05745,-0.99835,0.6666666666666666,3.3194509752034644e-17,5.4038273397942335e-50,0.5,0.5,0.0,0.0,0.0,0.0,0.0,-0.0,0.0,0.0
1.0,0.0,0.2,0.4,0.03944,0.76056,-0.4,-0.4,-0.12098,-0.99265,0.6666666666666666,4.1146537175356826e-20,1.9791996822994364e-51,0.5,0.5,0.0,0.0,0.0,0.0,0.0,-0.0,0.0,0.0
1.0,0.0,0.2,0.5,0.075,0.775,-0.425,-0.425,-0.18898,-0.98198,0.6666666666666666,9.64374923981959e-23,3.833824036861e-53,0.5,0.5,0.0,0.0,0.0,0.0,0.0,-0.0,0.0,0.0
1.0,0.0,0.2,0.6,0.10359,0.79641,-0.45,-0.45,-0.25882,-0.96593,0.6666666666666666,4.537971673590844e-25,3.6988905898672114e-55,0.5,0.5,0.0,0.0,0.0,0.0,0.0,-0.0,0.0,0.0
1.0,0.0,0.2,0.7,0.125,0.825,-0.475,-0.475,-0.32733,-0.94491,0.6666666666666666,4.37825538134826e-27,1.7405534199521552e-57,0.5,0.5,0.0,0.0,0.0,0.0,0.0,-0.0,0.0,0.0
1.0,0.0,0.2,0.8,0.13944,0.86056,-0.5,-0.5,-0.39155,-0.92016,0.6666666666666666,8.480933414978949e-29,4.0794345947007273e-60,0.5,0.5,0.0,0.0,0.0,0.0,0.0,-0.0,0.0,0.0
1.0,0.0,0.2,0.9,0.14751,0.90249,-0.525,-0.525,-0.44942,-0.89332,0.6666666666666666,3.106217068950287e-30,5.056697883450502e-63,0.5,0.5,0.0,0.0,0.0,0.0,0.0,-0.0,0.0,0.0
1.0,0.0,0.3,-1.0,-0.80392,0.95392,-0.075,-0.075,0.3406,-0.94021,0.6447286505714575,1.0,4.549658433304214e-77,2.204990004560653e-32,2.204990004560653e-32,0.0,-0.0,-0.0,-0.0,0.0,0.0,0.0,0.0
1.0,0.0,0.3,-0.9,-0.73217,0.93217,-0.1,-0.1,0.33084,-0.94369,0.6461117365085847,1.0,5.231571906030181e-73,3.509180743532558e-28,3.509180743532558e-28,0.0,-0.0,-0.0,-0.0,0.0,0.0,0.0,0.0
1.0,0.0,0.3,-0.8,-0.66081,0.91081,-0.125,-0.125,0.31988,-0.94746,0.6475957520990355,1.0,5.56430125718085e-69,5.371151039658963e-24,5.371151039658963e-24,0.0,-0.0,-0.0,-0.0,0.0,0.0,0.0,0.0
1.0,0.0,0.3,-0.7,-0.58993,0.88993,-0.15,-0.15,0.3075,-0.95155,0.6491887602241231,1.0,5.376464729009719e-65,7.835791250162602e-20,7.835791250162602e-20,0.0,-0.0,-0.0,-0.0,0.0,0.0,0.0,0.0
1.0,0.0,0.3,-0.6,-0.51962,0.86962,-0.175,-0.175,0.29344,-0.95598,0.650894114060867,0.999999999999998,4.635252492100994e-61,1.0798006004862738e-15,1.0798006004862738e-15,0.0,-0.0,-0.0,-0.0,0.0,0.0,0.0,0.0
1.0,0.0,0.3,-0.5,-0.45,0.85,-0.2,-0.2,0.27735,-0.96077,0.6527143583840793,0.9999999999521717,-1.6155871338926322e-27,-1.6155871338926322e-27,-3.2311742677852644e-27,8.077935669463161e-28,4.165827641618898e-11,-3.0849722304261736e-12,9.254898491179078e-12,0.0,0.0,0.0,0.0
1.0,0.0,0.3,-0.4,-0.38122,0.83122,-0.225,-0.225,0.25882,-0.96593,0.6546470491168167,0.9999994472907137,-2.6469779601696886e-23,-2.6469779601696886e-23,-5.293955920339377e-23,3.970466940254533e-23,4.926231375938531e-07,-3.469190290570292e-08,9.477997054207424e-08,0.0,0.0,0.0,0.0
1.0,0.0,0.3,-0.3,-0.31347,0.81347,-0.25,-0.25,0.23732,-0.97143,0.6567106689931689,0.996508244585974,1.1378854719627772e-49,0.0017458777070130612,0.0017458777070130612,0.0,-0.0,0.0,-0.0,0.0,0.0,0.0,0.0
1.0,0.0,0.3,-0.2,-0.24702,0.79702,-0.275,-0.275,0.21221,-0.97722,0.6664333480673953,0.029565172569077,1.3449289117398038e-47,0.48521741371546157,0.48521741371546157,0.0,-0.0,0.0,-0.0,0.0,0.0,0.0,0.0
1.0,0.0,0.3,-0.1,-0.18218,0.78218,-0.3,-0.3,0.18268,-0.98317,0.6666666446096446,3.820416916010948e-06,5.0175083342835203e-48,0.499998089791542,0.499998089791542,0.0,-0.0,0.0,-0.0,0.0,0.0,0.0,0.0
1.0,0.0,0.3,-0.0,-0.11941,0.76941,-0.325,-0.325,0.14778,-0.98902,0.6666666608219184,0.0,-1.0024265147485494e-08,0.49999999652029076,0.49999999652029076,7.429720234656196e-09,0.0,0.0,0.0,9.553957876816161e-09,0.0,0.0,0.0
1.0,0.0,0.3,0.1,-0.05927,0.75927,-0.35,-0.35,0.10641,-0.99432,0.6666666666655962,0.0,-2.4971510783082975e-12,0.4999999999993595,0.4999999999993595,2.0342400273845263e-12,0.0,0.0,0.0,1.7438508155951632e-12,0.0,0.0,0.0
1.0,0.0,0.3,0.2,-0.00249,0.75249,-0.375,-0.375,0.05745,-0.99835,0.6666666666666666,3.3194509752034644e-17,5.4038273397942335e-50,0.5,0.5,0.0,0.0,0.0,0.0,-0.0,0.0,0.0,0.0
1.0,0.0,0.3,0.3,0.05,0.75,-0.4,-0.4,0.0,-1.0,0.6666666666666666,1.4312592902746968e-20,5.68989936753934e-51,0.5,0.5,0.0,0.0,0.0,0.0,-0.0,0.0,0.0,0.0
1.0,0.0,0.3,0.4,0.09713,0.75287,-0.425,-0.425,-0.06618,-0.99781,0.6666666666666666,1.0547565249998516e-23,3.5053054202329154e-52,0.5,0.5,0.0,0.0,0.0,0.0,0.0,-0.0,0.0,0.0
1.0,0.0,0.3,0.5,0.13775,0.76225,-0.45,-0.45,-0.14006,-0.99014,0.6666666666666666,1.4904308470982125e-26,1.1262153325133768e-53,0.5,0.5,0.0,0.0,0.0,0.0,0.0,-0.0,0.0,0.0
1.0,0.0,0.3,0.6,0.17086,0.77914,-0.475,-0.475,-0.21887,-0.97575,0.6666666666666666,4.462997012559152e-29,1.7075044764728295e-55,0.5,0.5,0.0,0.0,0.0,0.0,0.0,-0.0,0.0,0.0
1.0,0.0,0.3,0.7,0.19586,0.80414,-0.5,-0.5,-0.29833,-0.95446,0.6666666666666666,3.0071437327700446e-31,1.1505074663175102e-57,0.5,0.5,0.0,0.0,0.0,0.0,0.0,-0.0,0.0,0.0
1.0,0.0,0.3,0.8,0.21275,0.83725,-0.525,-0.525,-0.37378,-0.92752,0.6666666666666666,4.559262546748459e-33,3.445118836005724e-60,0.5,0.5,0.0,0.0,0.0,0.0,0.0,-0.0,0.0,0.0
1.0,0.0,0.3,0.9,0.22213,0.87787,-0.55,-0.55,-0.44159,-0.89722,0.6666666666666666,1.4648399410402483e-34,4.868148490574884e-63,0.5,0.5,0.0,0.0,0.0,0.0,0.0,-0.0,0.0,0.0
1.0,0.0,0.4,-1.0,-0.78882,0.98882,-0.1,-0.1,0.36653,-0.93041,0.6407662559130011,1.0,6.281678699113818e-78,1.2159829837523845e-30,1.2159829837523845e-30,0.0,-0.0,-0.0,-0.0,0.0,0.0,0.0,0.0
1.0,0.0,0.4,-0.9,-0.71613,0.96613,-0.125,-0.125,0.35844,-0.93355,0.6420466168778058,1.0,8.717189505542383e-74,2.1259365141773826e-26,2.1259365141773826e-26,0.0,-0.0,-0.0,-0.0,0.0,0.0,0.0,0.0
1.0,0.0,0.4,-0.8,-0.64373,0.94373,-0.15,-0.15,0.34934,-0.937,0.6434416894998679,1.0,1.1415322245448891e-69,3.6105930761344206e-22,3.6105930761344206e-22,0.0,-0.0,-0.0,-0.0,0.0,0.0,0.0,0.0
1.0,0.0,0.4,-0.7,-0.57166,0.92166,-0.175,-0.175,0.33905,-0.94077,0.6449520696996612,1.0,1.399382467423704e-65,5.933010006703062e-18,5.933010006703062e-18,0.0,-0.0,-0.0,-0.0,0.0,0.0,0.0,0.0
1.0,0.0,0.4,-0.6,-0.5,0.9,-0.2,-0.2,0.32733,-0.94491,0.6465936105434269,0.9999999999995789,-1.5589944269381702e-14,-3.7865323450608567e-29,-3.7865323450608567e-29,-4.944993131361438e-30,2.806912585732774e-13,-0.0,1.559019708703657e-13,0.0,0.0,0.0,0.0
1.0,0.0,0.4,-0.5,-0.42883,0.87883,-0.225,-0.225,0.31388,-0.94946,0.6483769406034493,0.9999999948709383,1.0339757656912846e-25,0.0,2.0679515313825692e-25,-1.0339757656912846e-25,4.215401241267124e-09,-3.409896940716235e-10,1.2546385436100332e-09,0.0,0.0,0.0,0.0
1.0,0.0,0.4,-0.4,-0.35828,0.85828,-0.25,-0.25,0.29833,-0.95446,0.6503119937974156,0.999960329094232,1.4637040698000582e-53,1.9835452883945913e-05,1.9835452883945913e-05,0.0,-0.0,0.0,-0.0,0.0,0.0,0.0,0.0
1.0,0.0,0.4,-0.3,-0.28847,0.83847,-0.275,-0.275,0.28019,-0.95994,0.65728141415078,0.6578781607565942,7.512130536938328e-50,0.17106091962170294,0.17106091962170294,0.0,-0.0,0.0,-0.0,0.0,0.0,0.0,0.0
1.0,0.0,0.4,-0.2,-0.21962,0.81962,-0.3,-0.3,0.25882,-0.96593,0.6666647261453801,0.00016145103588743667,1.1869190451471823e-49,0.4999192744820563,0.4999192744820563,0.0,-0.0,0.0,-0.0,0.0,0.0,0.0,0.0
1.0,0.0,0.4,-0.1,-0.15197,0.80197,-0.325,-0.325,0.23341,-0.97238,0.6666665792834832,0.0,-1.9852334701272664e-23,0.4999999344626124,0.4999999344626124,-4.2581026475627566e-08,0.0,0.0,0.0,7.480753115173866e-08,9.884831768896099e-08,0.0,0.0
1.0,0.0,0.4,-0.0,-0.08589,0.78589,-0.35,-0.35,0.2029,-0.9792,0.6666666666473487,-2.0194839173657902e-28,-2.4762288694998294e-11,0.4999999999885671,0.4999999999885671,1.5874151592034792e-11,0.0,0.0,0.0,3.1753852355148317e-11,0.0,0.0,0.0
1.0,0.0,0.4,0.1,-0.02186,0.77186,-0.375,-0.375,0.16597,-0.98613,0.6666666666666666,2.30300388402714e-16,7.788844846212062e-51,0.4999999999999999,0.4999999999999999,0.0,0.0,0.0,0.0,-0.0,0.0,0.0,0.0
1.0,0.0,0.4,0.2,0.03944,0.76056,-0.4,-0.4,0.12098,-0.99265,0.6666666666666666,4.1146537175356826e-20,1.9791996822994364e-51,0.5,0.5,0.0,0.0,0.0,0.0,-0.0,0.0,0.0,0.0
1.0,0.0,0.4,0.3,0.09713,0.75287,-0.425,-0.425,0.06618,-0.99781,0.6666666666666666,1.0547565249998516e-23,3.5053054202329154e-52,0.5,0.5,0.0,0.0,0.0,0.0,-0.0,0.0,0.0,0.0
1.0,0.0,0.4,0.4,0.15,0.75,-0.45,-0.45,0.0,-1.0,0.6666666666666666,4.37825538134826e-27,3.833824036861e-53,0.5,0.5,0.0,0.0,0.0,0.0,-0.0,0.0,0.0,0.0
1.0,0.0,0.4,0.5,0.19661,0.75339,-0.475,-0.475,-0.07801,-0.99695,0.6666666666666666,3.3987428364515715e-30,2.2421782830106239e-54,0.5,0.5,0.0,0.0,0.0,0.0,0.0,-0.0,0.0,0.0
1.0,0.0,0.4,0.6,0.23542,0.76458,-0.5,-0.5,-0.16597,-0.98613,0.6666666666666666,5.7555285984057004e-33,6.011161716406407e-56,0.5,0.5,0.0,0.0,0.0,0.0,0.0,-0.0,0.0,0.0
1.0,0.0,0.4,0.7,0.26519,0.78481,-0.525,-0.525,-0.25882,-0.96593,0.6666666666666666,2.40687944946063e-35,6.525960941508173e-58,0.5,0.5,0.0,0.0,0.0,0.0,0.0,-0.0,0.0,0.0
1.0,0.0,0.4,0.8,0.28542,0.81458,-0.55,-0.55,-0.34934,-0.937,0.6666666666666666,2.6130059411359072e-37,2.7290631971578865e-60,0.5,0.5,0.0,0.0,0.0,0.0,0.0,-0.0,0.0,0.0
1.0,0.0,0.4,0.9,0.29661,0.85339,-0.575,-0.575,-0.43092,-0.90239,0.6666666666666666,7.00533110908933e-39,4.621473890180446e-63,0.5,0.5,0.0,0.0,0.0,0.0,0.0,-0.0,0.0,0.0
1.0,0.0,0.5,-1.0,-0.77639,1.02639,-0.125,-0.125,0.39155,-0.92016,0.6365168805403857,1.0,5.084630420524173e-79,5.13442415973921e-29,5.13442415973921e-29,0.0,-0.0,-0.0,-0.0,0.0,0.0,0.0,0.0
1.0,0.0,0.5,-0.9,-0.70294,1.00294,-0.15,-0.15,0.38506,-0.92289,0.6376590448785391,1.0,8.214344658613322e-75,9.685474847744643e-25,9.685474847744643e-25,0.0,-0.0,-0.0,-0.0,0.0,0.0,0.0,0.0
1.0,0.0,0.5,-0.8,-0.62967,0.97967,-0.175,-0.175,0.37777,-0.9259,0.6389096436011632,1.0,1.2801234384657445e-70,1.794455906581928e-20,1.794455906581928e-20,0.0,-0.0,-0.0,-0.0,0.0,0.0,0.0,0.0
1.0,0.0,0.5,-0.7,-0.55664,0.95664,-0.2,-0.2,0.36953,-0.92922,0.6402783862550212,0.9999999999999993,1.9014488298419337e-66,3.2457988152997183e-16,3.2457988152997183e-16,0.0,-0.0,-0.0,-0.0,0.0,0.0,0.0,0.0
1.0,0.0,0.5,-0.6,-0.48387,0.93387,-0.225,-0.225,0.36013,-0.9329,0.6417824042914883,0.9999999999766771,1.2116903504194741e-27,8.077935669463161e-27,8.885729236409477e-27,-4.0389678347315804e-28,1.7158609552404885e-11,-1.5274919609630798e-12,7.691717376592454e-12,0.0,0.0,0.0,0.0
1.0,0.0,0.5,-0.5,-0.41144,0.91144,-0.25,-0.25,0.34934,-0.937,0.6434414416578016,0.9999996148181407,-1.3234889800848443e-23,3.970466940254533e-23,3.970466940254533e-23,1.9852334701272664e-23,2.922894529506974e-07,-2.5479349682220623e-08,1.1837317107367087e-07,0.0,0.0,0.0,0.0
1.0,0.0,0.5,-0.4,-0.33941,0.88941,-0.275,-0.275,0.33682,-0.94157,0.645338700851887,0.9968205191986317,4.281958402374853e-54,0.001589740400684165,0.001589740400684165,0.0,-0.0,0.0,-0.0,0.0,0.0,0.0,0.0
1.0,0.0,0.5,-0.3,-0.26789,0.86789,-0.3,-0.3,0.32218,-0.94668,0.6662837861252502,0.019759817283315148,9.321466836362187e-52,0.4901200913583425,0.4901200913583425,0.0,-0.0,0.0,-0.0,0.0,0.0,0.0,0.0
1.0,0.0,0.5,-0.2,-0.19702,0.84702,-0.325,-0.325,0.30483,-0.95241,0.6666666429523108,1.383147908103861e-06,6.291982928477752e-52,0.49999930842604595,0.49999930842604595,0.0,-0.0,0.0,-0.0,0.0,0.0,0.0,0.0
1.0,0.0,0.5,-0.1,-0.12697,0.82697,-0.35,-0.35,0.28405,-0.95881,0.6666666651348145,0.0,-1.451570158043722e-09,0.4999999991001849,0.4999999991001849,7.066183928083198e-10,0.0,0.0,0.0,2.5445834841695004e-09,0.0,0.0,0.0
1.0,0.0,0.5,-0.0,-0.05801,0.80801,-0.375,-0.375,0.25882,-0.96593,0.6666666666666666,8.55596939635991e-15,2.0965175425407903e-52,0.4999999999999958,0.4999999999999958,0.0,0.0,0.0,0.0,-0.0,0.0,0.0,0.0
1.0,0.0,0.5,0.1,0.00949,0.79051,-0.4,-0.4,0.22775,-0.97372,0.6666666666666666,8.223283536708918e-19,9.903247643310652e-53,0.5,0.5,0.0,0.0,0.0,0.0,-0.0,0.0,0.0,0.0
1.0,0.0,0.5,0.2,0.075,0.775,-0.425,-0.425,0.18898,-0.98198,0.6666666666666666,9.64374923981959e-23,3.833824036861e-53,0.5,0.5,0.0,0.0,0.0,0.0,-0.0,0.0,0.0,0.0
1.0,0.0,0.5,0.3,0.13775,0.76225,-0.45,-0.45,0.14006,-0.99014,0.6666666666666666,1.4904308470982125e-26,1.1262153325133768e-53,0.5,0.5,0.0,0.0,0.0,0.0,-0.0,0.0,0.0,0.0
1.0,0.0,0.5,0.4,0.19661,0.75339,-0.475,-0.475,0.07801,-0.99695,0.6666666666666666,3.3987428364515715e-30,2.2421782830106239e-54,0.5,0.5,0.0,0.0,0.0,0.0,-0.0,0.0,0.0,0.0
1.0,0.0,0.5,0.5,0.25,0.75,-0.5,-0.5,0.0,-1.0,0.6666666666666666,1.339318480904039e-33,2.5832103164189305e-55,0.5,0.5,0.0,0.0,0.0,0.0,-0.0,0.0,0.0,0.0
1.0,0.0,0.5,0.6,0.29587,0.75413,-0.525,-0.525,-0.09492,-0.99548,0.6666666666666666,1.1195380750316872e-36,1.403007332077927e-56,0.5,0.5,0.0,0.0,0.0,0.0,0.0,-0.0,0.0,0.0
1.0,0.0,0.5,0.7,0.33206,0.76794,-0.55,-0.55,-0.2029,-0.9792,0.6666666666666666,2.4637176431013674e-39,2.8944300366060707e-58,0.5,0.5,0.0,0.0,0.0,0.0,0.0,-0.0,0.0,0.0
1.0,0.0,0.5,0.8,0.35706,0.79294,-0.575,-0.575,-0.31388,-0.94946,0.6666666666666666,1.660039889992901e-41,1.950251617921285e-60,0.5,0.5,0.0,0.0,0.0,0.0,0.0,-0.0,0.0,0.0
1.0,0.0,0.5,0.9,0.37087,0.82913,-0.6,-0.6,-0.41554,-0.90958,0.6666666666666666,3.4246929504234277e-43,4.291831985637136e-63,0.5,0.5,0.0,0.0,0.0,0.0,0.0,-0.0,0.0,0.0
1.0,0.0,0.6,-1.0,-0.76652,1.06652,-0.15,-0.15,0.41554,-0.90958,0.6320201899532798,1.0,2.466518000168336e-80,1.678327078761945e-27,1.678327078761945e-27,0.0,-0.0,-0.0,-0.0,0.0,0.0,0.0,0.0
1.0,0.0,0.6,-0.9,-0.69247,1.04247,-0.175,-0.175,0.41058,-0.91182,0.6329814900531189,1.0,4.492759349950277e-76,3.3617347616964946e-23,3.3617347616964946e-23,0.0,-0.0,-0.0,-0.0,0.0,0.0,0.0,0.0
1.0,0.0,0.6,-0.8,-0.61854,1.01854,-0.2,-0.2,0.40501,-0.91431,0.6340442615596382,1.0,7.98948814338295e-72,6.653325247353696e-19,6.653325247353696e-19,0.0,-0.0,-0.0,-0.0,0.0,0.0,0.0,0.0
1.0,0.0,0.6,-0.7,-0.54474,0.99474,-0.225,-0.225,0.39872,-0.91707,0.6352150839581766,0.999999999999974,1.3843091833236905e-67,1.2997751681281712e-14,1.2997751681281712e-14,0.0,-0.0,-0.0,-0.0,0.0,0.0,0.0,0.0
1.0,0.0,0.6,-0.6,-0.47111,0.97111,-0.25,-0.25,0.39155,-0.92016,0.6365168798118999,0.9999999988555123,2.3183618986640736e-63,-5.169878828456423e-26,-1.0339757656912846e-25,-1.2924697071141057e-26,7.48821069065592e-10,-7.058739670952139e-11,4.662578398217425e-10,0.0,0.0,0.0,0.0
1.0,0.0,0.6,-0.5,-0.39768,0.94768,-0.275,-0.275,0.38332,-0.92362,0.6379634569667243,0.9999906005766743,3.730383663380254e-59,4.69971166281447e-06,4.69971166281447e-06,0.0,-0.0,0.0,-0.0,0.0,0.0,0.0,0.0
1.0,0.0,0.6,-0.4,-0.3245,0.9245,-0.3,-0.3,0.37378,-0.92752,0.6435658321334029,0.8528150597474377,4.869384524611789e-55,0.07359247012628113,0.07359247012628113,0.0,-0.0,0.0,-0.0,0.0,0.0,0.0,0.0
1.0,0.0,0.6,-0.3,-0.25163,0.90163,-0.325,-0.325,0.3626,-0.93195,0.6666584435602496,0.0003253943821102485,2.672788725415061e-54,0.49983730280894484,0.49983730280894484,0.0,-0.0,0.0,-0.0,0.0,0.0,0.0,0.0
1.0,0.0,0.6,-0.2,-0.17915,0.87915,-0.35,-0.35,0.34934,-0.937,0.6666665648564126,0.0,-2.6469779601696886e-23,0.49999992364230944,0.49999992364230944,-4.781143176397804e-08,0.0,0.0,0.0,7.870454206711616e-08,1.2182241201333786e-07,0.0,0.0
1.0,0.0,0.6,-0.1,-0.10718,0.85718,-0.375,-0.375,0.33338,-0.94279,0.6666666666449937,0.0,-1.7833156139801715e-11,0.499999999987318,0.499999999987318,6.908864431065244e-12,0.0,0.0,0.0,3.628831675341698e-11,0.0,0.0,0.0
1.0,0.0,0.6,-0.0,-0.03589,0.83589,-0.4,-0.4,0.31388,-0.94946,0.6666666666666666,7.689066620005092e-17,1.0591300261764955e-54,0.49999999999999994,0.49999999999999994,0.0,0.0,0.0,0.0,-0.0,0.0,0.0,0.0
1.0,0.0,0.6,0.1,0.03449,0.81551,-0.425,-0.425,0.28962,-0.95714,0.6666666666666666,5.540804862879679e-21,6.672755773944618e-55,0.5,0.5,0.0,0.0,0.0,0.0,-0.0,0.0,0.0,0.0
1.0,0.0,0.6,0.2,0.10359,0.79641,-0.45,-0.45,0.25882,-0.96593,0.6666666666666666,4.537971673590844e-25,3.6988905898672114e-55,0.5,0.5,0.0,0.0,0.0,0.0,-0.0,0.0,0.0,0.0
1.0,0.0,0.6,0.3,0.17086,0.77914,-0.475,-0.475,0.21887,-0.97575,0.6666666666666666,4.462997012559152e-29,1.7075044764728295e-55,0.5,0.5,0.0,0.0,0.0,0.0,-0.0,0.0,0.0,0.0
1.0,0.0,0.6,0.4,0.23542,0.76458,-0.5,-0.5,0.16597,-0.98613,0.6666666666666666,5.7555285984057004e-33,6.011161716406407e-56,0.5,0.5,0.0,0.0,0.0,0.0,-0.0,0.0,0.0,0.0
1.0,0.0,0.6,0.5,0.29587,0.75413,-0.525,-0.525,0.09492,-0.99548,0.6666666666666666,1.1195380750316872e-36,1.403007332077927e-56,0.5,0.5,0.0,0.0,0.0,0.0,-0.0,0.0,0.0,0.0
1.0,0.0,0.6,0.6,0.35,0.75,-0.55,-0.55,0.0,-1.0,0.6666666666666666,4.097006311995257e-40,1.7405534199521552e-57,0.5,0.5,0.0,0.0,0.0,0.0,-0.0,0.0,0.0,0.0
1.0,0.0,0.6,0.7,0.39472,0.75528,-0.575,-0.575,-0.12098,-0.99265,0.6666666666666666,3.842072052919921e-43,8.426430937993669e-59,0.5,0.5,0.0,0.0,0.0,0.0,0.0,-0.0,0.0,0.0
1.0,0.0,0.6,0.8,0.42679,0.77321,-0.6,-0.6,-0.25882,-0.96593,0.6666666666666666,1.2765766516237172e-45,1.1513767486596337e-60,0.5,0.5,0.0,0.0,0.0,0.0,0.0,-0.0,0.0,0.0
1.0,0.0,0.6,0.9,0.44472,0.80528,-0.625,-0.625,-0.39155,-0.92016,0.6666666666666666,1.7442980134496922e-47,3.8255937273333924e-63,0.5,0.5,0.0,0.0,0.0,0.0,0.0,-0.0,0.0,0.0
1.0,0.0,0.7,-1.0,-0.75908,1.10908,-0.175,-0.175,0.43842,-0.89877,0.627312056440959,1.0,7.359394243723658e-82,4.30256956657326e-26,4.30256956657326e-26,0.0,-0.0,-0.0,-0.0,0.0,0.0,0.0,0.0
1.0,0.0,0.7,-0.9,-0.68459,1.08459,-0.2,-0.2,0.43488,-0.90049,0.6280687706489908,1.0,1.4638239572687432e-77,9.005829103672005e-22,9.005829103672005e-22,0.0,-0.0,-0.0,-0.0,0.0,0.0,0.0,0.0
1.0,0.0,0.7,-0.8,-0.61016,1.06016,-0.225,-0.225,0.43092,-0.90239,0.6289013500302578,1.0,2.876895578291341e-73,1.8737590136287887e-17,1.8737590136287887e-17,0.0,-0.0,-0.0,-0.0,0.0,0.0,0.0,0.0
1.0,0.0,0.7,-0.7,-0.53581,1.03581,-0.25,-0.25,0.42645,-0.90451,0.6298261976751278,0.9999999999978081,5.564301257176625e-69,0.0,1.0097419586828951e-28,-2.524354896707238e-29,1.1600928701327453e-12,-1.15855796831173e-13,1.1476438932776193e-12,0.0,0.0,0.0,0.0
1.0,0.0,0.7,-0.6,-0.46155,1.01155,-0.275,-0.275,0.42137,-0.90689,0.6308592249599798,0.9999999568894757,1.0570118690230823e-64,-3.308722450212111e-24,-3.308722450212111e-24,-4.1359030627651384e-25,2.373011146295855e-08,-2.35082415478759e-09,2.1731295777595538e-08,0.0,0.0,0.0,0.0
1.0,0.0,0.7,-0.5,-0.38739,0.98739,-0.3,-0.3,0.41554,-0.90958,0.6320312880998767,0.9996796745975398,1.9675423048837626e-60,0.00016016270123005028,0.00016016270123005028,0.0,-0.0,0.0,-0.0,0.0,0.0,0.0,0.0
1.0,0.0,0.7,-0.4,-0.31336,0.96336,-0.325,-0.325,0.4088,-0.91263,0.6621647335763593,0.1350359179416205,4.821744651952071e-57,0.43248204102918975,0.43248204102918975,0.0,-0.0,0.0,-0.0,0.0,0.0,0.0,0.0
1.0,0.0,0.7,-0.3,-0.23949,0.93949,-0.35,-0.35,0.4009,-0.91612,0.6666664138891155,7.935572037489234e-06,4.978831298589959e-57,0.49999603221398126,0.49999603221398126,0.0,-0.0,0.0,-0.0,0.0,0.0,0.0,0.0
1.0,0.0,0.7,-0.2,-0.16583,0.91583,-0.375,-0.375,0.39155,-0.92016,0.6666666555192116,0.0,-7.973339229126899e-09,0.4999999935017208,0.4999999935017208,2.0955334747043077e-09,0.0,0.0,0.0,1.8874413059580208e-08,0.0,0.0,0.0
1.0,0.0,0.7,-0.1,-0.09244,0.89244,-0.4,-0.4,0.3803,-0.92486,0.6666666666661224,0.0,-3.992882309393769e-13,0.49999999999968253,0.49999999999968253,1.1485037469840093e-13,0.0,0.0,0.0,9.194581382399726e-13,0.0,0.0,0.0
1.0,0.0,0.7,-0.0,-0.01941,0.86941,-0.425,-0.425,0.36653,-0.93041,0.6666666666666666,1.2145631846370403e-18,3.044093391660729e-57,0.5,0.5,0.0,0.0,0.0,0.0,-0.0,0.0,0.0,0.0
1.0,0.0,0.7,0.1,0.05314,0.84686,-0.45,-0.45,0.34934,-0.937,0.6666666666666666,7.044942322486198e-23,2.3826257124849568e-57,0.5,0.5,0.0,0.0,0.0,0.0,-0.0,0.0,0.0,0.0
1.0,0.0,0.7,0.2,0.125,0.825,-0.475,-0.475,0.32733,-0.94491,0.6666666666666666,4.37825538134826e-27,1.7405534199521552e-57,0.5,0.5,0.0,0.0,0.0,0.0,-0.0,0.0,0.0,0.0
1.0,0.0,0.7,0.3,0.19586,0.80414,-0.5,-0.5,0.29833,-0.95446,0.6666666666666666,3.0071437327700446e-31,1.1505074663175102e-57,0.5,0.5,0.0,0.0,0.0,0.0,-0.0,0.0,0.0,0.0
1.0,0.0,0.7,0.4,0.26519,0.78481,-0.525,-0.525,0.25882,-0.96593,0.6666666666666666,2.40687944946063e-35,6.525960941508173e-58,0.5,0.5,0.0,0.0,0.0,0.0,-0.0,0.0,0.0,0.0
1.0,0.0,0.7,0.5,0.33206,0.76794,-0.55,-0.55,0.2029,-0.9792,0.6666666666666666,2.4637176431013674e-39,2.8944300366060707e-58,0.5,0.5,0.0,0.0,0.0,0.0,-0.0,0.0,0.0,0.0
1.0,0.0,0.7,0.6,0.39472,0.75528,-0.575,-0.575,0.12098,-0.99265,0.6666666666666666,3.842072052919921e-43,8.426430937993669e-59,0.5,0.5,0.0,0.0,0.0,0.0,-0.0,0.0,0.0,0.0
1.0,0.0,0.7,0.7,0.45,0.75,-0.6,-0.6,0.0,-1.0,0.6666666666666666,1.2532837379499765e-46,1.1727756692714572e-59,0.5,0.5,0.0,0.0,0.0,0.0,-0.0,0.0,0.0,0.0
1.0,0.0,0.7,0.8,0.49271,0.75729,-0.625,-0.625,-0.16597,-0.98613,0.6666666666666666,1.4369493740186844e-49,4.643848739215549e-61,0.5,0.5,0.0,0.0,0.0,0.0,0.0,-0.0,0.0,0.0
1.0,0.0,0.7,0.9,0.51771,0.78229,-0.65,-0.65,-0.34934,-0.937,0.6666666666666666,9.682088722506865e-52,3.1290006676604233e-63,0.5,0.5,0.0,0.0,0.0,0.0,0.0,-0.0,0.0,0.0
1.0,0.0,0.8,-1.0,-0.75394,1.15394,-0.2,-0.2,0.46013,-0.88785,0.6224416540913243,1.0,1.3861951871275662e-83,8.763780053685416e-25,8.763780053685416e-25,0.0,-0.0,-0.0,-0.0,0.0,0.0,0.0,0.0
1.0,0.0,0.8,-0.9,-0.67916,1.12916,-0.225,-0.225,0.4579,-0.889,0.6229599089934369,1.0,2.921865688100604e-79,1.8883470314834192e-20,1.8883470314834192e-20,0.0,-0.0,-0.0,-0.0,0.0,0.0,0.0,0.0
1.0,0.0,0.8,-0.8,-0.6044,1.1044,-0.25,-0.25,0.45541,-0.89028,0.6235352769558795,0.9999999999999992,6.134214134693179e-75,4.060724832716376e-16,4.060724832716376e-16,0.0,-0.0,-0.0,-0.0,0.0,0.0,0.0,0.0
1.0,0.0,0.8,-0.7,-0.52967,1.07967,-0.275,-0.275,0.4526,-0.89171,0.6241762320981381,0.9999999999344026,8.077935669463161e-28,4.8467614016778965e-27,1.6155871338926322e-27,-1.2116903504194741e-27,2.6114744086475018e-11,-2.7142688446321553e-12,4.219675805411414e-11,0.0,0.0,0.0,0.0
1.0,0.0,0.8,-0.6,-0.45498,1.05498,-0.3,-0.3,0.44942,-0.89332,0.6248955540770618,0.9999996281789665,2.650148737511582e-66,1.859105167344371e-07,1.859105167344371e-07,0.0,-0.0,-0.0,-0.0,0.0,0.0,0.0,0.0
1.0,0.0,0.8,-0.5,-0.38034,1.03034,-0.325,-0.325,0.44579,-0.89514,0.6260267567897265,0.9921616120861545,5.389251441098109e-62,0.003919193956922775,0.003919193956922775,0.0,-0.0,0.0,-0.0,0.0,0.0,0.0,0.0
1.0,0.0,0.8,-0.4,-0.30574,1.00574,-0.35,-0.35,0.44159,-0.89722,0.6664286125160707,0.00594556041784014,6.566592768264999e-60,0.49702721979108,0.49702721979108,0.0,-0.0,0.0,-0.0,0.0,0.0,0.0,0.0
1.0,0.0,0.8,-0.3,-0.23122,0.98122,-0.375,-0.375,0.4367,-0.89961,0.6666664689419596,5.293955920339377e-23,-1.5855480933227305e-24,0.49999985170646977,0.49999985170646977,-9.138918646269781e-25,7.926324339463235e-08,0.0,2.7905175340753567e-07,0.0,-6.172649986178474e-08,0.0,0.0
1.0,0.0,0.8,-0.2,-0.15678,0.95678,-0.4,-0.4,0.43092,-0.90239,0.6666666661073904,0.0,-3.6828522082946196e-10,0.49999999967467146,0.49999999967467146,6.360275701517259e-11,0.0,0.0,0.0,9.553394034428779e-10,0.0,0.0,0.0
1.0,0.0,0.8,-0.1,-0.08244,0.93244,-0.425,-0.425,0.42399,-0.90567,0.6666666666666666,6.634042237617835e-16,5.573138716457195e-60,0.49999999999999967,0.49999999999999967,0.0,0.0,0.0,0.0,-0.0,0.0,0.0,0.0
1.0,0.0,0.8,-0.0,-0.00826,0.90826,-0.45,-0.45,0.41554,-0.90958,0.6666666666666666,3.269230641247363e-20,5.134376421397011e-60,0.5,0.5,0.0,0.0,0.0,0.0,-0.0,0.0,0.0,0.0
1.0,0.0,0.8,0.1,0.06573,0.88427,-0.475,-0.475,0.40501,-0.91431,0.6666666666666666,1.6419672264453513e-24,4.641132450571074e-60,0.5,0.5,0.0,0.0,0.0,0.0,-0.0,0.0,0.0,0.0
1.0,0.0,0.8,0.2,0.13944,0.86056,-0.5,-0.5,0.39155,-0.92016,0.6666666666666666,8.480933414978949e-29,4.0794345947007273e-60,0.5,0.5,0.0,0.0,0.0,0.0,-0.0,0.0,0.0,0.0
1.0,0.0,0.8,0.3,0.21275,0.83725,-0.525,-0.525,0.37378,-0.92752,0.6666666666666666,4.559262546748459e-33,3.445118836005724e-60,0.5,0.5,0.0,0.0,0.0,0.0,-0.0,0.0,0.0,0.0
1.0,0.0,0.8,0.4,0.28542,0.81458,-0.55,-0.55,0.34934,-0.937,0.6666666666666666,2.6130059411359072e-37,2.7290631971578865e-60,0.5,0.5,0.0,0.0,0.0,0.0,-0.0,0.0,0.0,0.0
1.0,0.0,0.8,0.5,0.35706,0.79294,-0.575,-0.575,0.31388,-0.94946,0.6666666666666666,1.660039889992901e-41,1.950251617921285e-60,0.5,0.5,0.0,0.0,0.0,0.0,-0.0,0.0,0.0,0.0
1.0,0.0,0.8,0.6,0.42679,0.77321,-0.6,-0.6,0.25882,-0.96593,0.6666666666666666,1.2765766516237172e-45,1.1513767486596337e-60,0.5,0.5,0.0,0.0,0.0,0.0,-0.0,0.0,0.0,0.0
1.0,0.0,0.8,0.7,0.49271,0.75729,-0.625,-0.625,0.16597,-0.98613,0.6666666666666666,1.4369493740186844e-49,4.643848739215549e-61,0.5,0.5,0.0,0.0,0.0,0.0,-0.0,0.0,0.0,0.0
1.0,0.0,0.8,0.8,0.55,0.75,-0.65,-0.65,0.0,-1.0,0.6666666666666666,3.833824036861e-53,7.902100301368063e-62,0.5,0.5,0.0,0.0,0.0,0.0,-0.0,0.0,0.0,0.0
1.0,0.0,0.8,0.9,0.5884,0.7616,-0.675,-0.675,-0.25882,-0.96593,0.6666666666666666,6.76402432386308e-56,2.0334089656992432e-63,0.5,0.5,0.0,0.0,0.0,0.0,0.0,-0.0,0.0,0.0
1.0,0.0,0.9,-1.0,-0.75096,1.20096,-0.225,-0.225,0.48066,-0.87691,0.6174493803255396,1.0,1.6950850295388813e-85,1.4382932087019442e-23,1.4382932087019442e-23,0.0,-0.0,-0.0,-0.0,0.0,0.0,0.0,0.0
1.0,0.0,0.9,-0.9,-0.67601,1.17601,-0.25,-0.25,0.47961,-0.87748,0.6177122449007935,1.0,3.6965225727560936e-81,3.1522508930819483e-19,3.1522508930819483e-19,0.0,-0.0,-0.0,-0.0,0.0,0.0,0.0,0.0
1.0,0.0,0.9,-0.8,-0.60107,1.15107,-0.275,-0.275,0.47844,-0.87812,0.6180070322830021,0.9999999999999862,8.045011102889304e-77,6.90175960914741e-15,6.90175960914741e-15,0.0,-0.0,-0.0,-0.0,0.0,0.0,0.0,0.0
1.0,0.0,0.9,-0.7,-0.52614,1.12614,-0.3,-0.3,0.47712,-0.87884,0.6183382126189123,0.9999999980107048,1.2924697071141057e-26,0.0,0.0,1.2924697071141057e-26,4.5282243008628224e-10,-4.875322061530124e-11,1.5852314805121798e-09,0.0,0.0,0.0,0.0
1.0,0.0,0.9,-0.6,-0.45121,1.10121,-0.325,-0.325,0.47564,-0.87964,0.6187059452542066,0.9999933961610787,3.795361714462392e-68,3.3019194605979582e-06,3.3019194605979582e-06,0.0,-0.0,0.0,-0.0,0.0,0.0,0.0,0.0
1.0,0.0,0.9,-0.5,-0.37629,1.07629,-0.35,-0.35,0.47395,-0.88055,0.6251183140330165,0.8738958244841649,7.189717262412704e-64,0.06305208775791747,0.06305208775791747,0.0,-0.0,0.0,-0.0,0.0,0.0,0.0,0.0
1.0,0.0,0.9,-0.4,-0.30139,1.05139,-0.375,-0.375,0.47201,-0.88159,0.6666517141009342,0.00031768033666904787,5.642887752085018e-63,0.4998411598316655,0.4998411598316655,0.0,-0.0,0.0,-0.0,0.0,0.0,0.0,0.0
1.0,0.0,0.9,-0.3,-0.2265,1.0265,-0.4,-0.4,0.46975,-0.8828,0.6666666374852188,0.0,2.895132143935597e-23,0.4999999781139141,0.4999999781139141,1.6026624368214911e-24,3.089697549156927e-08,0.0,0.0,-1.451704821755284e-08,2.7392257759787674e-08,0.0,0.0
1.0,0.0,0.9,-0.2,-0.15163,1.00163,-0.425,-0.425,0.46711,-0.8842,0.6666666666110136,0.0,-3.419899825101924e-11,0.49999999996768024,0.49999999996768024,2.898524656649041e-12,0.0,0.0,0.0,9.59398721433148e-11,0.0,0.0,0.0
1.0,0.0,0.9,-0.1,-0.07678,0.97678,-0.45,-0.45,0.46395,-0.88586,0.6666666666666666,3.091942086187799e-17,5.428775912560708e-63,0.5,0.5,0.0,0.0,0.0,0.0,-0.0,0.0,0.0,0.0
1.0,0.0,0.9,-0.0,-0.00197,0.95197,-0.475,-0.475,0.46013,-0.88785,0.6666666666666666,1.4306655739448742e-21,5.326602887645393e-63,0.5,0.5,0.0,0.0,0.0,0.0,-0.0,0.0,0.0,0.0
1.0,0.0,0.9,0.1,0.0728,0.9272,-0.5,-0.5,0.45541,-0.89028,0.6666666666666666,6.646332755957009e-26,5.205489168054268e-63,0.5,0.5,0.0,0.0,0.0,0.0,-0.0,0.0,0.0,0.0
1.0,0.0,0.9,0.2,0.14751,0.90249,-0.525,-0.525,0.44942,-0.89332,0.6666666666666666,3.106217068950287e-30,5.056697883450502e-63,0.5,0.5,0.0,0.0,0.0,0.0,-0.0,0.0,0.0,0.0
1.0,0.0,0.9,0.3,0.22213,0.87787,-0.55,-0.55,0.44159,-0.89722,0.6666666666666666,1.4648399410402483e-34,4.868148490574884e-63,0.5,0.5,0.0,0.0,0.0,0.0,-0.0,0.0,0.0,0.0
1.0,0.0,0.9,0.4,0.29661,0.85339,-0.575,-0.575,0.43092,-0.90239,0.6666666666666666,7.00533110908933e-39,4.621473890180446e-63,0.5,0.5,0.0,0.0,0.0,0.0,-0.0,0.0,0.0,0.0
1.0,0.0,0.9,0.5,0.37087,0.82913,-0.6,-0.6,0.41554,-0.90958,0.6666666666666666,3.4246929504234277e-43,4.291831985637136e-63,0.5,0.5,0.0,0.0,0.0,0.0,-0.0,0.0,0.0,0.0
1.0,0.0,0.9,0.6,0.44472,0.80528,-0.625,-0.625,0.39155,-0.92016,0.6666666666666666,1.7442980134496922e-47,3.8255937273333924e-63,0.5,0.5,0.0,0.0,0.0,0.0,-0.0,0.0,0.0,0.0
1.0,0.0,0.9,0.7,0.51771,0.78229,-0.65,-0.65,0.34934,-0.937,0.6666666666666666,9.682088722506865e-52,3.1290006676604233e-63,0.5,0.5,0.0,0.0,0.0,0.0,-0.0,0.0,0.0,0.0
1.0,0.0,0.9,0.8,0.5884,0.7616,-0.675,-0.675,0.25882,-0.96593,0.6666666666666666,6.76402432386308e-56,2.0334089656992432e-63,0.5,0.5,0.0,0.0,0.0,0.0,-0.0,0.0,0.0,0.0
1.0,0.0,0.9,0.9,0.65,0.75,-0.7,-0.7,0.0,-1.0,0.6666666666666666,1.1727756692714572e-59,5.324393301207532e-64,0.5,0.5,0.0,0.0,0.0,0.0,-0.0,0.0,0.0,0.0
