j1,j3,j2,j4,e1,e2,Eigenvalue3,Eigenvalue4,First Eigenvector Comp 3,First Eigenvector Comp 4,concur_fin,density_fin_1,density_fin_2,density_fin_3,density_fin_4,density_fin_5,density_fin_6,density_fin_7,density_fin_8,density_fin_9,density_fin_10,density_fin_11,density_fin_12,density_fin_13
1.0,0.0,-1.0,-1.0,0.5,0.5,-1.20711,0.20711,0.70711,0.70711,0.6454889968478545,7.263646493362402e-75,7.263646493362402e-75,1.0,3.8124642530136186e-62,0.0,-0.0,-0.0,0.0,0.0,0.0,0.0,-0.0,0.0
1.0,0.0,-1.0,-0.9,0.5,0.45,-1.18255,0.23255,-0.71949,-0.6945,0.6406791772001701,8.468021409559402e-74,1.2567658087409647e-71,1.0,3.4913056068160493e-62,0.0,-0.0,-0.0,0.0,0.0,0.0,0.0,-0.0,0.0
1.0,0.0,-1.0,-0.8,0.5,0.4,-1.15887,0.25887,-0.73162,-0.68171,0.6353506680562799,9.040475644530403e-73,1.9912972755303213e-68,1.0,2.681230324889818e-62,0.0,-0.0,-0.0,0.0,0.0,0.0,0.0,-0.0,0.0
1.0,0.0,-1.0,-0.7,0.5,0.35,-1.13607,0.28607,-0.74346,-0.66878,0.6295306600545547,8.838584112670495e-72,2.889348501237584e-65,1.0,1.7268099825416493e-62,0.0,-0.0,-0.0,0.0,0.0,0.0,0.0,-0.0,0.0
1.0,0.0,-1.0,-0.6,0.5,0.3,-1.11414,0.31414,-0.75499,-0.65573,0.6232467635652267,7.921191231843755e-71,3.843086291875793e-62,1.0,9.345181460330559e-63,0.0,-0.0,-0.0,0.0,0.0,0.0,0.0,-0.0,0.0
1.0,0.0,-1.0,-0.5,0.5,0.25,-1.09307,0.34307,-0.76618,-0.64262,0.6165134468946767,6.514018257003293e-70,4.69041228877416e-59,1.0,4.258260989988237e-63,0.0,-0.0,-0.0,0.0,0.0,0.0,0.0,-0.0,0.0
1.0,0.0,-1.0,-0.4,0.5,0.2,-1.07284,0.37284,-0.77702,-0.62948,0.6093513144286961,4.925232179650747e-69,5.263336849594404e-56,1.0,1.6402699937557192e-63,0.0,-0.0,-0.0,0.0,0.0,0.0,0.0,-0.0,0.0
1.0,0.0,-1.0,-0.3,0.5,0.15,-1.05344,0.40344,-0.78748,-0.61634,0.6018266870122747,3.4273464210758976e-68,5.435817529564665e-53,1.0,5.3518695668895555e-64,0.0,-0.0,-0.0,0.0,0.0,0.0,0.0,-0.0,0.0
1.0,0.0,-1.0,-0.2,0.5,0.1,-1.03485,0.43485,-0.79755,-0.60326,0.5939506869803736,2.1994365866774814e-67,5.177149678461834e-50,1.0,1.4850463020777599e-64,0.0,-0.0,-0.0,0.0,0.0,0.0,0.0,-0.0,0.0
1.0,0.0,-1.0,-0.1,0.5,0.05,-1.01704,0.46704,-0.80722,-0.59025,0.5857891026439234,1.3055392027300383e-66,4.560806038434414e-47,1.0,3.525530934409894e-65,0.0,-0.0,-0.0,0.0,0.0,0.0,0.0,-0.0,0.0
1.0,0.0,-1.0,-0.0,0.5,0.0,-1.0,0.5,-0.8165,-0.57735,0.5773429868062513,7.17509597316441e-66,3.7200759760208356e-44,1.0,7.17509597316441e-66,0.0,-0.0,-0.0,0.0,0.0,0.0,0.0,-0.0,0.0
1.0,0.0,-1.0,0.1,0.5,-0.05,-0.9837,0.5337,-0.82537,-0.5646,0.5686833016190797,3.6620790940508333e-65,2.817891225268698e-41,1.0,1.2593757196752158e-66,0.0,-0.0,-0.0,0.0,0.0,0.0,0.0,-0.0,0.0
1.0,0.0,-1.0,0.2,0.5,-0.1,-0.96811,0.56811,-0.83384,-0.55201,0.5598471163156894,1.7409761325036197e-64,1.9882076088118638e-38,1.0,1.917843217848384e-67,0.0,-0.0,-0.0,0.0,0.0,0.0,0.0,-0.0,0.0
1.0,0.0,-1.0,0.3,0.5,-0.15,-0.95322,0.60322,-0.84191,-0.53962,0.5508702129626133,7.7171563799796e-64,1.3079725345860012e-35,1.0,2.5390406773213254e-68,0.0,-0.0,-0.0,0.0,0.0,0.0,0.0,-0.0,0.0
1.0,0.0,-1.0,0.4,0.5,-0.2,-0.93899,0.63899,-0.84959,-0.52744,0.5417923372762772,3.202272963083309e-63,8.055121246178661e-33,1.0,2.945773457035379e-69,0.0,-0.0,-0.0,0.0,0.0,0.0,0.0,-0.0,0.0
1.0,0.0,-1.0,0.5,0.5,-0.25,-0.92539,0.67539,-0.85689,-0.5155,0.5326361464615991,1.2476674469285094e-62,4.657844510912501e-30,1.0,3.0130610121654764e-70,0.0,-0.0,-0.0,0.0,0.0,0.0,0.0,-0.0,0.0
1.0,0.0,-1.0,0.6,0.5,-0.3,-0.9124,0.7124,-0.86382,-0.5038,0.5234485901153324,4.573486231574691e-62,2.5339960189378258e-27,1.0,2.7279259701664854e-71,0.0,-0.0,-0.0,0.0,0.0,0.0,0.0,-0.0,0.0
1.0,0.0,-1.0,0.7,0.5,-0.35,-0.9,0.75,-0.87039,-0.49237,0.5142513945323283,1.580420060273613e-61,1.2995814250075031e-24,1.0,2.194878508014299e-72,0.0,-0.0,-0.0,0.0,0.0,0.0,0.0,-0.0,0.0
1.0,0.0,-1.0,0.8,0.5,-0.4,-0.88815,0.78815,-0.87661,-0.4812,0.5050974233013061,5.1690590635173435e-61,6.308336709640059e-22,1.0,1.5820346765858864e-73,0.0,-0.0,-0.0,0.0,0.0,0.0,0.0,-0.0,0.0
1.0,0.0,-1.0,0.9,0.5,-0.45,-0.87684,0.82684,-0.8825,-0.47031,0.49598403192368984,1.601764092427878e-60,2.9011777257736382e-19,1.0,1.0235703736122793e-74,0.0,-0.0,-0.0,0.0,0.0,0.0,0.0,-0.0,0.0
1.0,0.0,-0.9,-1.0,0.5,0.5,-1.1364,0.1364,0.70711,0.70711,0.6454889968478545,8.551670941179581e-72,8.551670941179581e-72,1.0,5.284432359886061e-56,0.0,-0.0,-0.0,0.0,0.0,0.0,0.0,-0.0,0.0
1.0,0.0,-0.9,-0.9,0.5,0.45,-1.11189,0.16189,-0.72085,-0.69309,0.6401105155798267,9.919887718937553e-71,1.4722418743103748e-68,1.0,4.791124806052404e-56,0.0,-0.0,-0.0,0.0,0.0,0.0,0.0,-0.0,0.0
1.0,0.0,-0.9,-0.8,0.5,0.4,-1.08836,0.18836,-0.73428,-0.67885,0.6340919274163619,1.0432818990036088e-69,2.2979813062743983e-65,1.0,3.570712685521679e-56,0.0,-0.0,-0.0,0.0,0.0,0.0,0.0,-0.0,0.0
1.0,0.0,-0.9,-0.7,0.5,0.35,-1.0658,0.2158,-0.74734,-0.66444,0.6274862894204982,9.957951886736215e-69,3.255271771198212e-62,1.0,2.191892240817885e-56,0.0,-0.0,-0.0,0.0,0.0,0.0,0.0,-0.0,0.0
1.0,0.0,-0.9,-0.6,0.5,0.3,-1.0442,0.2442,-0.76001,-0.64991,0.6203003410424285,8.634677160624654e-68,4.189244831934914e-59,1.0,1.1104498546326418e-56,0.0,-0.0,-0.0,0.0,0.0,0.0,0.0,-0.0,0.0
1.0,0.0,-0.9,-0.5,0.5,0.25,-1.02356,0.27356,-0.77225,-0.63532,0.6125803287665932,6.80189486920971e-67,4.897697553609266e-56,1.0,4.6429516741562654e-57,0.0,-0.0,-0.0,0.0,0.0,0.0,0.0,-0.0,0.0
1.0,0.0,-0.9,-0.4,0.5,0.2,-1.00383,0.30383,-0.78403,-0.62072,0.6043830692531703,4.892072988118484e-66,5.22790136384906e-53,1.0,1.61825806249295e-57,0.0,-0.0,-0.0,0.0,0.0,0.0,0.0,-0.0,0.0
1.0,0.0,-0.9,-0.3,0.5,0.15,-0.98502,0.33502,-0.79534,-0.60616,0.5957418746270556,3.209230037339907e-65,5.089882010789425e-50,1.0,4.6923587774716145e-58,0.0,-0.0,-0.0,0.0,0.0,0.0,0.0,-0.0,0.0
1.0,0.0,-0.9,-0.2,0.5,0.1,-0.96708,0.36708,-0.80617,-0.59169,0.5867002658780551,1.9298570862866515e-64,4.542599252128974e-47,1.0,1.1433189515994715e-58,0.0,-0.0,-0.0,0.0,0.0,0.0,0.0,-0.0,0.0
1.0,0.0,-0.9,-0.1,0.5,0.05,-0.95,0.4,-0.8165,-0.57735,0.5773429868062513,1.0648786602415064e-63,3.7200759760208356e-44,1.0,2.3455513385429143e-59,0.0,-0.0,-0.0,0.0,0.0,0.0,0.0,-0.0,0.0
1.0,0.0,-0.9,-0.0,0.5,0.0,-0.93374,0.43374,-0.82633,-0.56319,0.5677137480367827,5.413310665369341e-63,2.8066421734699783e-41,1.0,4.084117128105455e-60,0.0,-0.0,-0.0,0.0,0.0,0.0,0.0,-0.0,0.0
1.0,0.0,-0.9,0.1,0.5,-0.05,-0.91827,0.46827,-0.83566,-0.54924,0.5578802389030005,2.54282524898692e-62,1.9566494257735632e-38,1.0,6.072015984824939e-61,0.0,-0.0,-0.0,0.0,0.0,0.0,0.0,-0.0,0.0
1.0,0.0,-0.9,0.2,0.5,-0.1,-0.90356,0.50356,-0.84451,-0.53554,0.5478574029663164,1.1070409806922194e-61,1.264248980779317e-35,1.0,7.754518964532811e-62,0.0,-0.0,-0.0,0.0,0.0,0.0,0.0,-0.0,0.0
1.0,0.0,-0.9,0.3,0.5,-0.15,-0.88958,0.53958,-0.85288,-0.52211,0.5377265593219719,4.48030297566476e-61,7.593617325153815e-33,1.0,8.557951567250842e-63,0.0,-0.0,-0.0,0.0,0.0,0.0,0.0,-0.0,0.0
1.0,0.0,-0.9,0.4,0.5,-0.2,-0.87629,0.57629,-0.86078,-0.50897,0.5275467776025239,1.6923288187788728e-60,4.256949354667332e-30,1.0,8.22720175674999e-64,0.0,-0.0,-0.0,0.0,0.0,0.0,0.0,-0.0,0.0
1.0,0.0,-0.9,0.5,0.5,-0.25,-0.86366,0.61366,-0.86824,-0.49615,0.5173136525091145,5.984097773198617e-60,2.2340085119856465e-27,1.0,6.931186735279606e-65,0.0,-0.0,-0.0,0.0,0.0,0.0,0.0,-0.0,0.0
1.0,0.0,-0.9,0.6,0.5,-0.3,-0.85166,0.65166,-0.87526,-0.48366,0.5071182289274783,1.9867904284106876e-59,1.1008055520751026e-24,1.0,5.148040401009462e-66,0.0,-0.0,-0.0,0.0,0.0,0.0,0.0,-0.0,0.0
1.0,0.0,-0.9,0.7,0.5,-0.35,-0.84026,0.69026,-0.88186,-0.47151,0.4969950949119858,6.212233459809192e-59,5.108327472621687e-22,1.0,3.391258971936998e-67,0.0,-0.0,-0.0,0.0,0.0,0.0,0.0,-0.0,0.0
1.0,0.0,-0.9,0.8,0.5,-0.4,-0.82942,0.72942,-0.88807,-0.4597,0.4869503211235529,1.8366355522502826e-58,2.2414360784275117e-19,1.0,1.9972801371622148e-68,0.0,-0.0,-0.0,0.0,0.0,0.0,0.0,-0.0,0.0
1.0,0.0,-0.9,0.9,0.5,-0.45,-0.81912,0.76912,-0.89391,-0.44825,0.47699742125299616,5.144537096202021e-58,9.317986652013507e-17,1.0,1.0558766994571311e-69,0.0,-0.0,-0.0,0.0,0.0,0.0,0.0,-0.0,0.0
1.0,0.0,-0.8,-1.0,0.5,0.5,-1.06569,0.06569,0.70711,0.70711,0.6454889968478545,1.0068094028673375e-68,1.0068094028673375e-68,1.0,7.324717954833916e-50,0.0,-0.0,-0.0,0.0,0.0,0.0,0.0,-0.0,0.0
1.0,0.0,-0.8,-0.9,0.5,0.45,-1.04124,0.09124,-0.72255,-0.69132,0.6393886828944564,1.1609065756339248e-67,1.7229381231278507e-65,1.0,6.561732375359641e-50,0.0,-0.0,-0.0,0.0,0.0,0.0,0.0,-0.0,0.0
1.0,0.0,-0.8,-0.8,0.5,0.4,-1.01789,0.11789,-0.73758,-0.67526,0.632497798328919,1.1991537954752323e-66,2.641312005874785e-62,1.0,4.717385137074736e-50,0.0,-0.0,-0.0,0.0,0.0,0.0,0.0,-0.0,0.0
1.0,0.0,-0.8,-0.7,0.5,0.35,-0.99564,0.14564,-0.75214,-0.659,0.6248580859351053,1.1096349025669682e-65,3.6274157735928167e-59,1.0,2.7216944603269837e-50,0.0,-0.0,-0.0,0.0,0.0,0.0,0.0,-0.0,0.0
1.0,0.0,-0.8,-0.6,0.5,0.3,-0.97446,0.17446,-0.76618,-0.64262,0.6165134468946767,9.226050369275459e-65,4.476158530270095e-56,1.0,1.2677639123766187e-50,0.0,-0.0,-0.0,0.0,0.0,0.0,0.0,-0.0,0.0
1.0,0.0,-0.8,-0.5,0.5,0.25,-0.95433,0.20433,-0.77967,-0.62619,0.6075083344413816,6.906382275988604e-64,4.9729336056806545e-53,1.0,4.7866928390079313e-51,0.0,-0.0,-0.0,0.0,0.0,0.0,0.0,-0.0,0.0
1.0,0.0,-0.8,-0.4,0.5,0.2,-0.93523,0.23523,-0.79256,-0.60979,0.5979391033995708,4.66394127863535e-63,4.984108992385936e-50,1.0,1.4708489376414198e-51,0.0,-0.0,-0.0,0.0,0.0,0.0,0.0,-0.0,0.0
1.0,0.0,-0.8,-0.3,0.5,0.15,-0.91714,0.26714,-0.80484,-0.59349,0.5878585069535276,2.8470283486736936e-62,4.515425260114171e-47,1.0,3.692947189812682e-52,0.0,-0.0,-0.0,0.0,0.0,0.0,0.0,-0.0,0.0
1.0,0.0,-0.8,-0.2,0.5,0.1,-0.9,0.3,-0.8165,-0.57735,0.5773429868062513,1.580420060273613e-61,3.720075976020836e-44,1.0,7.667648073722e-53,0.0,-0.0,-0.0,0.0,0.0,0.0,0.0,-0.0,0.0
1.0,0.0,-0.8,-0.1,0.5,0.05,-0.88379,0.33379,-0.82752,-0.56143,0.5665061820051572,7.993995302308608e-61,2.792643987231114e-41,1.0,1.3218204677426887e-53,0.0,-0.0,-0.0,0.0,0.0,0.0,0.0,-0.0,0.0
1.0,0.0,-0.8,-0.0,0.5,0.0,-0.86847,0.36847,-0.83792,-0.54579,0.5553838015567626,3.699159307495605e-60,1.917905171269679e-38,1.0,1.9071214703482707e-54,0.0,-0.0,-0.0,0.0,0.0,0.0,0.0,-0.0,0.0
1.0,0.0,-0.8,0.1,0.5,-0.05,-0.85399,0.40399,-0.84771,-0.53047,0.5440546798072072,1.5738431377094225e-59,1.2110384985691343e-35,1.0,2.3260699219508068e-55,0.0,-0.0,-0.0,0.0,0.0,0.0,0.0,-0.0,0.0
1.0,0.0,-0.8,0.2,0.5,-0.1,-0.84031,0.44031,-0.85689,-0.5155,0.5326361464615991,6.181249816168505e-59,7.059032968361273e-33,1.0,2.4175755705902715e-56,0.0,-0.0,-0.0,0.0,0.0,0.0,0.0,-0.0,0.0
1.0,0.0,-0.8,0.3,0.5,-0.15,-0.8274,0.4774,-0.86549,-0.50092,0.5211623600578433,2.24776276224804e-58,3.8097089297202656e-30,1.0,2.154051097635568e-57,0.0,-0.0,-0.0,0.0,0.0,0.0,0.0,-0.0,0.0
1.0,0.0,-0.8,0.4,0.5,-0.2,-0.81521,0.51521,-0.87354,-0.48675,0.5096772617973083,7.605984667449561e-58,1.9132387962920886e-27,1.0,1.6618565709712157e-58,0.0,-0.0,-0.0,0.0,0.0,0.0,0.0,-0.0,0.0
1.0,0.0,-0.8,0.5,0.5,-0.25,-0.80369,0.55369,-0.88106,-0.47301,0.49824715476954895,2.406925725602215e-57,8.985636201994098e-25,1.0,1.1213356132374288e-59,0.0,-0.0,-0.0,0.0,0.0,0.0,0.0,-0.0,0.0
1.0,0.0,-0.8,0.6,0.5,-0.3,-0.79282,0.59282,-0.88807,-0.4597,0.4869503211235529,7.137412392567806e-57,3.9545706868908823e-22,1.0,6.643843740842392e-61,0.0,-0.0,-0.0,0.0,0.0,0.0,0.0,-0.0,0.0
1.0,0.0,-0.8,0.7,0.5,-0.35,-0.78255,0.63255,-0.89461,-0.44684,0.4757802847602924,1.9932474790707383e-56,1.639049936378875e-19,1.0,3.4913056068160614e-62,0.0,-0.0,-0.0,0.0,0.0,0.0,0.0,-0.0,0.0
1.0,0.0,-0.8,0.8,0.5,-0.4,-0.77284,0.67284,-0.90071,-0.43443,0.4647650745930962,5.263336849594479e-56,6.423393630349588e-17,1.0,1.6402699937557543e-63,0.0,-0.0,-0.0,0.0,0.0,0.0,0.0,-0.0,0.0
1.0,0.0,-0.8,0.9,0.5,-0.45,-0.76366,0.71366,-0.90638,-0.42246,0.4539998502689743,1.3180852491413524e-55,0.0,0.9999999999999761,-1.7428221619541437e-29,0.0,-0.0,2.5365779876883548e-14,0.0,0.0,0.0,0.0,-0.0,0.0
1.0,0.0,-0.7,-1.0,0.5,0.5,-0.99497,-0.00503,0.70711,0.70711,0.6454889968478545,1.186527583739564e-65,1.186527583739564e-65,1.0,1.0173070600116236e-43,0.0,-0.0,-0.0,0.0,0.0,0.0,0.0,-0.0,0.0
1.0,0.0,-0.7,-0.9,0.5,0.45,-0.97061,0.02061,-0.72472,-0.68904,0.6384583185833229,1.355873575302464e-64,2.0122948065434397e-62,1.0,8.950810543789363e-44,0.0,-0.0,-0.0,0.0,0.0,0.0,0.0,-0.0,0.0
1.0,0.0,-0.7,-0.8,0.5,0.4,-0.94749,0.04749,-0.74179,-0.67063,0.6303915130336606,1.368699280597488e-63,3.0147607887457125e-59,1.0,6.145647401985303e-44,0.0,-0.0,-0.0,0.0,0.0,0.0,0.0,-0.0,0.0
1.0,0.0,-0.7,-0.7,0.5,0.35,-0.92562,0.07562,-0.75823,-0.65199,0.6213536268305752,1.2192985881084231e-62,3.9859082667571515e-56,1.0,3.286240123769037e-44,0.0,-0.0,-0.0,0.0,0.0,0.0,0.0,-0.0,0.0
1.0,0.0,-0.7,-0.6,0.5,0.3,-0.90498,0.10498,-0.77396,-0.63323,0.6114437787948984,9.60492286649572e-62,4.659974279419359e-53,1.0,1.374024591986676e-44,0.0,-0.0,-0.0,0.0,0.0,0.0,0.0,-0.0,0.0
1.0,0.0,-0.7,-0.5,0.5,0.25,-0.88551,0.13551,-0.78894,-0.61447,0.6007245282199467,6.730777554950599e-61,4.846489603065541e-50,1.0,4.5463703290687157e-45,0.0,-0.0,-0.0,0.0,0.0,0.0,0.0,-0.0,0.0
1.0,0.0,-0.7,-0.4,0.5,0.2,-0.8672,0.1672,-0.80313,-0.59581,0.5893136664432616,4.2000884292152687e-60,4.488413823896398e-47,1.0,1.1928306556684291e-45,0.0,-0.0,-0.0,0.0,0.0,0.0,0.0,-0.0,0.0
1.0,0.0,-0.7,-0.3,0.5,0.15,-0.85,0.2,-0.8165,-0.57735,0.5773429868062513,2.3455513385429143e-59,3.720075976020836e-44,1.0,2.5065674758999535e-46,0.0,-0.0,-0.0,0.0,0.0,0.0,0.0,-0.0,0.0
1.0,0.0,-0.7,-0.2,0.5,0.1,-0.83385,0.23385,-0.82905,-0.55918,0.564915672997007,1.1793169248935986e-58,2.7759382905149356e-41,1.0,4.269511298626062e-47,0.0,-0.0,-0.0,0.0,0.0,0.0,0.0,-0.0,0.0
1.0,0.0,-0.7,-0.1,0.5,0.05,-0.81871,0.26871,-0.84078,-0.54138,0.5521605828912194,5.359846805734809e-58,1.8724234113813545e-38,1.0,5.942229880662166e-48,0.0,-0.0,-0.0,0.0,0.0,0.0,0.0,-0.0,0.0
1.0,0.0,-0.7,-0.0,0.5,0.0,-0.80453,0.30453,-0.85171,-0.52401,0.5391877658626376,2.2130027432181382e-57,1.1473767557541438e-35,1.0,6.8255270170707666e-49,0.0,-0.0,-0.0,0.0,0.0,0.0,0.0,-0.0,0.0
1.0,0.0,-0.7,0.1,0.5,-0.05,-0.79124,0.34124,-0.86188,-0.50712,0.5260651289822471,8.35909611186289e-57,6.43214495914685e-33,1.0,6.561732375359581e-50,0.0,-0.0,-0.0,0.0,0.0,0.0,0.0,-0.0,0.0
1.0,0.0,-0.7,0.2,0.5,-0.1,-0.77879,0.37879,-0.8713,-0.49075,0.5129459719456876,2.9030595777890335e-56,3.3153154909102766e-30,1.0,5.3326043651543576e-51,0.0,-0.0,-0.0,0.0,0.0,0.0,0.0,-0.0,0.0
1.0,0.0,-0.7,0.3,0.5,-0.15,-0.76714,0.41714,-0.88002,-0.47494,0.499870952848322,9.306985131734889e-56,1.5774308997664356e-27,1.0,3.692947189812682e-52,0.0,-0.0,-0.0,0.0,0.0,0.0,0.0,-0.0,0.0
1.0,0.0,-0.7,0.4,0.5,-0.2,-0.75622,0.45622,-0.88807,-0.4597,0.4869503211235529,2.7736943020167396e-55,6.977057908601054e-25,1.0,2.2100384834070777e-53,0.0,-0.0,-0.0,0.0,0.0,0.0,0.0,-0.0,0.0
1.0,0.0,-0.7,0.5,0.5,-0.25,-0.74599,0.49599,-0.89551,-0.44504,0.47418872805496814,7.715105147351241e-55,2.8802354545811806e-22,1.0,1.1521099744832575e-54,0.0,-0.0,-0.0,0.0,0.0,0.0,0.0,-0.0,0.0
1.0,0.0,-0.7,0.6,0.5,-0.3,-0.7364,0.5364,-0.90237,-0.43096,0.46167551736149737,2.012937346391946e-54,1.115292571980089e-19,1.0,5.284432359886051e-56,0.0,-0.0,-0.0,0.0,0.0,0.0,0.0,-0.0,0.0
1.0,0.0,-0.7,0.7,0.5,-0.35,-0.7274,0.5774,-0.90869,-0.41747,0.4494477337883686,4.9510269597496015e-54,4.07123576404618e-17,1.0,2.154051097635522e-57,0.0,-0.0,-0.0,0.0,0.0,0.0,0.0,-0.0,0.0
1.0,0.0,-0.7,0.8,0.5,-0.4,-0.71895,0.61895,-0.91452,-0.40454,0.43751834143494533,1.1525880921636179e-53,1.4066223046679945e-14,0.9999999999999859,7.865770415569434e-59,0.0,-0.0,-0.0,0.0,0.0,0.0,0.0,-0.0,0.0
1.0,0.0,-0.7,0.9,0.5,-0.45,-0.71102,0.66102,-0.91989,-0.39217,0.42593260354850193,2.547238748331372e-53,0.0,0.9999999999953864,-2.744803721597922e-27,0.0,-0.0,4.902012022828795e-12,0.0,0.0,0.0,0.0,-0.0,0.0
1.0,0.0,-0.6,-1.0,0.5,0.5,-0.92426,-0.07574,0.70711,0.70711,0.6454889968478545,1.3969283152815935e-62,1.3969283152815935e-62,1.0,1.4100828207416237e-37,0.0,-0.0,-0.0,0.0,0.0,0.0,0.0,-0.0,0.0
1.0,0.0,-0.6,-0.9,0.5,0.45,-0.9,-0.05,-0.72761,-0.68599,0.637179166383306,1.580420060273613e-61,2.3455513385429143e-59,1.0,1.2160992992528256e-37,0.0,-0.0,-0.0,0.0,0.0,0.0,0.0,-0.0,0.0
1.0,0.0,-0.6,-0.8,0.5,0.4,-0.8772,-0.0228,-0.74734,-0.66444,0.6274862894204982,1.545126184210354e-60,3.403366904516958e-56,1.0,7.83212240372507e-38,0.0,-0.0,-0.0,0.0,0.0,0.0,0.0,-0.0,0.0
1.0,0.0,-0.6,-0.7,0.5,0.35,-0.85584,0.00584,-0.76618,-0.64262,0.6165134468946767,1.3080277738615689e-59,4.27596551642949e-53,1.0,3.781926492013071e-38,0.0,-0.0,-0.0,0.0,0.0,0.0,0.0,-0.0,0.0
1.0,0.0,-0.6,-0.6,0.5,0.3,-0.83589,0.03589,-0.78403,-0.62072,0.6043830692531703,9.616885759550328e-59,4.665778258765864e-50,1.0,1.3774494077355174e-38,0.0,-0.0,-0.0,0.0,0.0,0.0,0.0,-0.0,0.0
1.0,0.0,-0.6,-0.5,0.5,0.25,-0.8173,0.0673,-0.80082,-0.59891,0.5912595561495964,6.1714597215453915e-58,4.443753360146073e-47,1.0,3.82217115662199e-39,0.0,-0.0,-0.0,0.0,0.0,0.0,0.0,-0.0,0.0
1.0,0.0,-0.6,-0.4,0.5,0.2,-0.8,0.1,-0.8165,-0.57735,0.5773429868062513,3.4811068399043105e-57,3.720075976020836e-44,1.0,8.194012623990516e-40,0.0,-0.0,-0.0,0.0,0.0,0.0,0.0,-0.0,0.0
1.0,0.0,-0.6,-0.3,0.5,0.15,-0.78394,0.13394,-0.83106,-0.55619,0.562809526189734,1.7345798239411158e-56,2.751066934882072e-41,1.0,1.370812623403739e-40,0.0,-0.0,-0.0,0.0,0.0,0.0,0.0,-0.0,0.0
1.0,0.0,-0.6,-0.2,0.5,0.1,-0.76904,0.16904,-0.84451,-0.53554,0.5478574029663164,7.696496364163251e-56,1.811641850388721e-38,1.0,1.8184578609532388e-41,0.0,-0.0,-0.0,0.0,0.0,0.0,0.0,-0.0,0.0
1.0,0.0,-0.6,-0.1,0.5,0.05,-0.75523,0.20523,-0.85689,-0.5155,0.5326361464615991,3.0623424041351886e-55,1.0698069961688924e-35,1.0,1.9397787220094254e-42,0.0,-0.0,-0.0,0.0,0.0,0.0,0.0,-0.0,0.0
1.0,0.0,-0.6,-0.0,0.5,0.0,-0.74244,0.24244,-0.86824,-0.49615,0.5173136525091145,1.1003133706899851e-54,5.704800816194642e-33,1.0,1.6873495744827086e-43,0.0,-0.0,-0.0,0.0,0.0,0.0,0.0,-0.0,0.0
1.0,0.0,-0.6,0.1,0.5,-0.05,-0.73059,0.28059,-0.87861,-0.47754,0.5020508186810265,3.598780440998523e-54,2.7691842709876724e-30,1.0,1.2162156258795008e-44,0.0,-0.0,-0.0,0.0,0.0,0.0,0.0,-0.0,0.0
1.0,0.0,-0.6,0.2,0.5,-0.1,-0.71962,0.31962,-0.88807,-0.4597,0.4869503211235529,1.0778948529093332e-53,1.2309638874667488e-27,1.0,7.351572807341415e-46,0.0,-0.0,-0.0,0.0,0.0,0.0,0.0,-0.0,0.0
1.0,0.0,-0.6,0.3,0.5,-0.15,-0.70944,0.35944,-0.89669,-0.44265,0.47209519865210253,2.98323991190899e-53,5.056261240190178e-25,1.0,3.7942978376825086e-47,0.0,-0.0,-0.0,0.0,0.0,0.0,0.0,-0.0,0.0
1.0,0.0,-0.6,0.4,0.5,-0.2,-0.7,0.4,-0.90453,-0.4264,0.45758078990996953,7.667648073722e-53,1.9287498479639178e-22,1.0,1.6889118802245324e-48,0.0,-0.0,-0.0,0.0,0.0,0.0,0.0,-0.0,0.0
1.0,0.0,-0.6,0.5,0.5,-0.25,-0.69124,0.44124,-0.91167,-0.41093,0.4434257345753383,1.841213445834524e-52,6.87369536106045e-20,1.0,6.561732375359629e-50,0.0,-0.0,-0.0,0.0,0.0,0.0,0.0,-0.0,0.0
1.0,0.0,-0.6,0.6,0.5,-0.3,-0.6831,0.4831,-0.91815,-0.39624,0.4297448467227765,4.155467078927274e-52,2.302387391511477e-17,1.0,2.2520473655054407e-51,0.0,-0.0,-0.0,0.0,0.0,0.0,0.0,-0.0,0.0
1.0,0.0,-0.6,0.7,0.5,-0.35,-0.67552,0.52552,-0.92405,-0.38228,0.41651265927415143,8.867783126279154e-52,7.291989339791201e-15,0.9999999999999927,6.910278415761242e-53,0.0,-0.0,-0.0,0.0,0.0,0.0,0.0,-0.0,0.0
1.0,0.0,-0.6,0.8,0.5,-0.4,-0.66847,0.56847,-0.92941,-0.36905,0.40378928657540847,1.7947033482691187e-51,0.0,0.9999999999978098,-1.2851018262786829e-27,0.0,-0.0,2.3271532459603234e-12,0.0,0.0,0.0,0.0,-0.0,0.0
1.0,0.0,-0.6,0.9,0.5,-0.45,-0.66189,0.61189,-0.9343,-0.3565,0.3915199791872783,3.4654404621567023e-51,0.0,0.9999999993723259,9.957658414813608e-26,0.0,-0.0,6.66903752976342e-10,0.0,0.0,0.0,0.0,-0.0,0.0
1.0,0.0,-0.5,-1.0,0.5,0.5,-0.85355,-0.14645,0.70711,0.70711,0.6454889968478545,1.6446383082686047e-59,1.6446383082686047e-59,1.0,1.9545067949572038e-31,0.0,-0.0,-0.0,0.0,0.0,0.0,0.0,-0.0,0.0
1.0,0.0,-0.5,-0.9,0.5,0.45,-0.82944,-0.12056,-0.73162,-0.68171,0.6353506680562799,1.8329659519692973e-58,2.7203626745922514e-56,1.0,1.6358096536967716e-31,0.0,-0.0,-0.0,0.0,0.0,0.0,0.0,-0.0,0.0
1.0,0.0,-0.5,-0.8,0.5,0.4,-0.80707,-0.09293,-0.75499,-0.65573,0.6232467635652267,1.7166080858206643e-57,3.781080928541749e-53,1.0,9.667047874263647e-32,0.0,-0.0,-0.0,0.0,0.0,0.0,0.0,-0.0,0.0
1.0,0.0,-0.5,-0.7,0.5,0.35,-0.78642,-0.06358,-0.77702,-0.62948,0.6093513144286961,1.3535966130219056e-56,4.424930843288018e-50,1.0,4.0500246835738417e-32,0.0,-0.0,-0.0,0.0,0.0,0.0,0.0,-0.0,0.0
1.0,0.0,-0.5,-0.6,0.5,0.3,-0.76742,-0.03258,-0.79755,-0.60326,0.5939506869803736,9.050004072091123e-56,4.390746994095488e-47,1.0,1.2198439927939784e-32,0.0,-0.0,-0.0,0.0,0.0,0.0,0.0,-0.0,0.0
1.0,0.0,-0.5,-0.5,0.5,0.25,-0.75,-0.0,-0.8165,-0.57735,0.5773429868062513,5.166420632837861e-55,3.720075976020836e-44,1.0,2.678636961808078e-33,0.0,-0.0,-0.0,0.0,0.0,0.0,0.0,-0.0,0.0
1.0,0.0,-0.5,-0.4,0.5,0.2,-0.73406,0.03406,-0.83384,-0.55201,0.5598471163156894,2.5436371909275083e-54,2.71825141854671e-41,1.0,4.3749415590876946e-34,0.0,-0.0,-0.0,0.0,0.0,0.0,0.0,-0.0,0.0
1.0,0.0,-0.5,-0.3,0.5,0.15,-0.71949,0.06949,-0.84959,-0.52744,0.5417923372762772,1.0919989640874786e-53,1.7319250469550719e-38,1.0,5.432928215452532e-35,0.0,-0.0,-0.0,0.0,0.0,0.0,0.0,-0.0,0.0
1.0,0.0,-0.5,-0.2,0.5,0.1,-0.7062,0.1062,-0.86382,-0.5038,0.5234485901153324,4.124768630692252e-53,9.709097647764653e-36,1.0,5.222955073678537e-36,0.0,-0.0,-0.0,0.0,0.0,0.0,0.0,-0.0,0.0
1.0,0.0,-0.5,-0.1,0.5,0.05,-0.69408,0.14408,-0.87661,-0.4812,0.5050974233013061,1.3860040678087799e-52,4.841904179160887e-33,1.0,3.973504459785753e-37,0.0,-0.0,-0.0,0.0,0.0,0.0,0.0,-0.0,0.0
1.0,0.0,-0.5,-0.0,0.5,0.0,-0.68301,0.18301,-0.88807,-0.4597,0.4869503211235529,4.193035085081617e-52,2.1739652187182225e-30,1.0,2.450356523519987e-38,0.0,-0.0,-0.0,0.0,0.0,0.0,0.0,-0.0,0.0
1.0,0.0,-0.5,0.1,0.5,-0.05,-0.67291,0.22291,-0.89832,-0.43934,0.46915415542807265,1.1512401385601688e-51,8.858545654832841e-28,1.0,1.2446055180892177e-39,0.0,-0.0,-0.0,0.0,0.0,0.0,0.0,-0.0,0.0
1.0,0.0,-0.5,0.2,0.5,-0.1,-0.66368,0.26368,-0.90747,-0.42012,0.451859786415436,2.897475216237031e-51,3.3089381087504874e-25,1.0,5.312108368995536e-41,0.0,-0.0,-0.0,0.0,0.0,0.0,0.0,-0.0,0.0
1.0,0.0,-0.5,0.3,0.5,-0.15,-0.65523,0.30523,-0.91563,-0.40202,0.4351727080838038,6.74525802166699e-51,1.1432465271695909e-22,1.0,1.9397787220094254e-42,0.0,-0.0,-0.0,0.0,0.0,0.0,0.0,-0.0,0.0
1.0,0.0,-0.5,0.4,0.5,-0.2,-0.64749,0.34749,-0.92291,-0.38502,0.4191333438301341,1.4626570071856078e-50,3.679223998165572e-20,1.0,6.145647401985375e-44,0.0,-0.0,-0.0,0.0,0.0,0.0,0.0,-0.0,0.0
1.0,0.0,-0.5,0.5,0.5,-0.25,-0.64039,0.39039,-0.92941,-0.36905,0.40378928657629287,2.9750315670139254e-50,1.1106512787779131e-17,1.0,1.7131421256088616e-45,0.0,-0.0,-0.0,0.0,0.0,0.0,0.0,-0.0,0.0
1.0,0.0,-0.5,0.6,0.5,-0.3,-0.63385,0.43385,-0.93522,-0.35407,0.38914505213083167,5.721635263160699e-50,3.1701420414403424e-15,0.9999999999999969,4.269511298626018e-47,0.0,-0.0,-0.0,0.0,0.0,0.0,0.0,-0.0,0.0
1.0,0.0,-0.5,0.7,0.5,-0.35,-0.62783,0.47783,-0.94042,-0.34002,0.37520491671828987,1.044637104524338e-49,0.0,0.999999999999141,7.845228891205367e-28,0.0,-0.0,9.126943204712402e-13,0.0,0.0,0.0,0.0,-0.0,0.0
1.0,0.0,-0.5,0.8,0.5,-0.4,-0.62228,0.52228,-0.94508,-0.32685,0.36196013805123833,1.819696186184115e-49,2.5849394142282115e-26,0.9999999997779238,6.868053732540381e-26,0.0,-0.0,2.3595609215439985e-10,0.0,0.0,0.0,0.0,-0.0,0.0
1.0,0.0,-0.5,0.9,0.5,-0.45,-0.61714,0.56714,-0.94926,-0.3145,0.34941110430074684,3.0424694404385652e-49,0.0,0.9999999448936046,3.498559630357808e-23,0.0,-0.0,5.855054531456439e-08,0.0,0.0,0.0,0.0,-0.0,0.0
1.0,0.0,-0.4,-1.0,0.5,0.5,-0.78284,-0.21716,0.70711,0.70711,0.6454889968478545,1.9362734189258764e-56,1.9362734189258764e-56,1.0,2.7091293896657594e-25,0.0,-0.0,-0.0,0.0,0.0,0.0,0.0,-0.0,0.0
1.0,0.0,-0.4,-0.9,0.5,0.45,-0.75895,-0.19105,-0.73758,-0.67526,0.632497798328919,2.1110387283524197e-55,3.1330592666266864e-53,1.0,2.169783352153882e-25,0.0,-0.0,-0.0,0.0,0.0,0.0,0.0,-0.0,0.0
1.0,0.0,-0.4,-0.8,0.5,0.4,-0.73723,-0.16277,-0.76618,-0.64262,0.6165134468946767,1.852609196034064e-54,4.0806433087588674e-50,1.0,1.1259502264206101e-25,0.0,-0.0,-0.0,0.0,0.0,0.0,0.0,-0.0,0.0
1.0,0.0,-0.4,-0.7,0.5,0.35,-0.71762,-0.13238,-0.79256,-0.60979,0.5979391033995708,1.3165437463501138e-53,4.303804378438038e-47,1.0,3.8313315955472346e-26,0.0,-0.0,-0.0,0.0,0.0,0.0,0.0,-0.0,0.0
1.0,0.0,-0.4,-0.6,0.5,0.3,-0.7,-0.1,-0.8165,-0.57735,0.5773429868062513,7.667648073722e-53,3.720075976020836e-44,1.0,8.756510762696521e-27,0.0,-0.0,-0.0,0.0,0.0,0.0,0.0,-0.0,0.0
1.0,0.0,-0.4,-0.5,0.5,0.25,-0.68423,-0.06577,-0.83792,-0.54579,0.5553838015567626,3.711458164634268e-52,2.6724317153940936e-41,1.0,1.3823673643702638e-27,0.0,-0.0,-0.0,0.0,0.0,0.0,0.0,-0.0,0.0
1.0,0.0,-0.4,-0.4,0.5,0.2,-0.67016,-0.02984,-0.85689,-0.5155,0.5326361464615991,1.515642956553322e-51,1.619687992987366e-38,1.0,1.5533014039066692e-28,0.0,-0.0,-0.0,0.0,0.0,0.0,0.0,-0.0,0.0
1.0,0.0,-0.4,-0.3,0.5,0.15,-0.6576,0.0076,-0.87354,-0.48675,0.5096772617973083,5.32194981452618e-51,8.440683998375489e-36,1.0,1.2904199355416198e-29,0.0,-0.0,-0.0,0.0,0.0,0.0,0.0,-0.0,0.0
1.0,0.0,-0.4,-0.2,0.5,0.1,-0.64641,0.04641,-0.88807,-0.4597,0.4869503211235529,1.6294697411288284e-50,3.8355316981845915e-33,1.0,8.150977696474404e-31,0.0,-0.0,-0.0,0.0,0.0,0.0,0.0,-0.0,0.0
1.0,0.0,-0.4,-0.1,0.5,0.05,-0.63642,0.08642,-0.90071,-0.43443,0.46476507459309613,4.424930843288018e-50,1.5458173349004972e-30,1.0,4.050024683573845e-32,0.0,-0.0,-0.0,0.0,0.0,0.0,0.0,-0.0,0.0
1.0,0.0,-0.4,-0.0,0.5,0.0,-0.62749,0.12749,-0.91167,-0.41093,0.4434257345753383,1.0807654679588469e-49,5.603450696832228e-28,1.0,1.6279280459814643e-33,0.0,-0.0,-0.0,0.0,0.0,0.0,0.0,-0.0,0.0
1.0,0.0,-0.4,0.1,0.5,-0.05,-0.61949,0.16949,-0.92117,-0.38917,0.42306761891003297,2.4052877830437217e-49,1.8508172991390936e-25,1.0,5.432928215452542e-35,0.0,-0.0,-0.0,0.0,0.0,0.0,0.0,-0.0,0.0
1.0,0.0,-0.4,0.2,0.5,-0.1,-0.61231,0.21231,-0.92941,-0.36905,0.40378928657629287,4.931629972856559e-49,5.631957872838714e-23,1.0,1.5388930323351287e-36,0.0,-0.0,-0.0,0.0,0.0,0.0,0.0,-0.0,0.0
1.0,0.0,-0.4,0.3,0.5,-0.15,-0.60584,0.25584,-0.93657,-0.35047,0.3856149519026925,9.418440818740721e-49,1.5963214042798904e-20,1.0,3.7819264920130714e-38,0.0,-0.0,-0.0,0.0,0.0,0.0,0.0,-0.0,0.0
1.0,0.0,-0.4,0.4,0.5,-0.2,-0.6,0.3,-0.94281,-0.33333,0.36851155819998793,1.6889118802245324e-48,4.248354255291589e-18,1.0,8.194012623990516e-40,0.0,-0.0,-0.0,0.0,0.0,0.0,0.0,-0.0,0.0
1.0,0.0,-0.4,0.5,0.5,-0.25,-0.59471,0.34471,-0.94825,-0.31751,0.3525209772535451,2.866479046958821e-48,1.0701259961051048e-15,0.999999999999999,1.5904051780895257e-41,0.0,-0.0,-0.0,0.0,0.0,0.0,0.0,-0.0,0.0
1.0,0.0,-0.4,0.6,0.5,-0.3,-0.5899,0.3899,-0.95302,-0.30291,0.33751655621179194,4.637078172617438e-48,0.0,0.9999999999997431,-2.8825835993596164e-29,0.0,-0.0,2.729806781647342e-13,0.0,0.0,0.0,0.0,-0.0,0.0
1.0,0.0,-0.4,0.7,0.5,-0.35,-0.58551,0.43551,-0.95721,-0.2894,0.3234950397443898,7.192828325062112e-48,0.0,0.9999999999408532,-1.1820904914229493e-25,0.0,-0.0,6.28433886942785e-11,0.0,0.0,0.0,0.0,-0.0,0.0
1.0,0.0,-0.4,0.8,0.5,-0.4,-0.58151,0.48151,-0.9609,-0.2769,0.3103998105676751,1.0730438801335943e-47,0.0,0.9999999869045372,1.7007602281838742e-23,0.0,-0.0,1.3913929291540492e-08,0.0,0.0,0.0,0.0,-0.0,0.0
1.0,0.0,-0.4,0.9,0.5,-0.45,-0.57783,0.52783,-0.96416,-0.26532,0.29816974934636153,1.5503745743660464e-47,0.0,0.9999971919009778,7.094070447074103e-21,0.0,-0.0,2.983605211097287e-06,0.0,0.0,0.0,0.0,-0.0,0.0
1.0,0.0,-0.3,-1.0,0.5,0.5,-0.71213,-0.28787,0.70711,0.70711,0.6454889968478545,2.279622658665737e-53,2.279622658665737e-53,1.0,3.7551069501967736e-19,0.0,-0.0,-0.0,0.0,0.0,0.0,0.0,-0.0,0.0
1.0,0.0,-0.3,-0.9,0.5,0.45,-0.6886,-0.2614,-0.74734,-0.66444,0.6274862894204982,2.3974959432294526e-52,3.5581994687029473e-50,1.0,2.7985929328369774e-19,0.0,-0.0,-0.0,0.0,0.0,0.0,0.0,-0.0,0.0
1.0,0.0,-0.3,-0.8,0.5,0.4,-0.66794,-0.23206,-0.78403,-0.62072,0.6043830692531703,1.8923884146140665e-51,4.1682628684985244e-47,1.0,1.17482214112917e-19,0.0,-0.0,-0.0,0.0,0.0,0.0,0.0,-0.0,0.0
1.0,0.0,-0.3,-0.7,0.5,0.35,-0.65,-0.2,-0.8165,-0.57735,0.5773429868062513,1.1379798735078682e-50,3.7200759760208356e-44,1.0,2.8625185805493937e-20,0.0,-0.0,-0.0,0.0,0.0,0.0,0.0,-0.0,0.0
1.0,0.0,-0.3,-0.6,0.5,0.3,-0.63452,-0.16548,-0.84451,-0.53554,0.5478574029663164,5.350845841907186e-50,2.5960441684965637e-41,1.0,4.264338003668602e-21,0.0,-0.0,-0.0,0.0,0.0,0.0,0.0,-0.0,0.0
1.0,0.0,-0.3,-0.5,0.5,0.25,-0.62122,-0.12878,-0.86824,-0.49615,0.5173136525091145,2.0231780288443037e-49,1.4567873030854488e-38,1.0,4.1077360850993204e-22,0.0,-0.0,-0.0,0.0,0.0,0.0,0.0,-0.0,0.0
1.0,0.0,-0.3,-0.4,0.5,0.2,-0.60981,-0.09019,-0.88807,-0.4597,0.4869503211235529,6.3323382308469435e-49,6.767037154556144e-36,1.0,2.711378396192888e-23,0.0,-0.0,-0.0,0.0,0.0,0.0,0.0,-0.0,0.0
1.0,0.0,-0.3,-0.3,0.5,0.15,-0.6,-0.05,-0.90453,-0.4264,0.45758078990996953,1.6889118802245324e-48,2.678636961808078e-33,1.0,1.2995814250075031e-24,0.0,-0.0,-0.0,0.0,0.0,0.0,0.0,-0.0,0.0
1.0,0.0,-0.3,-0.2,0.5,0.1,-0.59155,-0.00845,-0.91815,-0.39624,0.4297448467227765,3.9317493879268086e-48,9.254758788134417e-31,1.0,4.7455741122707474e-26,0.0,-0.0,-0.0,0.0,0.0,0.0,0.0,-0.0,0.0
1.0,0.0,-0.3,-0.1,0.5,0.05,-0.58423,0.03423,-0.92941,-0.36905,0.40378928657629287,8.175030631217281e-48,2.8558873597418796e-28,1.0,1.3823673643702656e-27,0.0,-0.0,-0.0,0.0,0.0,0.0,0.0,-0.0,0.0
1.0,0.0,-0.3,-0.0,0.5,0.0,-0.57787,0.07787,-0.93875,-0.34461,0.37976884987856196,1.5441897987822288e-47,8.00616938693398e-26,1.0,3.3233313443910095e-29,0.0,-0.0,-0.0,0.0,0.0,0.0,0.0,-0.0,0.0
1.0,0.0,-0.3,0.1,0.5,-0.05,-0.57231,0.12231,-0.94652,-0.32265,0.3577160322877561,2.692578731659754e-47,2.0718815149610254e-23,1.0,6.808268863742813e-31,0.0,-0.0,-0.0,0.0,0.0,0.0,0.0,-0.0,0.0
1.0,0.0,-0.3,0.2,0.5,-0.1,-0.56742,0.16742,-0.95302,-0.30291,0.33751655621187865,4.390746994095488e-47,5.01426551406805e-21,1.0,1.2198439927939777e-32,0.0,-0.0,-0.0,0.0,0.0,0.0,0.0,-0.0,0.0
1.0,0.0,-0.3,0.3,0.5,-0.15,-0.5631,0.2131,-0.95849,-0.28513,0.31903780382895053,6.76322177679346e-47,1.1462911847048982e-18,1.0,1.9501243929501146e-34,0.0,-0.0,-0.0,0.0,0.0,0.0,0.0,-0.0,0.0
1.0,0.0,-0.3,0.4,0.5,-0.2,-0.55927,0.25927,-0.96312,-0.26909,0.3021333761508833,9.91946879250308e-47,2.49518153956381e-16,0.9999999999999998,2.8265682626433828e-36,0.0,-0.0,-0.0,0.0,0.0,0.0,0.0,-0.0,0.0
1.0,0.0,-0.3,0.5,0.5,-0.25,-0.55584,0.30584,-0.96705,-0.25457,0.28674752314576535,1.3978205557299054e-46,0.0,0.9999999999999478,5.101536930727589e-29,0.0,-0.0,5.5445525528047856e-14,0.0,0.0,0.0,0.0,-0.0,0.0
1.0,0.0,-0.3,0.6,0.5,-0.3,-0.55277,0.35277,-0.97043,-0.2414,0.2725558978176927,1.900114747396903e-46,0.0,0.9999999999894722,1.6624849129372436e-26,0.0,-0.0,1.1185806946239962e-11,0.0,0.0,0.0,0.0,-0.0,0.0
1.0,0.0,-0.3,0.7,0.5,-0.35,-0.55,0.4,-0.97333,-0.22942,0.2596121089402036,2.5065674707335323e-46,0.0,0.9999999979388464,-1.3625545507790056e-24,0.0,-0.0,2.1899757193270918e-09,0.0,0.0,0.0,0.0,-0.0,0.0
1.0,0.0,-0.3,0.8,0.5,-0.4,-0.54749,0.44749,-0.97584,-0.21848,0.24773278964165493,3.2217151871189504e-46,0.0,0.9999996068208172,7.823566247469091e-23,0.0,-0.0,4.177528816945896e-07,0.0,0.0,0.0,0.0,-0.0,0.0
1.0,0.0,-0.3,0.9,0.5,-0.45,-0.54522,0.49522,-0.97803,-0.20847,0.23673753615447093,4.0424100346218475e-46,0.0,0.9999267822895623,-1.4069822531055924e-19,0.0,-0.0,7.779381734005495e-05,0.0,0.0,0.0,0.0,-0.0,0.0
1.0,0.0,-0.2,-1.0,0.5,0.5,-0.64142,-0.35858,0.70711,0.70711,0.6454889968471826,2.6838562235608637e-50,2.6838562235608637e-50,0.999999999998959,0.0,0.0,5.204977155376438e-13,5.530288227587462e-13,0.0,0.0,0.0,0.0,-0.0,0.0
1.0,0.0,-0.2,-0.9,0.5,0.45,-0.61861,-0.33139,-0.76618,-0.64262,0.6165134468942625,2.6265456891424e-49,3.898139432528777e-47,0.9999999999993282,5.048709793414476e-29,0.0,3.3588493692312306e-13,3.5687774548081833e-13,0.0,0.0,0.0,0.0,-0.0,0.0
1.0,0.0,-0.2,-0.8,0.5,0.4,-0.6,-0.3,-0.8165,-0.57735,0.5773429868061432,1.6889118802243744e-48,3.720075976020488e-44,0.9999999999998128,0.0,0.0,9.3576723069064e-14,9.942526826088053e-14,0.0,0.0,0.0,0.0,-0.0,0.0
1.0,0.0,-0.2,-0.7,0.5,0.35,-0.58508,-0.26492,-0.85689,-0.5155,0.5326361464615857,7.508866060131172e-48,2.4546613598135013e-41,0.999999999999975,1.5777218104420236e-30,0.0,1.246316030220785e-14,1.3242107821095838e-14,0.0,0.0,0.0,0.0,-0.0,0.0
1.0,0.0,-0.2,-0.6,0.5,0.3,-0.57321,-0.22679,-0.88807,-0.4597,0.486950321123553,2.4608316716618884e-47,1.193909878852441e-38,0.999999999999999,9.019252758501863e-16,0.0,-0.0,-0.0,0.0,0.0,0.0,0.0,-0.0,0.0
1.0,0.0,-0.2,-0.5,0.5,0.25,-0.56375,-0.18625,-0.91167,-0.41093,0.4434257345753383,6.337595074638722e-47,4.563378953904737e-36,1.0,4.0307262913476533e-17,0.0,-0.0,-0.0,0.0,0.0,0.0,0.0,-0.0,0.0
1.0,0.0,-0.2,-0.4,0.5,0.2,-0.55616,-0.14384,-0.92941,-0.36905,0.40378928657629287,1.3537984087900809e-46,1.4467332284043463e-33,1.0,1.2392813732182404e-18,0.0,-0.0,-0.0,0.0,0.0,0.0,0.0,-0.0,0.0
1.0,0.0,-0.2,-0.3,0.5,0.15,-0.55,-0.1,-0.94281,-0.33333,0.36851155819998793,2.506567475899953e-46,3.975449735908647e-31,1.0,2.8625185805493937e-20,0.0,-0.0,-0.0,0.0,0.0,0.0,0.0,-0.0,0.0
1.0,0.0,-0.2,-0.2,0.5,0.1,-0.54495,-0.05505,-0.95302,-0.30291,0.33751655621187865,4.1533460136243055e-46,9.776364596834305e-29,1.0,5.295577540283431e-22,0.0,-0.0,-0.0,0.0,0.0,0.0,0.0,-0.0,0.0
1.0,0.0,-0.2,-0.1,0.5,0.05,-0.54075,-0.00925,-0.9609,-0.2769,0.3103998146325044,6.321232959918156e-46,2.2082766563928968e-26,1.0,8.265103317973462e-24,0.0,-0.0,-0.0,0.0,0.0,0.0,0.0,-0.0,0.0
1.0,0.0,-0.2,-0.0,0.5,0.0,-0.53723,0.03723,-0.96705,-0.25457,0.2867475231457803,8.98821502611841e-46,4.660124813804552e-24,1.0,1.1259502264206092e-25,0.0,-0.0,-0.0,0.0,0.0,0.0,0.0,-0.0,0.0
1.0,0.0,-0.2,0.1,0.5,-0.05,-0.53423,0.08423,-0.97193,-0.23527,0.2659680177893048,1.2132821217392962e-45,9.335945392819778e-22,1.0,1.3823673643702747e-27,0.0,-0.0,-0.0,0.0,0.0,0.0,0.0,-0.0,0.0
1.0,0.0,-0.2,0.2,0.5,-0.1,-0.53166,0.13166,-0.97584,-0.21848,0.247732887045069,1.568828534899231e-45,1.7916137802086352e-19,1.0,1.5573220270868832e-29,0.0,-0.0,-0.0,0.0,0.0,0.0,0.0,-0.0,0.0
1.0,0.0,-0.2,0.3,0.5,-0.15,-0.52944,0.17944,-0.97902,-0.20378,0.2315845662454741,1.958794405451941e-45,3.319939569811629e-17,1.0,1.6358096536967512e-31,0.0,-0.0,-0.0,0.0,0.0,0.0,0.0,-0.0,0.0
1.0,0.0,-0.2,0.4,0.5,-0.2,-0.52749,0.22749,-0.98162,-0.19082,0.217354936582023,2.3805443612203503e-45,5.988113344052235e-15,0.999999999999994,1.6279280459814428e-33,0.0,-0.0,-0.0,0.0,0.0,0.0,0.0,-0.0,0.0
1.0,0.0,-0.2,0.5,0.5,-0.25,-0.52578,0.27578,-0.98379,-0.17934,0.20454430696313605,2.8244938622207824e-45,0.0,0.9999999999989455,-5.1054375796661584e-27,0.0,-0.0,1.1203551550277675e-12,0.0,0.0,0.0,0.0,-0.0,0.0
1.0,0.0,-0.2,0.6,0.5,-0.3,-0.52426,0.32426,-0.9856,-0.1691,0.19314371046040466,3.2881634418484373e-45,0.0,0.9999999998178153,7.60019272695719e-25,0.0,-0.0,1.9357126467540402e-10,0.0,0.0,0.0,0.0,-0.0,0.0
1.0,0.0,-0.2,0.7,0.5,-0.35,-0.52291,0.37291,-0.98713,-0.15993,0.18287395715031998,3.763423896374903e-45,0.0,0.9999999690533175,-1.1649540411864896e-22,0.0,-0.0,3.288085020980708e-08,0.0,0.0,0.0,0.0,-0.0,0.0
1.0,0.0,-0.2,0.8,0.5,-0.4,-0.5217,0.4217,-0.98843,-0.15166,0.17363444590692362,4.247472079259896e-45,0.0,0.999994816371082,3.50124417168724e-20,0.0,-0.0,5.507605725430029e-06,0.0,0.0,0.0,0.0,-0.0,0.0
1.0,0.0,-0.2,0.9,0.5,-0.45,-0.52061,0.47061,-0.98955,-0.14418,0.16505765732545058,4.7325853215368964e-45,0.0,0.9991428156502525,1.2389467716954085e-18,0.0,-0.0,0.0009107583716066683,0.0,0.0,0.0,0.0,-0.0,0.0
1.0,0.0,-0.1,-1.0,0.5,0.5,-0.57071,-0.42929,0.70711,0.70711,0.6454880654698812,3.1597681329830144e-47,3.1597681329830144e-47,0.9999985570970569,0.0,0.0,7.214580398186446e-07,7.665491673073093e-07,0.0,0.0,0.0,0.0,-0.0,0.0
1.0,0.0,-0.1,-0.9,0.5,0.45,-0.55,-0.4,-0.8165,-0.57735,0.5773426335852405,2.5065667091353802e-46,3.7200748380413103e-44,0.9999993881955461,0.0,0.0,3.059038397951161e-07,3.25022829782311e-07,0.0,0.0,0.0,0.0,-0.0,0.0
1.0,0.0,-0.1,-0.8,0.5,0.4,-0.5366,-0.3634,-0.88807,-0.4597,0.4869502918460379,9.572689951822905e-46,2.1085252778811716e-41,0.9999999398757661,-3.3087224502121107e-23,0.0,3.006188895251461e-08,3.19407570120468e-08,0.0,0.0,0.0,0.0,-0.0,0.0
1.0,0.0,-0.1,-0.7,0.5,0.35,-0.52808,-0.32192,-0.92941,-0.36905,0.40378928567727207,2.244155281102946e-45,7.336182600450563e-39,0.9999999977735397,-6.203854594147708e-25,0.0,1.1132310985259956e-09,1.1828080421838709e-09,0.0,0.0,0.0,0.0,-0.0,0.0
1.0,0.0,-0.1,-0.6,0.5,0.3,-0.52247,-0.27753,-0.95302,-0.30291,0.3375165561963292,3.932711687291067e-45,1.9080148342549366e-36,0.9999999999539297,-3.2311742677852644e-27,0.0,2.3035182115807046e-11,2.447488099804499e-11,0.0,0.0,0.0,0.0,-0.0,0.0
1.0,0.0,-0.1,-0.5,0.5,0.25,-0.51861,-0.23139,-0.96705,-0.25457,0.28674752314558766,5.785351878039211e-45,4.165736796095697e-34,0.9999999999993282,3.534096855390133e-28,0.0,3.3588471208000376e-13,3.56877506585004e-13,0.0,0.0,0.0,0.0,-0.0,0.0
1.0,0.0,-0.1,-0.4,0.5,0.2,-0.51583,-0.18417,-0.97584,-0.21848,0.24773288704507038,7.639477300951023e-45,8.16390799927462e-32,0.999999999999996,3.946291964726985e-15,0.0,-0.0,-0.0,0.0,0.0,0.0,0.0,-0.0,0.0
1.0,0.0,-0.1,-0.3,0.5,0.15,-0.51375,-0.13625,-0.98162,-0.19082,0.21735493658201835,9.40582506140056e-45,1.491776507748809e-29,1.0,4.030726291347625e-17,0.0,-0.0,-0.0,0.0,0.0,0.0,0.0,-0.0,0.0
1.0,0.0,-0.1,-0.2,0.5,0.1,-0.51213,-0.08787,-0.9856,-0.1691,0.19314371049559248,1.1059935726521636e-44,2.6033459221875857e-27,1.0,3.7551069501968203e-19,0.0,-0.0,-0.0,0.0,0.0,0.0,0.0,-0.0,0.0
1.0,0.0,-0.1,-0.1,0.5,0.05,-0.51085,-0.03915,-0.98843,-0.15166,0.17363534596812416,1.257020315961457e-44,4.39130884425631e-25,1.0,3.2683554989011967e-21,0.0,-0.0,-0.0,0.0,0.0,0.0,0.0,-0.0,0.0
1.0,0.0,-0.1,-0.0,0.5,0.0,-0.50981,0.00981,-0.99052,-0.13739,0.1574804601110411,1.394790314428971e-44,7.231577054439587e-23,1.0,2.711378396192888e-23,0.0,-0.0,-0.0,0.0,0.0,0.0,0.0,-0.0,0.0
1.0,0.0,-0.1,0.1,0.5,-0.05,-0.50895,0.05895,-0.99209,-0.12551,0.1440998824973373,1.5200513113233796e-44,1.1696468432630941e-20,1.0,2.169783352153865e-25,0.0,-0.0,-0.0,0.0,0.0,0.0,0.0,-0.0,0.0
1.0,0.0,-0.1,0.2,0.5,-0.1,-0.50822,0.10822,-0.99331,-0.11548,0.132673416204277,1.635165613267799e-44,1.867371213924322e-18,1.0,1.6918075453626968e-27,0.0,-0.0,-0.0,0.0,0.0,0.0,0.0,-0.0,0.0
1.0,0.0,-0.1,0.3,0.5,-0.15,-0.5076,0.1576,-0.99427,-0.10691,0.12289793455797214,1.7397546399110554e-44,2.948691427098221e-16,0.9999999999999997,1.2904199355416036e-29,0.0,-0.0,-0.0,0.0,0.0,0.0,0.0,-0.0,0.0
1.0,0.0,-0.1,0.4,0.5,-0.2,-0.50707,0.20707,-0.99504,-0.09951,0.11441739083315276,1.8344488675560913e-44,0.0,0.9999999999999539,-6.659410951372358e-28,0.0,-0.0,4.9028463476041905e-14,0.0,0.0,0.0,0.0,-0.0,0.0
1.0,0.0,-0.1,0.5,0.5,-0.25,-0.50661,0.25661,-0.99566,-0.09305,0.10712202333726205,1.9208044674132282e-44,0.0,0.9999999999928291,1.1668452066344549e-25,0.0,-0.0,7.619004649472715e-12,0.0,0.0,0.0,0.0,-0.0,0.0
1.0,0.0,-0.1,0.6,0.5,-0.3,-0.5062,0.3062,-0.99618,-0.08737,0.10051674388649265,2.0011941765110973e-44,0.0,0.9999999988912139,8.196655563860906e-24,0.0,-0.0,1.1780852578013694e-09,0.0,0.0,0.0,0.0,-0.0,0.0
1.0,0.0,-0.1,0.7,0.5,-0.35,-0.50584,0.35584,-0.9966,-0.08234,0.09492584290763115,2.0745492914456915e-44,0.0,0.999999829409548,6.298139622954998e-21,0.0,-0.0,1.812523552571108e-07,0.0,0.0,0.0,0.0,-0.0,0.0
1.0,0.0,-0.1,0.8,0.5,-0.4,-0.50552,0.40552,-0.99696,-0.07785,0.08979903698105766,2.1419528313400259e-44,0.0,0.9999738595370836,2.23315517810198e-20,0.0,-0.0,2.77742418486834e-05,0.0,0.0,0.0,0.0,-0.0,0.0
1.0,0.0,-0.1,0.9,0.5,-0.45,-0.50523,0.45523,-0.99727,-0.07382,0.08476403355850107,2.1962650159293563e-44,0.0,0.9960220389667669,1.0550785817755706e-16,0.0,-0.0,0.004226583597810096,0.0,0.0,0.0,0.0,-0.0,0.0
1.0,0.0,-0.0,-1.0,0.5,0.5,-0.5,-0.5,0.70711,0.70711,1.1102230246251565e-16,1.860037988010418e-44,1.860037988010418e-44,0.0,0.0,0.0,0.5000045521000002,0.5312548366062497,0.0,0.0,0.0,0.0,-0.0,0.0
1.0,0.0,-0.0,-0.9,0.5,0.45,-0.5,-0.45,-1.0,-0.0,0.0038641192827818974,3.695178062086315e-44,5.48413049640767e-42,0.993307149075715,0.0066928509242848554,0.0,0.0,-0.0,0.0,0.0,-0.0,0.0,0.0,0.0
1.0,0.0,-0.0,-0.8,0.5,0.4,-0.5,-0.4,-1.0,-0.0,2.6210471715985793e-05,3.719907092500114e-44,8.193640633281266e-40,0.9999546021312975,4.53978687024344e-05,0.0,0.0,-0.0,0.0,0.0,-0.0,0.0,0.0,0.0
1.0,0.0,-0.0,-0.7,0.5,0.35,-0.5,-0.35,-1.0,-0.0,1.7661273306121547e-07,3.720074838041311e-44,1.2160989272453419e-37,0.9999996940977731,3.059022269256248e-07,0.0,0.0,-0.0,0.0,0.0,-0.0,0.0,0.0,0.0
1.0,0.0,-0.0,-0.6,0.5,0.3,-0.5,-0.3,-1.0,-0.0,-2.061153618190204e-09,3.7200759683531887e-44,-2.061153618190204e-09,0.9999999979388464,0.0,0.0,0.0,4.379951438654184e-09,0.0,0.0,-0.0,0.0,0.0,0.0
1.0,0.0,-0.0,-0.5,0.5,0.25,-0.5,-0.25,-1.0,-0.0,-1.3887943864771147e-11,3.720075975969172e-44,-1.3887943864771147e-11,0.9999999999861121,1.6155871338926322e-27,0.0,0.0,2.951188071263869e-11,0.0,0.0,-0.0,0.0,0.0,0.0
1.0,0.0,-0.0,-0.4,0.5,0.2,-0.5,-0.2,-1.0,-0.0,5.402626140034395e-14,3.720075976020488e-44,3.975449735908275e-31,0.9999999999999064,9.357622968839299e-14,0.0,0.0,-0.0,0.0,0.0,-0.0,0.0,0.0,0.0
1.0,0.0,-0.0,-0.3,0.5,0.15,-0.5,-0.15,-1.0,-0.0,3.6402608587434743e-16,3.720075976020834e-44,5.900090541597059e-29,0.9999999999999994,6.305116760146986e-16,0.0,0.0,-0.0,0.0,0.0,-0.0,0.0,0.0,0.0
1.0,0.0,-0.0,-0.2,0.5,0.1,-0.5,-0.1,-1.0,-0.0,2.4527884816620026e-18,3.720075976020836e-44,8.756510762696521e-27,1.0,4.24835425529159e-18,0.0,0.0,-0.0,0.0,0.0,-0.0,0.0,0.0,0.0
1.0,0.0,-0.0,-0.1,0.5,0.05,-0.5,-0.05,-1.0,-0.0,1.652805831182999e-20,3.720075976020836e-44,1.2995814250075031e-24,1.0,2.8625185805493937e-20,0.0,0.0,-0.0,0.0,0.0,-0.0,0.0,0.0,0.0
1.0,0.0,-0.0,-0.0,0.5,0.0,-0.5,-0.0,-1.0,-0.0,3.0423140918853362e-22,3.720075976020836e-44,1.928749847963918e-22,1.0,1.928749847963918e-22,0.0,0.0,-0.0,0.0,0.0,-0.0,0.0,0.0,0.0
1.0,0.0,-0.0,0.1,0.5,-0.05,-0.5,0.05,-1.0,-0.0,2.86259361191795e-20,3.720075976020836e-44,2.8625185805493937e-20,1.0,1.2995814250075031e-24,0.0,0.0,-0.0,0.0,0.0,-0.0,0.0,0.0,0.0
1.0,0.0,-0.0,0.2,0.5,-0.1,-0.5,0.1,-1.0,-0.0,4.2483542603471634e-18,3.720075976020836e-44,4.24835425529159e-18,1.0,8.756510762696521e-27,0.0,0.0,-0.0,0.0,0.0,-0.0,0.0,0.0,0.0
1.0,0.0,-0.0,0.3,0.5,-0.15,-0.5,0.15,-1.0,-0.0,6.305116760147326e-16,3.720075976020834e-44,6.305116760146986e-16,0.9999999999999994,5.900090541597059e-29,0.0,0.0,-0.0,0.0,0.0,-0.0,0.0,0.0,0.0
1.0,0.0,-0.0,0.4,0.5,-0.2,-0.5,0.2,-1.0,-0.0,9.357622968839299e-14,3.720075976020488e-44,9.357622968839299e-14,0.9999999999999064,3.975449735908275e-31,0.0,0.0,-0.0,0.0,0.0,-0.0,0.0,0.0,0.0
1.0,0.0,-0.0,0.5,0.5,-0.25,-0.5,0.25,-1.0,-0.0,1.3887943864771149e-11,3.720075975969172e-44,1.3887943864771149e-11,0.9999999999861121,2.6786369617708777e-33,0.0,0.0,-0.0,0.0,0.0,-0.0,0.0,0.0,0.0
1.0,0.0,-0.0,0.6,0.5,-0.3,-0.5,0.3,-1.0,-0.0,2.061153618190204e-09,3.7200759683531887e-44,2.061153618190204e-09,0.9999999979388464,1.8048513841253395e-35,0.0,0.0,-0.0,0.0,0.0,-0.0,0.0,0.0,0.0
1.0,0.0,-0.0,0.7,0.5,-0.35,-0.5,0.35,-1.0,-0.0,3.059022269256248e-07,3.720074838041311e-44,3.059022269256248e-07,0.9999996940977731,1.2160989272453419e-37,0.0,0.0,-0.0,0.0,0.0,-0.0,0.0,0.0,0.0
1.0,0.0,-0.0,0.8,0.5,-0.4,-0.5,0.4,-1.0,-0.0,4.53978687024344e-05,3.719907092500114e-44,4.53978687024344e-05,0.9999546021312975,8.193640633281266e-40,0.0,0.0,-0.0,0.0,0.0,-0.0,0.0,0.0,0.0
1.0,0.0,-0.0,0.9,0.5,-0.45,-0.5,0.45,-1.0,-0.0,0.0066928509242848554,3.695178062086315e-44,0.0066928509242848554,0.993307149075715,5.48413049640767e-42,0.0,0.0,-0.0,0.0,0.0,-0.0,0.0,0.0,0.0
1.0,0.0,0.1,-1.0,0.5,0.5,-0.57071,-0.42929,0.70711,-0.70711,0.6454880654698812,3.1597681329830144e-47,3.1597681329830144e-47,0.9999985570970569,0.0,0.0,7.214580398186446e-07,7.665491673073093e-07,0.0,0.0,0.0,0.0,0.0,-0.0
1.0,0.0,0.1,-0.9,0.5,0.45,-0.55,-0.4,-0.8165,0.57735,0.5773426335852405,2.5065667091353802e-46,3.7200748380413103e-44,0.9999993881955461,0.0,0.0,3.059038397951161e-07,3.25022829782311e-07,0.0,0.0,0.0,0.0,0.0,-0.0
1.0,0.0,0.1,-0.8,0.5,0.4,-0.5366,-0.3634,-0.88807,0.4597,0.4869502918460379,9.572689951822905e-46,2.1085252778811716e-41,0.9999999398757661,-3.3087224502121107e-23,0.0,3.006188895251461e-08,3.19407570120468e-08,0.0,0.0,0.0,0.0,0.0,-0.0
1.0,0.0,0.1,-0.7,0.5,0.35,-0.52808,-0.32192,-0.92941,0.36905,0.40378928567727207,2.244155281102946e-45,7.336182600450563e-39,0.9999999977735397,-6.203854594147708e-25,0.0,1.1132310985259956e-09,1.1828080421838709e-09,0.0,0.0,0.0,0.0,0.0,-0.0
1.0,0.0,0.1,-0.6,0.5,0.3,-0.52247,-0.27753,-0.95302,0.30291,0.3375165561963292,3.932711687291067e-45,1.9080148342549366e-36,0.9999999999539297,-3.2311742677852644e-27,0.0,2.3035182115807046e-11,2.447488099804499e-11,0.0,0.0,0.0,0.0,0.0,-0.0
1.0,0.0,0.1,-0.5,0.5,0.25,-0.51861,-0.23139,-0.96705,0.25457,0.28674752314558766,5.785351878039211e-45,4.165736796095697e-34,0.9999999999993282,3.534096855390133e-28,0.0,3.3588471208000376e-13,3.56877506585004e-13,0.0,0.0,0.0,0.0,0.0,-0.0
1.0,0.0,0.1,-0.4,0.5,0.2,-0.51583,-0.18417,-0.97584,0.21848,0.24773288704507038,7.639477300951023e-45,8.16390799927462e-32,0.999999999999996,3.946291964726985e-15,0.0,-0.0,-0.0,0.0,0.0,0.0,0.0,0.0,-0.0
1.0,0.0,0.1,-0.3,0.5,0.15,-0.51375,-0.13625,-0.98162,0.19082,0.21735493658201835,9.40582506140056e-45,1.491776507748809e-29,1.0,4.030726291347625e-17,0.0,-0.0,-0.0,0.0,0.0,0.0,0.0,0.0,-0.0
1.0,0.0,0.1,-0.2,0.5,0.1,-0.51213,-0.08787,-0.9856,0.1691,0.19314371049559248,1.1059935726521636e-44,2.6033459221875857e-27,1.0,3.7551069501968203e-19,0.0,-0.0,-0.0,0.0,0.0,0.0,0.0,0.0,-0.0
1.0,0.0,0.1,-0.1,0.5,0.05,-0.51085,-0.03915,-0.98843,0.15166,0.17363534596812416,1.257020315961457e-44,4.39130884425631e-25,1.0,3.2683554989011967e-21,0.0,-0.0,-0.0,0.0,0.0,0.0,0.0,0.0,-0.0
1.0,0.0,0.1,-0.0,0.5,0.0,-0.50981,0.00981,-0.99052,0.13739,0.1574804601110411,1.394790314428971e-44,7.231577054439587e-23,1.0,2.711378396192888e-23,0.0,-0.0,-0.0,0.0,0.0,0.0,0.0,0.0,-0.0
1.0,0.0,0.1,0.1,0.5,-0.05,-0.50895,0.05895,-0.99209,0.12551,0.1440998824973373,1.5200513113233796e-44,1.1696468432630941e-20,1.0,2.169783352153865e-25,0.0,-0.0,-0.0,0.0,0.0,0.0,0.0,0.0,-0.0
1.0,0.0,0.1,0.2,0.5,-0.1,-0.50822,0.10822,-0.99331,0.11548,0.132673416204277,1.635165613267799e-44,1.867371213924322e-18,1.0,1.6918075453626968e-27,0.0,-0.0,-0.0,0.0,0.0,0.0,0.0,0.0,-0.0
1.0,0.0,0.1,0.3,0.5,-0.15,-0.5076,0.1576,-0.99427,0.10691,0.12289793455797214,1.7397546399110554e-44,2.948691427098221e-16,0.9999999999999997,1.2904199355416036e-29,0.0,-0.0,-0.0,0.0,0.0,0.0,0.0,0.0,-0.0
1.0,0.0,0.1,0.4,0.5,-0.2,-0.50707,0.20707,-0.99504,0.09951,0.11441739083315276,1.8344488675560913e-44,0.0,0.9999999999999539,-6.659410951372358e-28,0.0,-0.0,4.9028463476041905e-14,0.0,0.0,0.0,0.0,0.0,-0.0
1.0,0.0,0.1,0.5,0.5,-0.25,-0.50661,0.25661,-0.99566,0.09305,0.10712202333726205,1.9208044674132282e-44,0.0,0.9999999999928291,1.1668452066344549e-25,0.0,-0.0,7.619004649472715e-12,0.0,0.0,0.0,0.0,0.0,-0.0
1.0,0.0,0.1,0.6,0.5,-0.3,-0.5062,0.3062,-0.99618,0.08737,0.10051674388649265,2.0011941765110973e-44,0.0,0.9999999988912139,8.196655563860906e-24,0.0,-0.0,1.1780852578013694e-09,0.0,0.0,0.0,0.0,0.0,-0.0
1.0,0.0,0.1,0.7,0.5,-0.35,-0.50584,0.35584,-0.9966,0.08234,0.09492584290763115,2.0745492914456915e-44,0.0,0.999999829409548,6.298139622954998e-21,0.0,-0.0,1.812523552571108e-07,0.0,0.0,0.0,0.0,0.0,-0.0
1.0,0.0,0.1,0.8,0.5,-0.4,-0.50552,0.40552,-0.99696,0.07785,0.08979903698105766,2.1419528313400259e-44,0.0,0.9999738595370836,2.23315517810198e-20,0.0,-0.0,2.77742418486834e-05,0.0,0.0,0.0,0.0,0.0,-0.0
1.0,0.0,0.1,0.9,0.5,-0.45,-0.50523,0.45523,-0.99727,0.07382,0.08476403355850107,2.1962650159293563e-44,0.0,0.9960220389667669,1.0550785817755706e-16,0.0,-0.0,0.004226583597810096,0.0,0.0,0.0,0.0,0.0,-0.0
1.0,0.0,0.2,-1.0,0.5,0.5,-0.64142,-0.35858,0.70711,-0.70711,0.6454889968471826,2.6838562235608637e-50,2.6838562235608637e-50,0.999999999998959,0.0,0.0,5.204977155376438e-13,5.530288227587462e-13,0.0,0.0,0.0,0.0,0.0,-0.0
1.0,0.0,0.2,-0.9,0.5,0.45,-0.61861,-0.33139,-0.76618,0.64262,0.6165134468942625,2.6265456891424e-49,3.898139432528777e-47,0.9999999999993282,5.048709793414476e-29,0.0,3.3588493692312306e-13,3.5687774548081833e-13,0.0,0.0,0.0,0.0,0.0,-0.0
1.0,0.0,0.2,-0.8,0.5,0.4,-0.6,-0.3,-0.8165,0.57735,0.5773429868061432,1.6889118802243744e-48,3.720075976020488e-44,0.9999999999998128,0.0,0.0,9.3576723069064e-14,9.942526826088053e-14,0.0,0.0,0.0,0.0,0.0,-0.0
1.0,0.0,0.2,-0.7,0.5,0.35,-0.58508,-0.26492,-0.85689,0.5155,0.5326361464615857,7.508866060131172e-48,2.4546613598135013e-41,0.999999999999975,1.5777218104420236e-30,0.0,1.246316030220785e-14,1.3242107821095838e-14,0.0,0.0,0.0,0.0,0.0,-0.0
1.0,0.0,0.2,-0.6,0.5,0.3,-0.57321,-0.22679,-0.88807,0.4597,0.486950321123553,2.4608316716618884e-47,1.193909878852441e-38,0.999999999999999,9.019252758501863e-16,0.0,-0.0,-0.0,0.0,0.0,0.0,0.0,0.0,-0.0
1.0,0.0,0.2,-0.5,0.5,0.25,-0.56375,-0.18625,-0.91167,0.41093,0.4434257345753383,6.337595074638722e-47,4.563378953904737e-36,1.0,4.0307262913476533e-17,0.0,-0.0,-0.0,0.0,0.0,0.0,0.0,0.0,-0.0
1.0,0.0,0.2,-0.4,0.5,0.2,-0.55616,-0.14384,-0.92941,0.36905,0.40378928657629287,1.3537984087900809e-46,1.4467332284043463e-33,1.0,1.2392813732182404e-18,0.0,-0.0,-0.0,0.0,0.0,0.0,0.0,0.0,-0.0
1.0,0.0,0.2,-0.3,0.5,0.15,-0.55,-0.1,-0.94281,0.33333,0.36851155819998793,2.506567475899953e-46,3.975449735908647e-31,1.0,2.8625185805493937e-20,0.0,-0.0,-0.0,0.0,0.0,0.0,0.0,0.0,-0.0
1.0,0.0,0.2,-0.2,0.5,0.1,-0.54495,-0.05505,-0.95302,0.30291,0.33751655621187865,4.1533460136243055e-46,9.776364596834305e-29,1.0,5.295577540283431e-22,0.0,-0.0,-0.0,0.0,0.0,0.0,0.0,0.0,-0.0
1.0,0.0,0.2,-0.1,0.5,0.05,-0.54075,-0.00925,-0.9609,0.2769,0.3103998146325044,6.321232959918156e-46,2.2082766563928968e-26,1.0,8.265103317973462e-24,0.0,-0.0,-0.0,0.0,0.0,0.0,0.0,0.0,-0.0
1.0,0.0,0.2,-0.0,0.5,0.0,-0.53723,0.03723,-0.96705,0.25457,0.2867475231457803,8.98821502611841e-46,4.660124813804552e-24,1.0,1.1259502264206092e-25,0.0,-0.0,-0.0,0.0,0.0,0.0,0.0,0.0,-0.0
1.0,0.0,0.2,0.1,0.5,-0.05,-0.53423,0.08423,-0.97193,0.23527,0.2659680177893048,1.2132821217392962e-45,9.335945392819778e-22,1.0,1.3823673643702747e-27,0.0,-0.0,-0.0,0.0,0.0,0.0,0.0,0.0,-0.0
1.0,0.0,0.2,0.2,0.5,-0.1,-0.53166,0.13166,-0.97584,0.21848,0.247732887045069,1.568828534899231e-45,1.7916137802086352e-19,1.0,1.5573220270868832e-29,0.0,-0.0,-0.0,0.0,0.0,0.0,0.0,0.0,-0.0
1.0,0.0,0.2,0.3,0.5,-0.15,-0.52944,0.17944,-0.97902,0.20378,0.2315845662454741,1.958794405451941e-45,3.319939569811629e-17,1.0,1.6358096536967512e-31,0.0,-0.0,-0.0,0.0,0.0,0.0,0.0,0.0,-0.0
1.0,0.0,0.2,0.4,0.5,-0.2,-0.52749,0.22749,-0.98162,0.19082,0.217354936582023,2.3805443612203503e-45,5.988113344052235e-15,0.999999999999994,1.6279280459814428e-33,0.0,-0.0,-0.0,0.0,0.0,0.0,0.0,0.0,-0.0
1.0,0.0,0.2,0.5,0.5,-0.25,-0.52578,0.27578,-0.98379,0.17934,0.20454430696313605,2.8244938622207824e-45,0.0,0.9999999999989455,-5.1054375796661584e-27,0.0,-0.0,1.1203551550277675e-12,0.0,0.0,0.0,0.0,0.0,-0.0
1.0,0.0,0.2,0.6,0.5,-0.3,-0.52426,0.32426,-0.9856,0.1691,0.19314371046040466,3.2881634418484373e-45,0.0,0.9999999998178153,7.60019272695719e-25,0.0,-0.0,1.9357126467540402e-10,0.0,0.0,0.0,0.0,0.0,-0.0
1.0,0.0,0.2,0.7,0.5,-0.35,-0.52291,0.37291,-0.98713,0.15993,0.18287395715031998,3.763423896374903e-45,0.0,0.9999999690533175,-1.1649540411864896e-22,0.0,-0.0,3.288085020980708e-08,0.0,0.0,0.0,0.0,0.0,-0.0
1.0,0.0,0.2,0.8,0.5,-0.4,-0.5217,0.4217,-0.98843,0.15166,0.17363444590692362,4.247472079259896e-45,0.0,0.999994816371082,3.50124417168724e-20,0.0,-0.0,5.507605725430029e-06,0.0,0.0,0.0,0.0,0.0,-0.0
1.0,0.0,0.2,0.9,0.5,-0.45,-0.52061,0.47061,-0.98955,0.14418,0.16505765732545058,4.7325853215368964e-45,0.0,0.9991428156502525,1.2389467716954085e-18,0.0,-0.0,0.0009107583716066683,0.0,0.0,0.0,0.0,0.0,-0.0
1.0,0.0,0.3,-1.0,0.5,0.5,-0.71213,-0.28787,0.70711,-0.70711,0.6454889968478545,2.279622658665737e-53,2.279622658665737e-53,1.0,3.7551069501967736e-19,0.0,-0.0,-0.0,0.0,0.0,0.0,0.0,0.0,-0.0
1.0,0.0,0.3,-0.9,0.5,0.45,-0.6886,-0.2614,-0.74734,0.66444,0.6274862894204982,2.3974959432294526e-52,3.5581994687029473e-50,1.0,2.7985929328369774e-19,0.0,-0.0,-0.0,0.0,0.0,0.0,0.0,0.0,-0.0
1.0,0.0,0.3,-0.8,0.5,0.4,-0.66794,-0.23206,-0.78403,0.62072,0.6043830692531703,1.8923884146140665e-51,4.1682628684985244e-47,1.0,1.17482214112917e-19,0.0,-0.0,-0.0,0.0,0.0,0.0,0.0,0.0,-0.0
1.0,0.0,0.3,-0.7,0.5,0.35,-0.65,-0.2,-0.8165,0.57735,0.5773429868062513,1.1379798735078682e-50,3.7200759760208356e-44,1.0,2.8625185805493937e-20,0.0,-0.0,-0.0,0.0,0.0,0.0,0.0,0.0,-0.0
1.0,0.0,0.3,-0.6,0.5,0.3,-0.63452,-0.16548,-0.84451,0.53554,0.5478574029663164,5.350845841907186e-50,2.5960441684965637e-41,1.0,4.264338003668602e-21,0.0,-0.0,-0.0,0.0,0.0,0.0,0.0,0.0,-0.0
1.0,0.0,0.3,-0.5,0.5,0.25,-0.62122,-0.12878,-0.86824,0.49615,0.5173136525091145,2.0231780288443037e-49,1.4567873030854488e-38,1.0,4.1077360850993204e-22,0.0,-0.0,-0.0,0.0,0.0,0.0,0.0,0.0,-0.0
1.0,0.0,0.3,-0.4,0.5,0.2,-0.60981,-0.09019,-0.88807,0.4597,0.4869503211235529,6.3323382308469435e-49,6.767037154556144e-36,1.0,2.711378396192888e-23,0.0,-0.0,-0.0,0.0,0.0,0.0,0.0,0.0,-0.0
1.0,0.0,0.3,-0.3,0.5,0.15,-0.6,-0.05,-0.90453,0.4264,0.45758078990996953,1.6889118802245324e-48,2.678636961808078e-33,1.0,1.2995814250075031e-24,0.0,-0.0,-0.0,0.0,0.0,0.0,0.0,0.0,-0.0
1.0,0.0,0.3,-0.2,0.5,0.1,-0.59155,-0.00845,-0.91815,0.39624,0.4297448467227765,3.9317493879268086e-48,9.254758788134417e-31,1.0,4.7455741122707474e-26,0.0,-0.0,-0.0,0.0,0.0,0.0,0.0,0.0,-0.0
1.0,0.0,0.3,-0.1,0.5,0.05,-0.58423,0.03423,-0.92941,0.36905,0.40378928657629287,8.175030631217281e-48,2.8558873597418796e-28,1.0,1.3823673643702656e-27,0.0,-0.0,-0.0,0.0,0.0,0.0,0.0,0.0,-0.0
1.0,0.0,0.3,-0.0,0.5,0.0,-0.57787,0.07787,-0.93875,0.34461,0.37976884987856196,1.5441897987822288e-47,8.00616938693398e-26,1.0,3.3233313443910095e-29,0.0,-0.0,-0.0,0.0,0.0,0.0,0.0,0.0,-0.0
1.0,0.0,0.3,0.1,0.5,-0.05,-0.57231,0.12231,-0.94652,0.32265,0.3577160322877561,2.692578731659754e-47,2.0718815149610254e-23,1.0,6.808268863742813e-31,0.0,-0.0,-0.0,0.0,0.0,0.0,0.0,0.0,-0.0
1.0,0.0,0.3,0.2,0.5,-0.1,-0.56742,0.16742,-0.95302,0.30291,0.33751655621187865,4.390746994095488e-47,5.01426551406805e-21,1.0,1.2198439927939777e-32,0.0,-0.0,-0.0,0.0,0.0,0.0,0.0,0.0,-0.0
1.0,0.0,0.3,0.3,0.5,-0.15,-0.5631,0.2131,-0.95849,0.28513,0.31903780382895053,6.76322177679346e-47,1.1462911847048982e-18,1.0,1.9501243929501146e-34,0.0,-0.0,-0.0,0.0,0.0,0.0,0.0,0.0,-0.0
1.0,0.0,0.3,0.4,0.5,-0.2,-0.55927,0.25927,-0.96312,0.26909,0.3021333761508833,9.91946879250308e-47,2.49518153956381e-16,0.9999999999999998,2.8265682626433828e-36,0.0,-0.0,-0.0,0.0,0.0,0.0,0.0,0.0,-0.0
1.0,0.0,0.3,0.5,0.5,-0.25,-0.55584,0.30584,-0.96705,0.25457,0.28674752314576535,1.3978205557299054e-46,0.0,0.9999999999999478,5.101536930727589e-29,0.0,-0.0,5.5445525528047856e-14,0.0,0.0,0.0,0.0,0.0,-0.0
1.0,0.0,0.3,0.6,0.5,-0.3,-0.55277,0.35277,-0.97043,0.2414,0.2725558978176927,1.900114747396903e-46,0.0,0.9999999999894722,1.6624849129372436e-26,0.0,-0.0,1.1185806946239962e-11,0.0,0.0,0.0,0.0,0.0,-0.0
1.0,0.0,0.3,0.7,0.5,-0.35,-0.55,0.4,-0.97333,0.22942,0.2596121089402036,2.5065674707335323e-46,0.0,0.9999999979388464,-1.3625545507790056e-24,0.0,-0.0,2.1899757193270918e-09,0.0,0.0,0.0,0.0,0.0,-0.0
1.0,0.0,0.3,0.8,0.5,-0.4,-0.54749,0.44749,-0.97584,0.21848,0.24773278964165493,3.2217151871189504e-46,0.0,0.9999996068208172,7.823566247469091e-23,0.0,-0.0,4.177528816945896e-07,0.0,0.0,0.0,0.0,0.0,-0.0
1.0,0.0,0.3,0.9,0.5,-0.45,-0.54522,0.49522,-0.97803,0.20847,0.23673753615447093,4.0424100346218475e-46,0.0,0.9999267822895623,-1.4069822531055924e-19,0.0,-0.0,7.779381734005495e-05,0.0,0.0,0.0,0.0,0.0,-0.0
1.0,0.0,0.4,-1.0,0.5,0.5,-0.78284,-0.21716,0.70711,-0.70711,0.6454889968478545,1.9362734189258764e-56,1.9362734189258764e-56,1.0,2.7091293896657594e-25,0.0,-0.0,-0.0,0.0,0.0,0.0,0.0,0.0,-0.0
1.0,0.0,0.4,-0.9,0.5,0.45,-0.75895,-0.19105,-0.73758,0.67526,0.632497798328919,2.1110387283524197e-55,3.1330592666266864e-53,1.0,2.169783352153882e-25,0.0,-0.0,-0.0,0.0,0.0,0.0,0.0,0.0,-0.0
1.0,0.0,0.4,-0.8,0.5,0.4,-0.73723,-0.16277,-0.76618,0.64262,0.6165134468946767,1.852609196034064e-54,4.0806433087588674e-50,1.0,1.1259502264206101e-25,0.0,-0.0,-0.0,0.0,0.0,0.0,0.0,0.0,-0.0
1.0,0.0,0.4,-0.7,0.5,0.35,-0.71762,-0.13238,-0.79256,0.60979,0.5979391033995708,1.3165437463501138e-53,4.303804378438038e-47,1.0,3.8313315955472346e-26,0.0,-0.0,-0.0,0.0,0.0,0.0,0.0,0.0,-0.0
1.0,0.0,0.4,-0.6,0.5,0.3,-0.7,-0.1,-0.8165,0.57735,0.5773429868062513,7.667648073722e-53,3.720075976020836e-44,1.0,8.756510762696521e-27,0.0,-0.0,-0.0,0.0,0.0,0.0,0.0,0.0,-0.0
1.0,0.0,0.4,-0.5,0.5,0.25,-0.68423,-0.06577,-0.83792,0.54579,0.5553838015567626,3.711458164634268e-52,2.6724317153940936e-41,1.0,1.3823673643702638e-27,0.0,-0.0,-0.0,0.0,0.0,0.0,0.0,0.0,-0.0
1.0,0.0,0.4,-0.4,0.5,0.2,-0.67016,-0.02984,-0.85689,0.5155,0.5326361464615991,1.515642956553322e-51,1.619687992987366e-38,1.0,1.5533014039066692e-28,0.0,-0.0,-0.0,0.0,0.0,0.0,0.0,0.0,-0.0
1.0,0.0,0.4,-0.3,0.5,0.15,-0.6576,0.0076,-0.87354,0.48675,0.5096772617973083,5.32194981452618e-51,8.440683998375489e-36,1.0,1.2904199355416198e-29,0.0,-0.0,-0.0,0.0,0.0,0.0,0.0,0.0,-0.0
1.0,0.0,0.4,-0.2,0.5,0.1,-0.64641,0.04641,-0.88807,0.4597,0.4869503211235529,1.6294697411288284e-50,3.8355316981845915e-33,1.0,8.150977696474404e-31,0.0,-0.0,-0.0,0.0,0.0,0.0,0.0,0.0,-0.0
1.0,0.0,0.4,-0.1,0.5,0.05,-0.63642,0.08642,-0.90071,0.43443,0.46476507459309613,4.424930843288018e-50,1.5458173349004972e-30,1.0,4.050024683573845e-32,0.0,-0.0,-0.0,0.0,0.0,0.0,0.0,0.0,-0.0
1.0,0.0,0.4,-0.0,0.5,0.0,-0.62749,0.12749,-0.91167,0.41093,0.4434257345753383,1.0807654679588469e-49,5.603450696832228e-28,1.0,1.6279280459814643e-33,0.0,-0.0,-0.0,0.0,0.0,0.0,0.0,0.0,-0.0
1.0,0.0,0.4,0.1,0.5,-0.05,-0.61949,0.16949,-0.92117,0.38917,0.42306761891003297,2.4052877830437217e-49,1.8508172991390936e-25,1.0,5.432928215452542e-35,0.0,-0.0,-0.0,0.0,0.0,0.0,0.0,0.0,-0.0
1.0,0.0,0.4,0.2,0.5,-0.1,-0.61231,0.21231,-0.92941,0.36905,0.40378928657629287,4.931629972856559e-49,5.631957872838714e-23,1.0,1.5388930323351287e-36,0.0,-0.0,-0.0,0.0,0.0,0.0,0.0,0.0,-0.0
1.0,0.0,0.4,0.3,0.5,-0.15,-0.60584,0.25584,-0.93657,0.35047,0.3856149519026925,9.418440818740721e-49,1.5963214042798904e-20,1.0,3.7819264920130714e-38,0.0,-0.0,-0.0,0.0,0.0,0.0,0.0,0.0,-0.0
1.0,0.0,0.4,0.4,0.5,-0.2,-0.6,0.3,-0.94281,0.33333,0.36851155819998793,1.6889118802245324e-48,4.248354255291589e-18,1.0,8.194012623990516e-40,0.0,-0.0,-0.0,0.0,0.0,0.0,0.0,0.0,-0.0
1.0,0.0,0.4,0.5,0.5,-0.25,-0.59471,0.34471,-0.94825,0.31751,0.3525209772535451,2.866479046958821e-48,1.0701259961051048e-15,0.999999999999999,1.5904051780895257e-41,0.0,-0.0,-0.0,0.0,0.0,0.0,0.0,0.0,-0.0
1.0,0.0,0.4,0.6,0.5,-0.3,-0.5899,0.3899,-0.95302,0.30291,0.33751655621179194,4.637078172617438e-48,0.0,0.9999999999997431,-2.8825835993596164e-29,0.0,-0.0,2.729806781647342e-13,0.0,0.0,0.0,0.0,0.0,-0.0
1.0,0.0,0.4,0.7,0.5,-0.35,-0.58551,0.43551,-0.95721,0.2894,0.3234950397443898,7.192828325062112e-48,0.0,0.9999999999408532,-1.1820904914229493e-25,0.0,-0.0,6.28433886942785e-11,0.0,0.0,0.0,0.0,0.0,-0.0
1.0,0.0,0.4,0.8,0.5,-0.4,-0.58151,0.48151,-0.9609,0.2769,0.3103998105676751,1.0730438801335943e-47,0.0,0.9999999869045372,1.7007602281838742e-23,0.0,-0.0,1.3913929291540492e-08,0.0,0.0,0.0,0.0,0.0,-0.0
1.0,0.0,0.4,0.9,0.5,-0.45,-0.57783,0.52783,-0.96416,0.26532,0.29816974934636153,1.5503745743660464e-47,0.0,0.9999971919009778,7.094070447074103e-21,0.0,-0.0,2.983605211097287e-06,0.0,0.0,0.0,0.0,0.0,-0.0
1.0,0.0,0.5,-1.0,0.5,0.5,-0.85355,-0.14645,0.70711,-0.70711,0.6454889968478545,1.6446383082686047e-59,1.6446383082686047e-59,1.0,1.9545067949572038e-31,0.0,-0.0,-0.0,0.0,0.0,0.0,0.0,0.0,-0.0
1.0,0.0,0.5,-0.9,0.5,0.45,-0.82944,-0.12056,-0.73162,0.68171,0.6353506680562799,1.8329659519692973e-58,2.7203626745922514e-56,1.0,1.6358096536967716e-31,0.0,-0.0,-0.0,0.0,0.0,0.0,0.0,0.0,-0.0
1.0,0.0,0.5,-0.8,0.5,0.4,-0.80707,-0.09293,-0.75499,0.65573,0.6232467635652267,1.7166080858206643e-57,3.781080928541749e-53,1.0,9.667047874263647e-32,0.0,-0.0,-0.0,0.0,0.0,0.0,0.0,0.0,-0.0
1.0,0.0,0.5,-0.7,0.5,0.35,-0.78642,-0.06358,-0.77702,0.62948,0.6093513144286961,1.3535966130219056e-56,4.424930843288018e-50,1.0,4.0500246835738417e-32,0.0,-0.0,-0.0,0.0,0.0,0.0,0.0,0.0,-0.0
1.0,0.0,0.5,-0.6,0.5,0.3,-0.76742,-0.03258,-0.79755,0.60326,0.5939506869803736,9.050004072091123e-56,4.390746994095488e-47,1.0,1.2198439927939784e-32,0.0,-0.0,-0.0,0.0,0.0,0.0,0.0,0.0,-0.0
1.0,0.0,0.5,-0.5,0.5,0.25,-0.75,-0.0,-0.8165,0.57735,0.5773429868062513,5.166420632837861e-55,3.720075976020836e-44,1.0,2.678636961808078e-33,0.0,-0.0,-0.0,0.0,0.0,0.0,0.0,0.0,-0.0
1.0,0.0,0.5,-0.4,0.5,0.2,-0.73406,0.03406,-0.83384,0.55201,0.5598471163156894,2.5436371909275083e-54,2.71825141854671e-41,1.0,4.3749415590876946e-34,0.0,-0.0,-0.0,0.0,0.0,0.0,0.0,0.0,-0.0
1.0,0.0,0.5,-0.3,0.5,0.15,-0.71949,0.06949,-0.84959,0.52744,0.5417923372762772,1.0919989640874786e-53,1.7319250469550719e-38,1.0,5.432928215452532e-35,0.0,-0.0,-0.0,0.0,0.0,0.0,0.0,0.0,-0.0
1.0,0.0,0.5,-0.2,0.5,0.1,-0.7062,0.1062,-0.86382,0.5038,0.5234485901153324,4.124768630692252e-53,9.709097647764653e-36,1.0,5.222955073678537e-36,0.0,-0.0,-0.0,0.0,0.0,0.0,0.0,0.0,-0.0
1.0,0.0,0.5,-0.1,0.5,0.05,-0.69408,0.14408,-0.87661,0.4812,0.5050974233013061,1.3860040678087799e-52,4.841904179160887e-33,1.0,3.973504459785753e-37,0.0,-0.0,-0.0,0.0,0.0,0.0,0.0,0.0,-0.0
1.0,0.0,0.5,-0.0,0.5,0.0,-0.68301,0.18301,-0.88807,0.4597,0.4869503211235529,4.193035085081617e-52,2.1739652187182225e-30,1.0,2.450356523519987e-38,0.0,-0.0,-0.0,0.0,0.0,0.0,0.0,0.0,-0.0
1.0,0.0,0.5,0.1,0.5,-0.05,-0.67291,0.22291,-0.89832,0.43934,0.46915415542807265,1.1512401385601688e-51,8.858545654832841e-28,1.0,1.2446055180892177e-39,0.0,-0.0,-0.0,0.0,0.0,0.0,0.0,0.0,-0.0
1.0,0.0,0.5,0.2,0.5,-0.1,-0.66368,0.26368,-0.90747,0.42012,0.451859786415436,2.897475216237031e-51,3.3089381087504874e-25,1.0,5.312108368995536e-41,0.0,-0.0,-0.0,0.0,0.0,0.0,0.0,0.0,-0.0
1.0,0.0,0.5,0.3,0.5,-0.15,-0.65523,0.30523,-0.91563,0.40202,0.4351727080838038,6.74525802166699e-51,1.1432465271695909e-22,1.0,1.9397787220094254e-42,0.0,-0.0,-0.0,0.0,0.0,0.0,0.0,0.0,-0.0
1.0,0.0,0.5,0.4,0.5,-0.2,-0.64749,0.34749,-0.92291,0.38502,0.4191333438301341,1.4626570071856078e-50,3.679223998165572e-20,1.0,6.145647401985375e-44,0.0,-0.0,-0.0,0.0,0.0,0.0,0.0,0.0,-0.0
1.0,0.0,0.5,0.5,0.5,-0.25,-0.64039,0.39039,-0.92941,0.36905,0.40378928657629287,2.9750315670139254e-50,1.1106512787779131e-17,1.0,1.7131421256088616e-45,0.0,-0.0,-0.0,0.0,0.0,0.0,0.0,0.0,-0.0
1.0,0.0,0.5,0.6,0.5,-0.3,-0.63385,0.43385,-0.93522,0.35407,0.38914505213083167,5.721635263160699e-50,3.1701420414403424e-15,0.9999999999999969,4.269511298626018e-47,0.0,-0.0,-0.0,0.0,0.0,0.0,0.0,0.0,-0.0
1.0,0.0,0.5,0.7,0.5,-0.35,-0.62783,0.47783,-0.94042,0.34002,0.37520491671828987,1.044637104524338e-49,0.0,0.999999999999141,7.845228891205367e-28,0.0,-0.0,9.126943204712402e-13,0.0,0.0,0.0,0.0,0.0,-0.0
1.0,0.0,0.5,0.8,0.5,-0.4,-0.62228,0.52228,-0.94508,0.32685,0.36196013805123833,1.819696186184115e-49,2.5849394142282115e-26,0.9999999997779238,6.868053732540381e-26,0.0,-0.0,2.3595609215439985e-10,0.0,0.0,0.0,0.0,0.0,-0.0
1.0,0.0,0.5,0.9,0.5,-0.45,-0.61714,0.56714,-0.94926,0.3145,0.34941110430074684,3.0424694404385652e-49,0.0,0.9999999448936046,3.498559630357808e-23,0.0,-0.0,5.855054531456439e-08,0.0,0.0,0.0,0.0,0.0,-0.0
1.0,0.0,0.6,-1.0,0.5,0.5,-0.92426,-0.07574,0.70711,-0.70711,0.6454889968478545,1.3969283152815935e-62,1.3969283152815935e-62,1.0,1.4100828207416237e-37,0.0,-0.0,-0.0,0.0,0.0,0.0,0.0,0.0,-0.0
1.0,0.0,0.6,-0.9,0.5,0.45,-0.9,-0.05,-0.72761,0.68599,0.637179166383306,1.580420060273613e-61,2.3455513385429143e-59,1.0,1.2160992992528256e-37,0.0,-0.0,-0.0,0.0,0.0,0.0,0.0,0.0,-0.0
1.0,0.0,0.6,-0.8,0.5,0.4,-0.8772,-0.0228,-0.74734,0.66444,0.6274862894204982,1.545126184210354e-60,3.403366904516958e-56,1.0,7.83212240372507e-38,0.0,-0.0,-0.0,0.0,0.0,0.0,0.0,0.0,-0.0
1.0,0.0,0.6,-0.7,0.5,0.35,-0.85584,0.00584,-0.76618,0.64262,0.6165134468946767,1.3080277738615689e-59,4.27596551642949e-53,1.0,3.781926492013071e-38,0.0,-0.0,-0.0,0.0,0.0,0.0,0.0,0.0,-0.0
1.0,0.0,0.6,-0.6,0.5,0.3,-0.83589,0.03589,-0.78403,0.62072,0.6043830692531703,9.616885759550328e-59,4.665778258765864e-50,1.0,1.3774494077355174e-38,0.0,-0.0,-0.0,0.0,0.0,0.0,0.0,0.0,-0.0
1.0,0.0,0.6,-0.5,0.5,0.25,-0.8173,0.0673,-0.80082,0.59891,0.5912595561495964,6.1714597215453915e-58,4.443753360146073e-47,1.0,3.82217115662199e-39,0.0,-0.0,-0.0,0.0,0.0,0.0,0.0,0.0,-0.0
1.0,0.0,0.6,-0.4,0.5,0.2,-0.8,0.1,-0.8165,0.57735,0.5773429868062513,3.4811068399043105e-57,3.720075976020836e-44,1.0,8.194012623990516e-40,0.0,-0.0,-0.0,0.0,0.0,0.0,0.0,0.0,-0.0
1.0,0.0,0.6,-0.3,0.5,0.15,-0.78394,0.13394,-0.83106,0.55619,0.562809526189734,1.7345798239411158e-56,2.751066934882072e-41,1.0,1.370812623403739e-40,0.0,-0.0,-0.0,0.0,0.0,0.0,0.0,0.0,-0.0
1.0,0.0,0.6,-0.2,0.5,0.1,-0.76904,0.16904,-0.84451,0.53554,0.5478574029663164,7.696496364163251e-56,1.811641850388721e-38,1.0,1.8184578609532388e-41,0.0,-0.0,-0.0,0.0,0.0,0.0,0.0,0.0,-0.0
1.0,0.0,0.6,-0.1,0.5,0.05,-0.75523,0.20523,-0.85689,0.5155,0.5326361464615991,3.0623424041351886e-55,1.0698069961688924e-35,1.0,1.9397787220094254e-42,0.0,-0.0,-0.0,0.0,0.0,0.0,0.0,0.0,-0.0
1.0,0.0,0.6,-0.0,0.5,0.0,-0.74244,0.24244,-0.86824,0.49615,0.5173136525091145,1.1003133706899851e-54,5.704800816194642e-33,1.0,1.6873495744827086e-43,0.0,-0.0,-0.0,0.0,0.0,0.0,0.0,0.0,-0.0
1.0,0.0,0.6,0.1,0.5,-0.05,-0.73059,0.28059,-0.87861,0.47754,0.5020508186810265,3.598780440998523e-54,2.7691842709876724e-30,1.0,1.2162156258795008e-44,0.0,-0.0,-0.0,0.0,0.0,0.0,0.0,0.0,-0.0
1.0,0.0,0.6,0.2,0.5,-0.1,-0.71962,0.31962,-0.88807,0.4597,0.4869503211235529,1.0778948529093332e-53,1.2309638874667488e-27,1.0,7.351572807341415e-46,0.0,-0.0,-0.0,0.0,0.0,0.0,0.0,0.0,-0.0
1.0,0.0,0.6,0.3,0.5,-0.15,-0.70944,0.35944,-0.89669,0.44265,0.47209519865210253,2.98323991190899e-53,5.056261240190178e-25,1.0,3.7942978376825086e-47,0.0,-0.0,-0.0,0.0,0.0,0.0,0.0,0.0,-0.0
1.0,0.0,0.6,0.4,0.5,-0.2,-0.7,0.4,-0.90453,0.4264,0.45758078990996953,7.667648073722e-53,1.9287498479639178e-22,1.0,1.6889118802245324e-48,0.0,-0.0,-0.0,0.0,0.0,0.0,0.0,0.0,-0.0
1.0,0.0,0.6,0.5,0.5,-0.25,-0.69124,0.44124,-0.91167,0.41093,0.4434257345753383,1.841213445834524e-52,6.87369536106045e-20,1.0,6.561732375359629e-50,0.0,-0.0,-0.0,0.0,0.0,0.0,0.0,0.0,-0.0
1.0,0.0,0.6,0.6,0.5,-0.3,-0.6831,0.4831,-0.91815,0.39624,0.4297448467227765,4.155467078927274e-52,2.302387391511477e-17,1.0,2.2520473655054407e-51,0.0,-0.0,-0.0,0.0,0.0,0.0,0.0,0.0,-0.0
1.0,0.0,0.6,0.7,0.5,-0.35,-0.67552,0.52552,-0.92405,0.38228,0.41651265927415143,8.867783126279154e-52,7.291989339791201e-15,0.9999999999999927,6.910278415761242e-53,0.0,-0.0,-0.0,0.0,0.0,0.0,0.0,0.0,-0.0
1.0,0.0,0.6,0.8,0.5,-0.4,-0.66847,0.56847,-0.92941,0.36905,0.40378928657540847,1.7947033482691187e-51,0.0,0.9999999999978098,-1.2851018262786829e-27,0.0,-0.0,2.3271532459603234e-12,0.0,0.0,0.0,0.0,0.0,-0.0
1.0,0.0,0.6,0.9,0.5,-0.45,-0.66189,0.61189,-0.9343,0.3565,0.3915199791872783,3.4654404621567023e-51,0.0,0.9999999993723259,9.957658414813608e-26,0.0,-0.0,6.66903752976342e-10,0.0,0.0,0.0,0.0,0.0,-0.0
1.0,0.0,0.7,-1.0,0.5,0.5,-0.99497,-0.00503,0.70711,-0.70711,0.6454889968478545,1.186527583739564e-65,1.186527583739564e-65,1.0,1.0173070600116236e-43,0.0,-0.0,-0.0,0.0,0.0,0.0,0.0,0.0,-0.0
1.0,0.0,0.7,-0.9,0.5,0.45,-0.97061,0.02061,-0.72472,0.68904,0.6384583185833229,1.355873575302464e-64,2.0122948065434397e-62,1.0,8.950810543789363e-44,0.0,-0.0,-0.0,0.0,0.0,0.0,0.0,0.0,-0.0
1.0,0.0,0.7,-0.8,0.5,0.4,-0.94749,0.04749,-0.74179,0.67063,0.6303915130336606,1.368699280597488e-63,3.0147607887457125e-59,1.0,6.145647401985303e-44,0.0,-0.0,-0.0,0.0,0.0,0.0,0.0,0.0,-0.0
1.0,0.0,0.7,-0.7,0.5,0.35,-0.92562,0.07562,-0.75823,0.65199,0.6213536268305752,1.2192985881084231e-62,3.9859082667571515e-56,1.0,3.286240123769037e-44,0.0,-0.0,-0.0,0.0,0.0,0.0,0.0,0.0,-0.0
1.0,0.0,0.7,-0.6,0.5,0.3,-0.90498,0.10498,-0.77396,0.63323,0.6114437787948984,9.60492286649572e-62,4.659974279419359e-53,1.0,1.374024591986676e-44,0.0,-0.0,-0.0,0.0,0.0,0.0,0.0,0.0,-0.0
1.0,0.0,0.7,-0.5,0.5,0.25,-0.88551,0.13551,-0.78894,0.61447,0.6007245282199467,6.730777554950599e-61,4.846489603065541e-50,1.0,4.5463703290687157e-45,0.0,-0.0,-0.0,0.0,0.0,0.0,0.0,0.0,-0.0
1.0,0.0,0.7,-0.4,0.5,0.2,-0.8672,0.1672,-0.80313,0.59581,0.5893136664432616,4.2000884292152687e-60,4.488413823896398e-47,1.0,1.1928306556684291e-45,0.0,-0.0,-0.0,0.0,0.0,0.0,0.0,0.0,-0.0
1.0,0.0,0.7,-0.3,0.5,0.15,-0.85,0.2,-0.8165,0.57735,0.5773429868062513,2.3455513385429143e-59,3.720075976020836e-44,1.0,2.5065674758999535e-46,0.0,-0.0,-0.0,0.0,0.0,0.0,0.0,0.0,-0.0
1.0,0.0,0.7,-0.2,0.5,0.1,-0.83385,0.23385,-0.82905,0.55918,0.564915672997007,1.1793169248935986e-58,2.7759382905149356e-41,1.0,4.269511298626062e-47,0.0,-0.0,-0.0,0.0,0.0,0.0,0.0,0.0,-0.0
1.0,0.0,0.7,-0.1,0.5,0.05,-0.81871,0.26871,-0.84078,0.54138,0.5521605828912194,5.359846805734809e-58,1.8724234113813545e-38,1.0,5.942229880662166e-48,0.0,-0.0,-0.0,0.0,0.0,0.0,0.0,0.0,-0.0
1.0,0.0,0.7,-0.0,0.5,0.0,-0.80453,0.30453,-0.85171,0.52401,0.5391877658626376,2.2130027432181382e-57,1.1473767557541438e-35,1.0,6.8255270170707666e-49,0.0,-0.0,-0.0,0.0,0.0,0.0,0.0,0.0,-0.0
1.0,0.0,0.7,0.1,0.5,-0.05,-0.79124,0.34124,-0.86188,0.50712,0.5260651289822471,8.35909611186289e-57,6.43214495914685e-33,1.0,6.561732375359581e-50,0.0,-0.0,-0.0,0.0,0.0,0.0,0.0,0.0,-0.0
1.0,0.0,0.7,0.2,0.5,-0.1,-0.77879,0.37879,-0.8713,0.49075,0.5129459719456876,2.9030595777890335e-56,3.3153154909102766e-30,1.0,5.3326043651543576e-51,0.0,-0.0,-0.0,0.0,0.0,0.0,0.0,0.0,-0.0
1.0,0.0,0.7,0.3,0.5,-0.15,-0.76714,0.41714,-0.88002,0.47494,0.499870952848322,9.306985131734889e-56,1.5774308997664356e-27,1.0,3.692947189812682e-52,0.0,-0.0,-0.0,0.0,0.0,0.0,0.0,0.0,-0.0
1.0,0.0,0.7,0.4,0.5,-0.2,-0.75622,0.45622,-0.88807,0.4597,0.4869503211235529,2.7736943020167396e-55,6.977057908601054e-25,1.0,2.2100384834070777e-53,0.0,-0.0,-0.0,0.0,0.0,0.0,0.0,0.0,-0.0
1.0,0.0,0.7,0.5,0.5,-0.25,-0.74599,0.49599,-0.89551,0.44504,0.47418872805496814,7.715105147351241e-55,2.8802354545811806e-22,1.0,1.1521099744832575e-54,0.0,-0.0,-0.0,0.0,0.0,0.0,0.0,0.0,-0.0
1.0,0.0,0.7,0.6,0.5,-0.3,-0.7364,0.5364,-0.90237,0.43096,0.46167551736149737,2.012937346391946e-54,1.115292571980089e-19,1.0,5.284432359886051e-56,0.0,-0.0,-0.0,0.0,0.0,0.0,0.0,0.0,-0.0
1.0,0.0,0.7,0.7,0.5,-0.35,-0.7274,0.5774,-0.90869,0.41747,0.4494477337883686,4.9510269597496015e-54,4.07123576404618e-17,1.0,2.154051097635522e-57,0.0,-0.0,-0.0,0.0,0.0,0.0,0.0,0.0,-0.0
1.0,0.0,0.7,0.8,0.5,-0.4,-0.71895,0.61895,-0.91452,0.40454,0.43751834143494533,1.1525880921636179e-53,1.4066223046679945e-14,0.9999999999999859,7.865770415569434e-59,0.0,-0.0,-0.0,0.0,0.0,0.0,0.0,0.0,-0.0
1.0,0.0,0.7,0.9,0.5,-0.45,-0.71102,0.66102,-0.91989,0.39217,0.42593260354850193,2.547238748331372e-53,0.0,0.9999999999953864,-2.744803721597922e-27,0.0,-0.0,4.902012022828795e-12,0.0,0.0,0.0,0.0,0.0,-0.0
1.0,0.0,0.8,-1.0,0.5,0.5,-1.06569,0.06569,0.70711,-0.70711,0.6454889968478545,1.0068094028673375e-68,1.0068094028673375e-68,1.0,7.324717954833916e-50,0.0,-0.0,-0.0,0.0,0.0,0.0,0.0,0.0,-0.0
1.0,0.0,0.8,-0.9,0.5,0.45,-1.04124,0.09124,-0.72255,0.69132,0.6393886828944564,1.1609065756339248e-67,1.7229381231278507e-65,1.0,6.561732375359641e-50,0.0,-0.0,-0.0,0.0,0.0,0.0,0.0,0.0,-0.0
1.0,0.0,0.8,-0.8,0.5,0.4,-1.01789,0.11789,-0.73758,0.67526,0.632497798328919,1.1991537954752323e-66,2.641312005874785e-62,1.0,4.717385137074736e-50,0.0,-0.0,-0.0,0.0,0.0,0.0,0.0,0.0,-0.0
1.0,0.0,0.8,-0.7,0.5,0.35,-0.99564,0.14564,-0.75214,0.659,0.6248580859351053,1.1096349025669682e-65,3.6274157735928167e-59,1.0,2.7216944603269837e-50,0.0,-0.0,-0.0,0.0,0.0,0.0,0.0,0.0,-0.0
1.0,0.0,0.8,-0.6,0.5,0.3,-0.97446,0.17446,-0.76618,0.64262,0.6165134468946767,9.226050369275459e-65,4.476158530270095e-56,1.0,1.2677639123766187e-50,0.0,-0.0,-0.0,0.0,0.0,0.0,0.0,0.0,-0.0
1.0,0.0,0.8,-0.5,0.5,0.25,-0.95433,0.20433,-0.77967,0.62619,0.6075083344413816,6.906382275988604e-64,4.9729336056806545e-53,1.0,4.7866928390079313e-51,0.0,-0.0,-0.0,0.0,0.0,0.0,0.0,0.0,-0.0
1.0,0.0,0.8,-0.4,0.5,0.2,-0.93523,0.23523,-0.79256,0.60979,0.5979391033995708,4.66394127863535e-63,4.984108992385936e-50,1.0,1.4708489376414198e-51,0.0,-0.0,-0.0,0.0,0.0,0.0,0.0,0.0,-0.0
1.0,0.0,0.8,-0.3,0.5,0.15,-0.91714,0.26714,-0.80484,0.59349,0.5878585069535276,2.8470283486736936e-62,4.515425260114171e-47,1.0,3.692947189812682e-52,0.0,-0.0,-0.0,0.0,0.0,0.0,0.0,0.0,-0.0
1.0,0.0,0.8,-0.2,0.5,0.1,-0.9,0.3,-0.8165,0.57735,0.5773429868062513,1.580420060273613e-61,3.720075976020836e-44,1.0,7.667648073722e-53,0.0,-0.0,-0.0,0.0,0.0,0.0,0.0,0.0,-0.0
1.0,0.0,0.8,-0.1,0.5,0.05,-0.88379,0.33379,-0.82752,0.56143,0.5665061820051572,7.993995302308608e-61,2.792643987231114e-41,1.0,1.3218204677426887e-53,0.0,-0.0,-0.0,0.0,0.0,0.0,0.0,0.0,-0.0
1.0,0.0,0.8,-0.0,0.5,0.0,-0.86847,0.36847,-0.83792,0.54579,0.5553838015567626,3.699159307495605e-60,1.917905171269679e-38,1.0,1.9071214703482707e-54,0.0,-0.0,-0.0,0.0,0.0,0.0,0.0,0.0,-0.0
1.0,0.0,0.8,0.1,0.5,-0.05,-0.85399,0.40399,-0.84771,0.53047,0.5440546798072072,1.5738431377094225e-59,1.2110384985691343e-35,1.0,2.3260699219508068e-55,0.0,-0.0,-0.0,0.0,0.0,0.0,0.0,0.0,-0.0
1.0,0.0,0.8,0.2,0.5,-0.1,-0.84031,0.44031,-0.85689,0.5155,0.5326361464615991,6.181249816168505e-59,7.059032968361273e-33,1.0,2.4175755705902715e-56,0.0,-0.0,-0.0,0.0,0.0,0.0,0.0,0.0,-0.0
1.0,0.0,0.8,0.3,0.5,-0.15,-0.8274,0.4774,-0.86549,0.50092,0.5211623600578433,2.24776276224804e-58,3.8097089297202656e-30,1.0,2.154051097635568e-57,0.0,-0.0,-0.0,0.0,0.0,0.0,0.0,0.0,-0.0
1.0,0.0,0.8,0.4,0.5,-0.2,-0.81521,0.51521,-0.87354,0.48675,0.5096772617973083,7.605984667449561e-58,1.9132387962920886e-27,1.0,1.6618565709712157e-58,0.0,-0.0,-0.0,0.0,0.0,0.0,0.0,0.0,-0.0
1.0,0.0,0.8,0.5,0.5,-0.25,-0.80369,0.55369,-0.88106,0.47301,0.49824715476954895,2.406925725602215e-57,8.985636201994098e-25,1.0,1.1213356132374288e-59,0.0,-0.0,-0.0,0.0,0.0,0.0,0.0,0.0,-0.0
1.0,0.0,0.8,0.6,0.5,-0.3,-0.79282,0.59282,-0.88807,0.4597,0.4869503211235529,7.137412392567806e-57,3.9545706868908823e-22,1.0,6.643843740842392e-61,0.0,-0.0,-0.0,0.0,0.0,0.0,0.0,0.0,-0.0
1.0,0.0,0.8,0.7,0.5,-0.35,-0.78255,0.63255,-0.89461,0.44684,0.4757802847602924,1.9932474790707383e-56,1.639049936378875e-19,1.0,3.4913056068160614e-62,0.0,-0.0,-0.0,0.0,0.0,0.0,0.0,0.0,-0.0
1.0,0.0,0.8,0.8,0.5,-0.4,-0.77284,0.67284,-0.90071,0.43443,0.4647650745930962,5.263336849594479e-56,6.423393630349588e-17,1.0,1.6402699937557543e-63,0.0,-0.0,-0.0,0.0,0.0,0.0,0.0,0.0,-0.0
1.0,0.0,0.8,0.9,0.5,-0.45,-0.76366,0.71366,-0.90638,0.42246,0.4539998502689743,1.3180852491413524e-55,0.0,0.9999999999999761,-1.7428221619541437e-29,0.0,-0.0,2.5365779876883548e-14,0.0,0.0,0.0,0.0,0.0,-0.0
1.0,0.0,0.9,-1.0,0.5,0.5,-1.1364,0.1364,0.70711,-0.70711,0.6454889968478545,8.551670941179581e-72,8.551670941179581e-72,1.0,5.284432359886061e-56,0.0,-0.0,-0.0,0.0,0.0,0.0,0.0,0.0,-0.0
1.0,0.0,0.9,-0.9,0.5,0.45,-1.11189,0.16189,-0.72085,0.69309,0.6401105155798267,9.919887718937553e-71,1.4722418743103748e-68,1.0,4.791124806052404e-56,0.0,-0.0,-0.0,0.0,0.0,0.0,0.0,0.0,-0.0
1.0,0.0,0.9,-0.8,0.5,0.4,-1.08836,0.18836,-0.73428,0.67885,0.6340919274163619,1.0432818990036088e-69,2.2979813062743983e-65,1.0,3.570712685521679e-56,0.0,-0.0,-0.0,0.0,0.0,0.0,0.0,0.0,-0.0
1.0,0.0,0.9,-0.7,0.5,0.35,-1.0658,0.2158,-0.74734,0.66444,0.6274862894204982,9.957951886736215e-69,3.255271771198212e-62,1.0,2.191892240817885e-56,0.0,-0.0,-0.0,0.0,0.0,0.0,0.0,0.0,-0.0
1.0,0.0,0.9,-0.6,0.5,0.3,-1.0442,0.2442,-0.76001,0.64991,0.6203003410424285,8.634677160624654e-68,4.189244831934914e-59,1.0,1.1104498546326418e-56,0.0,-0.0,-0.0,0.0,0.0,0.0,0.0,0.0,-0.0
1.0,0.0,0.9,-0.5,0.5,0.25,-1.02356,0.27356,-0.77225,0.63532,0.6125803287665932,6.80189486920971e-67,4.897697553609266e-56,1.0,4.6429516741562654e-57,0.0,-0.0,-0.0,0.0,0.0,0.0,0.0,0.0,-0.0
1.0,0.0,0.9,-0.4,0.5,0.2,-1.00383,0.30383,-0.78403,0.62072,0.6043830692531703,4.892072988118484e-66,5.22790136384906e-53,1.0,1.61825806249295e-57,0.0,-0.0,-0.0,0.0,0.0,0.0,0.0,0.0,-0.0
1.0,0.0,0.9,-0.3,0.5,0.15,-0.98502,0.33502,-0.79534,0.60616,0.5957418746270556,3.209230037339907e-65,5.089882010789425e-50,1.0,4.6923587774716145e-58,0.0,-0.0,-0.0,0.0,0.0,0.0,0.0,0.0,-0.0
1.0,0.0,0.9,-0.2,0.5,0.1,-0.96708,0.36708,-0.80617,0.59169,0.5867002658780551,1.9298570862866515e-64,4.542599252128974e-47,1.0,1.1433189515994715e-58,0.0,-0.0,-0.0,0.0,0.0,0.0,0.0,0.0,-0.0
1.0,0.0,0.9,-0.1,0.5,0.05,-0.95,0.4,-0.8165,0.57735,0.5773429868062513,1.0648786602415064e-63,3.7200759760208356e-44,1.0,2.3455513385429143e-59,0.0,-0.0,-0.0,0.0,0.0,0.0,0.0,0.0,-0.0
1.0,0.0,0.9,-0.0,0.5,0.0,-0.93374,0.43374,-0.82633,0.56319,0.5677137480367827,5.413310665369341e-63,2.8066421734699783e-41,1.0,4.084117128105455e-60,0.0,-0.0,-0.0,0.0,0.0,0.0,0.0,0.0,-0.0
1.0,0.0,0.9,0.1,0.5,-0.05,-0.91827,0.46827,-0.83566,0.54924,0.5578802389030005,2.54282524898692e-62,1.9566494257735632e-38,1.0,6.072015984824939e-61,0.0,-0.0,-0.0,0.0,0.0,0.0,0.0,0.0,-0.0
1.0,0.0,0.9,0.2,0.5,-0.1,-0.90356,0.50356,-0.84451,0.53554,0.5478574029663164,1.1070409806922194e-61,1.264248980779317e-35,1.0,7.754518964532811e-62,0.0,-0.0,-0.0,0.0,0.0,0.0,0.0,0.0,-0.0
1.0,0.0,0.9,0.3,0.5,-0.15,-0.88958,0.53958,-0.85288,0.52211,0.5377265593219719,4.48030297566476e-61,7.593617325153815e-33,1.0,8.557951567250842e-63,0.0,-0.0,-0.0,0.0,0.0,0.0,0.0,0.0,-0.0
1.0,0.0,0.9,0.4,0.5,-0.2,-0.87629,0.57629,-0.86078,0.50897,0.5275467776025239,1.6923288187788728e-60,4.256949354667332e-30,1.0,8.22720175674999e-64,0.0,-0.0,-0.0,0.0,0.0,0.0,0.0,0.0,-0.0
1.0,0.0,0.9,0.5,0.5,-0.25,-0.86366,0.61366,-0.86824,0.49615,0.5173136525091145,5.984097773198617e-60,2.2340085119856465e-27,1.0,6.931186735279606e-65,0.0,-0.0,-0.0,0.0,0.0,0.0,0.0,0.0,-0.0
1.0,0.0,0.9,0.6,0.5,-0.3,-0.85166,0.65166,-0.87526,0.48366,0.5071182289274783,1.9867904284106876e-59,1.1008055520751026e-24,1.0,5.148040401009462e-66,0.0,-0.0,-0.0,0.0,0.0,0.0,0.0,0.0,-0.0
1.0,0.0,0.9,0.7,0.5,-0.35,-0.84026,0.69026,-0.88186,0.47151,0.4969950949119858,6.212233459809192e-59,5.108327472621687e-22,1.0,3.391258971936998e-67,0.0,-0.0,-0.0,0.0,0.0,0.0,0.0,0.0,-0.0
1.0,0.0,0.9,0.8,0.5,-0.4,-0.82942,0.72942,-0.88807,0.4597,0.4869503211235529,1.8366355522502826e-58,2.2414360784275117e-19,1.0,1.9972801371622148e-68,0.0,-0.0,-0.0,0.0,0.0,0.0,0.0,0.0,-0.0
1.0,0.0,0.9,0.9,0.5,-0.45,-0.81912,0.76912,-0.89391,0.44825,0.47699742125299616,5.144537096202021e-58,9.317986652013507e-17,1.0,1.0558766994571311e-69,0.0,-0.0,-0.0,0.0,0.0,0.0,0.0,0.0,-0.0
